ISO-10303-21;
HEADER;
/* Generated by software containing ST-Developer
 * from STEP Tools, Inc. (www.steptools.com) 
 */
/* OPTION: using custom renumber hook */

FILE_DESCRIPTION(
/* description */ ('STEP AP242 Edition 2',
'CAx-IF Rec.Pracs.---Representation and Presentation of Product Manufa
cturing Information (PMI)---4.0---2014-10-13',
'CAx-IF Rec.Pracs.---3D Tessellated Geometry---0.4---2014-09-14','2;1',
'CAx-IF Rec.Pracs.---User Defined Attributes---1.5---2016-08-15'),
/* implementation_level */ '2;1');

FILE_NAME(
/* name */ 'Keyboard v2 - Bottom',
/* time_stamp */ '2026-07-30T04:05:04Z',
/* author */ (''),
/* organization */ (''),
/* preprocessor_version */ 'ST-DEVELOPER v20',
/* originating_system */ 'ONSHAPE BY PTC INC, 1.218',
/* authorisation */ '  ');

FILE_SCHEMA (('AP242_MANAGED_MODEL_BASED_3D_ENGINEERING_MIM_LF { 1 0 10303 442 3 1 4 }'));
ENDSEC;

DATA;
#10=SHAPE_REPRESENTATION_RELATIONSHIP('','',#1708,#11);
#11=ADVANCED_BREP_SHAPE_REPRESENTATION('',(#1706),#2782);
#12=CONICAL_SURFACE('',#1744,0.0045,0.785398163397466);
#13=CONICAL_SURFACE('',#1747,0.0045,0.78539816339746);
#14=CONICAL_SURFACE('',#1750,0.0045,0.785398163397448);
#15=CONICAL_SURFACE('',#1753,0.0045,0.785398163397448);
#16=LINE('',#2315,#205);
#17=LINE('',#2319,#206);
#18=LINE('',#2321,#207);
#19=LINE('',#2323,#208);
#20=LINE('',#2327,#209);
#21=LINE('',#2331,#210);
#22=LINE('',#2342,#211);
#23=LINE('',#2346,#212);
#24=LINE('',#2355,#213);
#25=LINE('',#2359,#214);
#26=LINE('',#2368,#215);
#27=LINE('',#2372,#216);
#28=LINE('',#2374,#217);
#29=LINE('',#2376,#218);
#30=LINE('',#2378,#219);
#31=LINE('',#2380,#220);
#32=LINE('',#2384,#221);
#33=LINE('',#2386,#222);
#34=LINE('',#2388,#223);
#35=LINE('',#2392,#224);
#36=LINE('',#2394,#225);
#37=LINE('',#2396,#226);
#38=LINE('',#2400,#227);
#39=LINE('',#2402,#228);
#40=LINE('',#2406,#229);
#41=LINE('',#2410,#230);
#42=LINE('',#2412,#231);
#43=LINE('',#2414,#232);
#44=LINE('',#2416,#233);
#45=LINE('',#2420,#234);
#46=LINE('',#2422,#235);
#47=LINE('',#2426,#236);
#48=LINE('',#2430,#237);
#49=LINE('',#2431,#238);
#50=LINE('',#2434,#239);
#51=LINE('',#2436,#240);
#52=LINE('',#2438,#241);
#53=LINE('',#2440,#242);
#54=LINE('',#2442,#243);
#55=LINE('',#2444,#244);
#56=LINE('',#2446,#245);
#57=LINE('',#2448,#246);
#58=LINE('',#2450,#247);
#59=LINE('',#2452,#248);
#60=LINE('',#2454,#249);
#61=LINE('',#2456,#250);
#62=LINE('',#2458,#251);
#63=LINE('',#2460,#252);
#64=LINE('',#2462,#253);
#65=LINE('',#2464,#254);
#66=LINE('',#2466,#255);
#67=LINE('',#2468,#256);
#68=LINE('',#2470,#257);
#69=LINE('',#2472,#258);
#70=LINE('',#2474,#259);
#71=LINE('',#2476,#260);
#72=LINE('',#2478,#261);
#73=LINE('',#2480,#262);
#74=LINE('',#2482,#263);
#75=LINE('',#2484,#264);
#76=LINE('',#2486,#265);
#77=LINE('',#2488,#266);
#78=LINE('',#2490,#267);
#79=LINE('',#2492,#268);
#80=LINE('',#2494,#269);
#81=LINE('',#2496,#270);
#82=LINE('',#2498,#271);
#83=LINE('',#2500,#272);
#84=LINE('',#2502,#273);
#85=LINE('',#2504,#274);
#86=LINE('',#2506,#275);
#87=LINE('',#2508,#276);
#88=LINE('',#2510,#277);
#89=LINE('',#2512,#278);
#90=LINE('',#2514,#279);
#91=LINE('',#2516,#280);
#92=LINE('',#2518,#281);
#93=LINE('',#2520,#282);
#94=LINE('',#2522,#283);
#95=LINE('',#2524,#284);
#96=LINE('',#2526,#285);
#97=LINE('',#2528,#286);
#98=LINE('',#2530,#287);
#99=LINE('',#2532,#288);
#100=LINE('',#2542,#289);
#101=LINE('',#2543,#290);
#102=LINE('',#2545,#291);
#103=LINE('',#2549,#292);
#104=LINE('',#2551,#293);
#105=LINE('',#2553,#294);
#106=LINE('',#2583,#295);
#107=LINE('',#2585,#296);
#108=LINE('',#2587,#297);
#109=LINE('',#2589,#298);
#110=LINE('',#2591,#299);
#111=LINE('',#2593,#300);
#112=LINE('',#2595,#301);
#113=LINE('',#2597,#302);
#114=LINE('',#2599,#303);
#115=LINE('',#2601,#304);
#116=LINE('',#2603,#305);
#117=LINE('',#2605,#306);
#118=LINE('',#2607,#307);
#119=LINE('',#2609,#308);
#120=LINE('',#2611,#309);
#121=LINE('',#2613,#310);
#122=LINE('',#2615,#311);
#123=LINE('',#2617,#312);
#124=LINE('',#2619,#313);
#125=LINE('',#2621,#314);
#126=LINE('',#2623,#315);
#127=LINE('',#2625,#316);
#128=LINE('',#2627,#317);
#129=LINE('',#2629,#318);
#130=LINE('',#2631,#319);
#131=LINE('',#2633,#320);
#132=LINE('',#2635,#321);
#133=LINE('',#2637,#322);
#134=LINE('',#2639,#323);
#135=LINE('',#2641,#324);
#136=LINE('',#2643,#325);
#137=LINE('',#2645,#326);
#138=LINE('',#2647,#327);
#139=LINE('',#2649,#328);
#140=LINE('',#2651,#329);
#141=LINE('',#2653,#330);
#142=LINE('',#2655,#331);
#143=LINE('',#2657,#332);
#144=LINE('',#2659,#333);
#145=LINE('',#2661,#334);
#146=LINE('',#2663,#335);
#147=LINE('',#2665,#336);
#148=LINE('',#2667,#337);
#149=LINE('',#2669,#338);
#150=LINE('',#2671,#339);
#151=LINE('',#2673,#340);
#152=LINE('',#2675,#341);
#153=LINE('',#2677,#342);
#154=LINE('',#2679,#343);
#155=LINE('',#2681,#344);
#156=LINE('',#2683,#345);
#157=LINE('',#2685,#346);
#158=LINE('',#2687,#347);
#159=LINE('',#2689,#348);
#160=LINE('',#2691,#349);
#161=LINE('',#2693,#350);
#162=LINE('',#2695,#351);
#163=LINE('',#2697,#352);
#164=LINE('',#2699,#353);
#165=LINE('',#2701,#354);
#166=LINE('',#2703,#355);
#167=LINE('',#2705,#356);
#168=LINE('',#2707,#357);
#169=LINE('',#2709,#358);
#170=LINE('',#2711,#359);
#171=LINE('',#2713,#360);
#172=LINE('',#2715,#361);
#173=LINE('',#2717,#362);
#174=LINE('',#2719,#363);
#175=LINE('',#2721,#364);
#176=LINE('',#2723,#365);
#177=LINE('',#2725,#366);
#178=LINE('',#2727,#367);
#179=LINE('',#2729,#368);
#180=LINE('',#2731,#369);
#181=LINE('',#2733,#370);
#182=LINE('',#2735,#371);
#183=LINE('',#2737,#372);
#184=LINE('',#2739,#373);
#185=LINE('',#2741,#374);
#186=LINE('',#2743,#375);
#187=LINE('',#2745,#376);
#188=LINE('',#2747,#377);
#189=LINE('',#2749,#378);
#190=LINE('',#2751,#379);
#191=LINE('',#2753,#380);
#192=LINE('',#2755,#381);
#193=LINE('',#2757,#382);
#194=LINE('',#2759,#383);
#195=LINE('',#2761,#384);
#196=LINE('',#2763,#385);
#197=LINE('',#2765,#386);
#198=LINE('',#2767,#387);
#199=LINE('',#2769,#388);
#200=LINE('',#2771,#389);
#201=LINE('',#2773,#390);
#202=LINE('',#2775,#391);
#203=LINE('',#2777,#392);
#204=LINE('',#2779,#393);
#205=VECTOR('',#1860,1.);
#206=VECTOR('',#1863,1.);
#207=VECTOR('',#1866,1.);
#208=VECTOR('',#1867,1.);
#209=VECTOR('',#1870,1.);
#210=VECTOR('',#1873,1.);
#211=VECTOR('',#1888,1.);
#212=VECTOR('',#1891,1.);
#213=VECTOR('',#1904,1.);
#214=VECTOR('',#1907,1.);
#215=VECTOR('',#1920,1.);
#216=VECTOR('',#1923,1.);
#217=VECTOR('',#1926,1.);
#218=VECTOR('',#1927,1.);
#219=VECTOR('',#1928,1.);
#220=VECTOR('',#1931,1.);
#221=VECTOR('',#1936,1.);
#222=VECTOR('',#1937,1.);
#223=VECTOR('',#1940,1.);
#224=VECTOR('',#1945,1.);
#225=VECTOR('',#1946,1.);
#226=VECTOR('',#1949,1.);
#227=VECTOR('',#1954,1.);
#228=VECTOR('',#1955,1.);
#229=VECTOR('',#1962,1.);
#230=VECTOR('',#1965,1.);
#231=VECTOR('',#1968,1.);
#232=VECTOR('',#1969,1.);
#233=VECTOR('',#1972,1.);
#234=VECTOR('',#1977,1.);
#235=VECTOR('',#1978,1.);
#236=VECTOR('',#1983,1.);
#237=VECTOR('',#1986,1.);
#238=VECTOR('',#1987,1.);
#239=VECTOR('',#1988,1.);
#240=VECTOR('',#1989,1.);
#241=VECTOR('',#1990,1.);
#242=VECTOR('',#1991,1.);
#243=VECTOR('',#1992,1.);
#244=VECTOR('',#1993,1.);
#245=VECTOR('',#1994,1.);
#246=VECTOR('',#1995,1.);
#247=VECTOR('',#1996,1.);
#248=VECTOR('',#1997,1.);
#249=VECTOR('',#1998,1.);
#250=VECTOR('',#1999,1.);
#251=VECTOR('',#2000,1.);
#252=VECTOR('',#2001,1.);
#253=VECTOR('',#2002,1.);
#254=VECTOR('',#2003,1.);
#255=VECTOR('',#2004,1.);
#256=VECTOR('',#2005,1.);
#257=VECTOR('',#2006,1.);
#258=VECTOR('',#2007,1.);
#259=VECTOR('',#2008,1.);
#260=VECTOR('',#2009,1.);
#261=VECTOR('',#2010,1.);
#262=VECTOR('',#2011,1.);
#263=VECTOR('',#2012,1.);
#264=VECTOR('',#2013,1.);
#265=VECTOR('',#2014,1.);
#266=VECTOR('',#2015,1.);
#267=VECTOR('',#2016,1.);
#268=VECTOR('',#2017,1.);
#269=VECTOR('',#2018,1.);
#270=VECTOR('',#2019,1.);
#271=VECTOR('',#2020,1.);
#272=VECTOR('',#2021,1.);
#273=VECTOR('',#2022,1.);
#274=VECTOR('',#2023,1.);
#275=VECTOR('',#2024,1.);
#276=VECTOR('',#2025,1.);
#277=VECTOR('',#2026,1.);
#278=VECTOR('',#2027,1.);
#279=VECTOR('',#2028,1.);
#280=VECTOR('',#2029,1.);
#281=VECTOR('',#2030,1.);
#282=VECTOR('',#2031,1.);
#283=VECTOR('',#2032,1.);
#284=VECTOR('',#2033,1.);
#285=VECTOR('',#2034,1.);
#286=VECTOR('',#2035,1.);
#287=VECTOR('',#2036,1.);
#288=VECTOR('',#2037,1.);
#289=VECTOR('',#2048,1.);
#290=VECTOR('',#2049,1.);
#291=VECTOR('',#2052,1.);
#292=VECTOR('',#2059,1.);
#293=VECTOR('',#2060,1.);
#294=VECTOR('',#2061,1.);
#295=VECTOR('',#2104,1.);
#296=VECTOR('',#2105,1.);
#297=VECTOR('',#2106,1.);
#298=VECTOR('',#2109,1.);
#299=VECTOR('',#2110,1.);
#300=VECTOR('',#2113,1.);
#301=VECTOR('',#2114,1.);
#302=VECTOR('',#2117,1.);
#303=VECTOR('',#2118,1.);
#304=VECTOR('',#2121,1.);
#305=VECTOR('',#2122,1.);
#306=VECTOR('',#2125,1.);
#307=VECTOR('',#2126,1.);
#308=VECTOR('',#2129,1.);
#309=VECTOR('',#2130,1.);
#310=VECTOR('',#2133,1.);
#311=VECTOR('',#2134,1.);
#312=VECTOR('',#2137,1.);
#313=VECTOR('',#2138,1.);
#314=VECTOR('',#2141,1.);
#315=VECTOR('',#2142,1.);
#316=VECTOR('',#2145,1.);
#317=VECTOR('',#2146,1.);
#318=VECTOR('',#2149,1.);
#319=VECTOR('',#2150,1.);
#320=VECTOR('',#2153,1.);
#321=VECTOR('',#2154,1.);
#322=VECTOR('',#2157,1.);
#323=VECTOR('',#2158,1.);
#324=VECTOR('',#2161,1.);
#325=VECTOR('',#2162,1.);
#326=VECTOR('',#2165,1.);
#327=VECTOR('',#2166,1.);
#328=VECTOR('',#2169,1.);
#329=VECTOR('',#2170,1.);
#330=VECTOR('',#2173,1.);
#331=VECTOR('',#2174,1.);
#332=VECTOR('',#2177,1.);
#333=VECTOR('',#2178,1.);
#334=VECTOR('',#2181,1.);
#335=VECTOR('',#2182,1.);
#336=VECTOR('',#2185,1.);
#337=VECTOR('',#2186,1.);
#338=VECTOR('',#2189,1.);
#339=VECTOR('',#2190,1.);
#340=VECTOR('',#2193,1.);
#341=VECTOR('',#2194,1.);
#342=VECTOR('',#2197,1.);
#343=VECTOR('',#2198,1.);
#344=VECTOR('',#2201,1.);
#345=VECTOR('',#2202,1.);
#346=VECTOR('',#2205,1.);
#347=VECTOR('',#2206,1.);
#348=VECTOR('',#2209,1.);
#349=VECTOR('',#2210,1.);
#350=VECTOR('',#2213,1.);
#351=VECTOR('',#2214,1.);
#352=VECTOR('',#2217,1.);
#353=VECTOR('',#2218,1.);
#354=VECTOR('',#2221,1.);
#355=VECTOR('',#2222,1.);
#356=VECTOR('',#2225,1.);
#357=VECTOR('',#2226,1.);
#358=VECTOR('',#2229,1.);
#359=VECTOR('',#2230,1.);
#360=VECTOR('',#2233,1.);
#361=VECTOR('',#2234,1.);
#362=VECTOR('',#2237,1.);
#363=VECTOR('',#2238,1.);
#364=VECTOR('',#2241,1.);
#365=VECTOR('',#2242,1.);
#366=VECTOR('',#2245,1.);
#367=VECTOR('',#2246,1.);
#368=VECTOR('',#2249,1.);
#369=VECTOR('',#2250,1.);
#370=VECTOR('',#2253,1.);
#371=VECTOR('',#2256,1.);
#372=VECTOR('',#2257,1.);
#373=VECTOR('',#2260,1.);
#374=VECTOR('',#2261,1.);
#375=VECTOR('',#2264,1.);
#376=VECTOR('',#2265,1.);
#377=VECTOR('',#2268,1.);
#378=VECTOR('',#2269,1.);
#379=VECTOR('',#2272,1.);
#380=VECTOR('',#2273,1.);
#381=VECTOR('',#2276,1.);
#382=VECTOR('',#2277,1.);
#383=VECTOR('',#2280,1.);
#384=VECTOR('',#2281,1.);
#385=VECTOR('',#2284,1.);
#386=VECTOR('',#2285,1.);
#387=VECTOR('',#2288,1.);
#388=VECTOR('',#2289,1.);
#389=VECTOR('',#2292,1.);
#390=VECTOR('',#2293,1.);
#391=VECTOR('',#2296,1.);
#392=VECTOR('',#2297,1.);
#393=VECTOR('',#2300,1.);
#394=PLANE('',#1714);
#395=PLANE('',#1716);
#396=PLANE('',#1718);
#397=PLANE('',#1725);
#398=PLANE('',#1727);
#399=PLANE('',#1732);
#400=PLANE('',#1734);
#401=PLANE('',#1739);
#402=PLANE('',#1741);
#403=PLANE('',#1743);
#404=PLANE('',#1746);
#405=PLANE('',#1749);
#406=PLANE('',#1752);
#407=PLANE('',#1757);
#408=PLANE('',#1760);
#409=PLANE('',#1761);
#410=PLANE('',#1769);
#411=PLANE('',#1771);
#412=PLANE('',#1772);
#413=PLANE('',#1773);
#414=PLANE('',#1778);
#415=PLANE('',#1783);
#416=PLANE('',#1788);
#417=PLANE('',#1793);
#418=PLANE('',#1794);
#419=PLANE('',#1795);
#420=PLANE('',#1796);
#421=PLANE('',#1797);
#422=PLANE('',#1798);
#423=PLANE('',#1799);
#424=PLANE('',#1800);
#425=PLANE('',#1801);
#426=PLANE('',#1802);
#427=PLANE('',#1803);
#428=PLANE('',#1804);
#429=PLANE('',#1805);
#430=PLANE('',#1806);
#431=PLANE('',#1807);
#432=PLANE('',#1808);
#433=PLANE('',#1809);
#434=PLANE('',#1810);
#435=PLANE('',#1811);
#436=PLANE('',#1812);
#437=PLANE('',#1813);
#438=PLANE('',#1814);
#439=PLANE('',#1815);
#440=PLANE('',#1816);
#441=PLANE('',#1817);
#442=PLANE('',#1818);
#443=PLANE('',#1819);
#444=PLANE('',#1820);
#445=PLANE('',#1821);
#446=PLANE('',#1822);
#447=PLANE('',#1823);
#448=PLANE('',#1824);
#449=PLANE('',#1825);
#450=PLANE('',#1826);
#451=PLANE('',#1827);
#452=PLANE('',#1828);
#453=PLANE('',#1829);
#454=PLANE('',#1830);
#455=PLANE('',#1831);
#456=PLANE('',#1832);
#457=PLANE('',#1833);
#458=PLANE('',#1834);
#459=PLANE('',#1835);
#460=PLANE('',#1836);
#461=PLANE('',#1837);
#462=PLANE('',#1838);
#463=PLANE('',#1839);
#464=PLANE('',#1840);
#465=PLANE('',#1841);
#466=PLANE('',#1842);
#467=PLANE('',#1843);
#468=ORIENTED_EDGE('',*,*,#926,.T.);
#469=ORIENTED_EDGE('',*,*,#927,.F.);
#470=ORIENTED_EDGE('',*,*,#928,.F.);
#471=ORIENTED_EDGE('',*,*,#926,.F.);
#472=ORIENTED_EDGE('',*,*,#929,.F.);
#473=ORIENTED_EDGE('',*,*,#927,.T.);
#474=ORIENTED_EDGE('',*,*,#930,.F.);
#475=ORIENTED_EDGE('',*,*,#931,.F.);
#476=ORIENTED_EDGE('',*,*,#932,.F.);
#477=ORIENTED_EDGE('',*,*,#933,.F.);
#478=ORIENTED_EDGE('',*,*,#928,.T.);
#479=ORIENTED_EDGE('',*,*,#934,.F.);
#480=ORIENTED_EDGE('',*,*,#935,.T.);
#481=ORIENTED_EDGE('',*,*,#936,.F.);
#482=ORIENTED_EDGE('',*,*,#937,.T.);
#483=ORIENTED_EDGE('',*,*,#938,.F.);
#484=ORIENTED_EDGE('',*,*,#939,.T.);
#485=ORIENTED_EDGE('',*,*,#940,.T.);
#486=ORIENTED_EDGE('',*,*,#939,.F.);
#487=ORIENTED_EDGE('',*,*,#941,.F.);
#488=ORIENTED_EDGE('',*,*,#940,.F.);
#489=ORIENTED_EDGE('',*,*,#942,.F.);
#490=ORIENTED_EDGE('',*,*,#941,.T.);
#491=ORIENTED_EDGE('',*,*,#943,.F.);
#492=ORIENTED_EDGE('',*,*,#944,.F.);
#493=ORIENTED_EDGE('',*,*,#945,.F.);
#494=ORIENTED_EDGE('',*,*,#946,.T.);
#495=ORIENTED_EDGE('',*,*,#937,.F.);
#496=ORIENTED_EDGE('',*,*,#947,.F.);
#497=ORIENTED_EDGE('',*,*,#946,.F.);
#498=ORIENTED_EDGE('',*,*,#948,.F.);
#499=ORIENTED_EDGE('',*,*,#947,.T.);
#500=ORIENTED_EDGE('',*,*,#949,.F.);
#501=ORIENTED_EDGE('',*,*,#950,.F.);
#502=ORIENTED_EDGE('',*,*,#951,.F.);
#503=ORIENTED_EDGE('',*,*,#952,.T.);
#504=ORIENTED_EDGE('',*,*,#935,.F.);
#505=ORIENTED_EDGE('',*,*,#953,.F.);
#506=ORIENTED_EDGE('',*,*,#952,.F.);
#507=ORIENTED_EDGE('',*,*,#954,.F.);
#508=ORIENTED_EDGE('',*,*,#953,.T.);
#509=ORIENTED_EDGE('',*,*,#955,.F.);
#510=ORIENTED_EDGE('',*,*,#956,.F.);
#511=ORIENTED_EDGE('',*,*,#957,.F.);
#512=ORIENTED_EDGE('',*,*,#958,.T.);
#513=ORIENTED_EDGE('',*,*,#959,.T.);
#514=ORIENTED_EDGE('',*,*,#960,.T.);
#515=ORIENTED_EDGE('',*,*,#955,.T.);
#516=ORIENTED_EDGE('',*,*,#934,.T.);
#517=ORIENTED_EDGE('',*,*,#932,.T.);
#518=ORIENTED_EDGE('',*,*,#961,.T.);
#519=ORIENTED_EDGE('',*,*,#962,.T.);
#520=ORIENTED_EDGE('',*,*,#958,.F.);
#521=ORIENTED_EDGE('',*,*,#931,.T.);
#522=ORIENTED_EDGE('',*,*,#963,.T.);
#523=ORIENTED_EDGE('',*,*,#964,.T.);
#524=ORIENTED_EDGE('',*,*,#961,.F.);
#525=ORIENTED_EDGE('',*,*,#930,.T.);
#526=ORIENTED_EDGE('',*,*,#933,.T.);
#527=ORIENTED_EDGE('',*,*,#945,.T.);
#528=ORIENTED_EDGE('',*,*,#965,.T.);
#529=ORIENTED_EDGE('',*,*,#966,.T.);
#530=ORIENTED_EDGE('',*,*,#963,.F.);
#531=ORIENTED_EDGE('',*,*,#944,.T.);
#532=ORIENTED_EDGE('',*,*,#967,.T.);
#533=ORIENTED_EDGE('',*,*,#968,.T.);
#534=ORIENTED_EDGE('',*,*,#965,.F.);
#535=ORIENTED_EDGE('',*,*,#943,.T.);
#536=ORIENTED_EDGE('',*,*,#938,.T.);
#537=ORIENTED_EDGE('',*,*,#951,.T.);
#538=ORIENTED_EDGE('',*,*,#969,.T.);
#539=ORIENTED_EDGE('',*,*,#970,.T.);
#540=ORIENTED_EDGE('',*,*,#967,.F.);
#541=ORIENTED_EDGE('',*,*,#950,.T.);
#542=ORIENTED_EDGE('',*,*,#971,.T.);
#543=ORIENTED_EDGE('',*,*,#972,.T.);
#544=ORIENTED_EDGE('',*,*,#969,.F.);
#545=ORIENTED_EDGE('',*,*,#949,.T.);
#546=ORIENTED_EDGE('',*,*,#936,.T.);
#547=ORIENTED_EDGE('',*,*,#957,.T.);
#548=ORIENTED_EDGE('',*,*,#960,.F.);
#549=ORIENTED_EDGE('',*,*,#973,.T.);
#550=ORIENTED_EDGE('',*,*,#971,.F.);
#551=ORIENTED_EDGE('',*,*,#956,.T.);
#552=ORIENTED_EDGE('',*,*,#970,.F.);
#553=ORIENTED_EDGE('',*,*,#974,.T.);
#554=ORIENTED_EDGE('',*,*,#975,.T.);
#555=ORIENTED_EDGE('',*,*,#976,.T.);
#556=ORIENTED_EDGE('',*,*,#972,.F.);
#557=ORIENTED_EDGE('',*,*,#977,.F.);
#558=ORIENTED_EDGE('',*,*,#978,.F.);
#559=ORIENTED_EDGE('',*,*,#974,.F.);
#560=ORIENTED_EDGE('',*,*,#973,.F.);
#561=ORIENTED_EDGE('',*,*,#979,.T.);
#562=ORIENTED_EDGE('',*,*,#980,.T.);
#563=ORIENTED_EDGE('',*,*,#977,.T.);
#564=ORIENTED_EDGE('',*,*,#959,.F.);
#565=ORIENTED_EDGE('',*,*,#981,.F.);
#566=ORIENTED_EDGE('',*,*,#982,.F.);
#567=ORIENTED_EDGE('',*,*,#979,.F.);
#568=ORIENTED_EDGE('',*,*,#980,.F.);
#569=ORIENTED_EDGE('',*,*,#982,.T.);
#570=ORIENTED_EDGE('',*,*,#983,.F.);
#571=ORIENTED_EDGE('',*,*,#984,.T.);
#572=ORIENTED_EDGE('',*,*,#985,.F.);
#573=ORIENTED_EDGE('',*,*,#986,.T.);
#574=ORIENTED_EDGE('',*,*,#975,.F.);
#575=ORIENTED_EDGE('',*,*,#978,.T.);
#576=ORIENTED_EDGE('',*,*,#987,.T.);
#577=ORIENTED_EDGE('',*,*,#988,.T.);
#578=ORIENTED_EDGE('',*,*,#989,.T.);
#579=ORIENTED_EDGE('',*,*,#990,.T.);
#580=ORIENTED_EDGE('',*,*,#991,.T.);
#581=ORIENTED_EDGE('',*,*,#992,.T.);
#582=ORIENTED_EDGE('',*,*,#993,.T.);
#583=ORIENTED_EDGE('',*,*,#994,.T.);
#584=ORIENTED_EDGE('',*,*,#995,.T.);
#585=ORIENTED_EDGE('',*,*,#996,.T.);
#586=ORIENTED_EDGE('',*,*,#997,.T.);
#587=ORIENTED_EDGE('',*,*,#998,.T.);
#588=ORIENTED_EDGE('',*,*,#999,.T.);
#589=ORIENTED_EDGE('',*,*,#1000,.T.);
#590=ORIENTED_EDGE('',*,*,#1001,.T.);
#591=ORIENTED_EDGE('',*,*,#1002,.T.);
#592=ORIENTED_EDGE('',*,*,#1003,.T.);
#593=ORIENTED_EDGE('',*,*,#1004,.T.);
#594=ORIENTED_EDGE('',*,*,#1005,.T.);
#595=ORIENTED_EDGE('',*,*,#1006,.T.);
#596=ORIENTED_EDGE('',*,*,#1007,.T.);
#597=ORIENTED_EDGE('',*,*,#1008,.T.);
#598=ORIENTED_EDGE('',*,*,#1009,.T.);
#599=ORIENTED_EDGE('',*,*,#1010,.T.);
#600=ORIENTED_EDGE('',*,*,#1011,.T.);
#601=ORIENTED_EDGE('',*,*,#1012,.T.);
#602=ORIENTED_EDGE('',*,*,#1013,.T.);
#603=ORIENTED_EDGE('',*,*,#1014,.T.);
#604=ORIENTED_EDGE('',*,*,#1015,.T.);
#605=ORIENTED_EDGE('',*,*,#1016,.T.);
#606=ORIENTED_EDGE('',*,*,#1017,.T.);
#607=ORIENTED_EDGE('',*,*,#1018,.T.);
#608=ORIENTED_EDGE('',*,*,#1019,.T.);
#609=ORIENTED_EDGE('',*,*,#1020,.T.);
#610=ORIENTED_EDGE('',*,*,#1021,.T.);
#611=ORIENTED_EDGE('',*,*,#1022,.T.);
#612=ORIENTED_EDGE('',*,*,#1023,.T.);
#613=ORIENTED_EDGE('',*,*,#1024,.T.);
#614=ORIENTED_EDGE('',*,*,#1025,.T.);
#615=ORIENTED_EDGE('',*,*,#1026,.T.);
#616=ORIENTED_EDGE('',*,*,#1027,.T.);
#617=ORIENTED_EDGE('',*,*,#1028,.T.);
#618=ORIENTED_EDGE('',*,*,#1029,.T.);
#619=ORIENTED_EDGE('',*,*,#1030,.T.);
#620=ORIENTED_EDGE('',*,*,#1031,.T.);
#621=ORIENTED_EDGE('',*,*,#1032,.T.);
#622=ORIENTED_EDGE('',*,*,#1033,.T.);
#623=ORIENTED_EDGE('',*,*,#1034,.T.);
#624=ORIENTED_EDGE('',*,*,#1035,.T.);
#625=ORIENTED_EDGE('',*,*,#1036,.T.);
#626=ORIENTED_EDGE('',*,*,#1037,.T.);
#627=ORIENTED_EDGE('',*,*,#1038,.T.);
#628=ORIENTED_EDGE('',*,*,#1039,.T.);
#629=ORIENTED_EDGE('',*,*,#1040,.T.);
#630=ORIENTED_EDGE('',*,*,#1041,.T.);
#631=ORIENTED_EDGE('',*,*,#966,.F.);
#632=ORIENTED_EDGE('',*,*,#1042,.T.);
#633=ORIENTED_EDGE('',*,*,#985,.T.);
#634=ORIENTED_EDGE('',*,*,#1043,.T.);
#635=ORIENTED_EDGE('',*,*,#964,.F.);
#636=ORIENTED_EDGE('',*,*,#1043,.F.);
#637=ORIENTED_EDGE('',*,*,#984,.F.);
#638=ORIENTED_EDGE('',*,*,#1044,.F.);
#639=ORIENTED_EDGE('',*,*,#962,.F.);
#640=ORIENTED_EDGE('',*,*,#1044,.T.);
#641=ORIENTED_EDGE('',*,*,#983,.T.);
#642=ORIENTED_EDGE('',*,*,#981,.T.);
#643=ORIENTED_EDGE('',*,*,#968,.F.);
#644=ORIENTED_EDGE('',*,*,#976,.F.);
#645=ORIENTED_EDGE('',*,*,#986,.F.);
#646=ORIENTED_EDGE('',*,*,#1042,.F.);
#647=ORIENTED_EDGE('',*,*,#1037,.F.);
#648=ORIENTED_EDGE('',*,*,#1045,.T.);
#649=ORIENTED_EDGE('',*,*,#1046,.T.);
#650=ORIENTED_EDGE('',*,*,#1047,.F.);
#651=ORIENTED_EDGE('',*,*,#1048,.F.);
#652=ORIENTED_EDGE('',*,*,#1049,.T.);
#653=ORIENTED_EDGE('',*,*,#1048,.T.);
#654=ORIENTED_EDGE('',*,*,#948,.T.);
#655=ORIENTED_EDGE('',*,*,#1038,.F.);
#656=ORIENTED_EDGE('',*,*,#1049,.F.);
#657=ORIENTED_EDGE('',*,*,#1050,.F.);
#658=ORIENTED_EDGE('',*,*,#1051,.T.);
#659=ORIENTED_EDGE('',*,*,#1050,.T.);
#660=ORIENTED_EDGE('',*,*,#954,.T.);
#661=ORIENTED_EDGE('',*,*,#1039,.F.);
#662=ORIENTED_EDGE('',*,*,#1051,.F.);
#663=ORIENTED_EDGE('',*,*,#1052,.F.);
#664=ORIENTED_EDGE('',*,*,#1053,.T.);
#665=ORIENTED_EDGE('',*,*,#1052,.T.);
#666=ORIENTED_EDGE('',*,*,#929,.T.);
#667=ORIENTED_EDGE('',*,*,#1040,.F.);
#668=ORIENTED_EDGE('',*,*,#1053,.F.);
#669=ORIENTED_EDGE('',*,*,#1054,.F.);
#670=ORIENTED_EDGE('',*,*,#1055,.T.);
#671=ORIENTED_EDGE('',*,*,#1054,.T.);
#672=ORIENTED_EDGE('',*,*,#942,.T.);
#673=ORIENTED_EDGE('',*,*,#1041,.F.);
#674=ORIENTED_EDGE('',*,*,#1055,.F.);
#675=ORIENTED_EDGE('',*,*,#1024,.F.);
#676=ORIENTED_EDGE('',*,*,#1056,.T.);
#677=ORIENTED_EDGE('',*,*,#1057,.T.);
#678=ORIENTED_EDGE('',*,*,#1058,.F.);
#679=ORIENTED_EDGE('',*,*,#1023,.F.);
#680=ORIENTED_EDGE('',*,*,#1059,.T.);
#681=ORIENTED_EDGE('',*,*,#1060,.T.);
#682=ORIENTED_EDGE('',*,*,#1056,.F.);
#683=ORIENTED_EDGE('',*,*,#1022,.F.);
#684=ORIENTED_EDGE('',*,*,#1061,.T.);
#685=ORIENTED_EDGE('',*,*,#1062,.T.);
#686=ORIENTED_EDGE('',*,*,#1059,.F.);
#687=ORIENTED_EDGE('',*,*,#1021,.F.);
#688=ORIENTED_EDGE('',*,*,#1063,.T.);
#689=ORIENTED_EDGE('',*,*,#1064,.T.);
#690=ORIENTED_EDGE('',*,*,#1061,.F.);
#691=ORIENTED_EDGE('',*,*,#1020,.F.);
#692=ORIENTED_EDGE('',*,*,#1065,.T.);
#693=ORIENTED_EDGE('',*,*,#1066,.T.);
#694=ORIENTED_EDGE('',*,*,#1063,.F.);
#695=ORIENTED_EDGE('',*,*,#1019,.F.);
#696=ORIENTED_EDGE('',*,*,#1067,.T.);
#697=ORIENTED_EDGE('',*,*,#1068,.T.);
#698=ORIENTED_EDGE('',*,*,#1065,.F.);
#699=ORIENTED_EDGE('',*,*,#1018,.F.);
#700=ORIENTED_EDGE('',*,*,#1069,.T.);
#701=ORIENTED_EDGE('',*,*,#1070,.T.);
#702=ORIENTED_EDGE('',*,*,#1067,.F.);
#703=ORIENTED_EDGE('',*,*,#1017,.F.);
#704=ORIENTED_EDGE('',*,*,#1071,.T.);
#705=ORIENTED_EDGE('',*,*,#1072,.T.);
#706=ORIENTED_EDGE('',*,*,#1069,.F.);
#707=ORIENTED_EDGE('',*,*,#1016,.F.);
#708=ORIENTED_EDGE('',*,*,#1073,.T.);
#709=ORIENTED_EDGE('',*,*,#1074,.T.);
#710=ORIENTED_EDGE('',*,*,#1071,.F.);
#711=ORIENTED_EDGE('',*,*,#1015,.F.);
#712=ORIENTED_EDGE('',*,*,#1075,.T.);
#713=ORIENTED_EDGE('',*,*,#1076,.T.);
#714=ORIENTED_EDGE('',*,*,#1073,.F.);
#715=ORIENTED_EDGE('',*,*,#1014,.F.);
#716=ORIENTED_EDGE('',*,*,#1077,.T.);
#717=ORIENTED_EDGE('',*,*,#1078,.T.);
#718=ORIENTED_EDGE('',*,*,#1075,.F.);
#719=ORIENTED_EDGE('',*,*,#1013,.F.);
#720=ORIENTED_EDGE('',*,*,#1079,.T.);
#721=ORIENTED_EDGE('',*,*,#1080,.T.);
#722=ORIENTED_EDGE('',*,*,#1077,.F.);
#723=ORIENTED_EDGE('',*,*,#1012,.F.);
#724=ORIENTED_EDGE('',*,*,#1081,.T.);
#725=ORIENTED_EDGE('',*,*,#1082,.T.);
#726=ORIENTED_EDGE('',*,*,#1079,.F.);
#727=ORIENTED_EDGE('',*,*,#1011,.F.);
#728=ORIENTED_EDGE('',*,*,#1083,.T.);
#729=ORIENTED_EDGE('',*,*,#1084,.T.);
#730=ORIENTED_EDGE('',*,*,#1081,.F.);
#731=ORIENTED_EDGE('',*,*,#1010,.F.);
#732=ORIENTED_EDGE('',*,*,#1085,.T.);
#733=ORIENTED_EDGE('',*,*,#1086,.T.);
#734=ORIENTED_EDGE('',*,*,#1083,.F.);
#735=ORIENTED_EDGE('',*,*,#1009,.F.);
#736=ORIENTED_EDGE('',*,*,#1087,.T.);
#737=ORIENTED_EDGE('',*,*,#1088,.T.);
#738=ORIENTED_EDGE('',*,*,#1085,.F.);
#739=ORIENTED_EDGE('',*,*,#1008,.F.);
#740=ORIENTED_EDGE('',*,*,#1089,.T.);
#741=ORIENTED_EDGE('',*,*,#1090,.T.);
#742=ORIENTED_EDGE('',*,*,#1087,.F.);
#743=ORIENTED_EDGE('',*,*,#1007,.F.);
#744=ORIENTED_EDGE('',*,*,#1091,.T.);
#745=ORIENTED_EDGE('',*,*,#1092,.T.);
#746=ORIENTED_EDGE('',*,*,#1089,.F.);
#747=ORIENTED_EDGE('',*,*,#1006,.F.);
#748=ORIENTED_EDGE('',*,*,#1093,.T.);
#749=ORIENTED_EDGE('',*,*,#1094,.T.);
#750=ORIENTED_EDGE('',*,*,#1091,.F.);
#751=ORIENTED_EDGE('',*,*,#1005,.F.);
#752=ORIENTED_EDGE('',*,*,#1095,.T.);
#753=ORIENTED_EDGE('',*,*,#1096,.T.);
#754=ORIENTED_EDGE('',*,*,#1093,.F.);
#755=ORIENTED_EDGE('',*,*,#1004,.F.);
#756=ORIENTED_EDGE('',*,*,#1097,.T.);
#757=ORIENTED_EDGE('',*,*,#1098,.T.);
#758=ORIENTED_EDGE('',*,*,#1095,.F.);
#759=ORIENTED_EDGE('',*,*,#1003,.F.);
#760=ORIENTED_EDGE('',*,*,#1099,.T.);
#761=ORIENTED_EDGE('',*,*,#1100,.T.);
#762=ORIENTED_EDGE('',*,*,#1097,.F.);
#763=ORIENTED_EDGE('',*,*,#1002,.F.);
#764=ORIENTED_EDGE('',*,*,#1101,.T.);
#765=ORIENTED_EDGE('',*,*,#1102,.T.);
#766=ORIENTED_EDGE('',*,*,#1099,.F.);
#767=ORIENTED_EDGE('',*,*,#1001,.F.);
#768=ORIENTED_EDGE('',*,*,#1103,.T.);
#769=ORIENTED_EDGE('',*,*,#1104,.T.);
#770=ORIENTED_EDGE('',*,*,#1101,.F.);
#771=ORIENTED_EDGE('',*,*,#1000,.F.);
#772=ORIENTED_EDGE('',*,*,#1105,.T.);
#773=ORIENTED_EDGE('',*,*,#1106,.T.);
#774=ORIENTED_EDGE('',*,*,#1103,.F.);
#775=ORIENTED_EDGE('',*,*,#999,.F.);
#776=ORIENTED_EDGE('',*,*,#1107,.T.);
#777=ORIENTED_EDGE('',*,*,#1108,.T.);
#778=ORIENTED_EDGE('',*,*,#1105,.F.);
#779=ORIENTED_EDGE('',*,*,#998,.F.);
#780=ORIENTED_EDGE('',*,*,#1109,.T.);
#781=ORIENTED_EDGE('',*,*,#1110,.T.);
#782=ORIENTED_EDGE('',*,*,#1107,.F.);
#783=ORIENTED_EDGE('',*,*,#997,.F.);
#784=ORIENTED_EDGE('',*,*,#1111,.T.);
#785=ORIENTED_EDGE('',*,*,#1112,.T.);
#786=ORIENTED_EDGE('',*,*,#1109,.F.);
#787=ORIENTED_EDGE('',*,*,#996,.F.);
#788=ORIENTED_EDGE('',*,*,#1113,.T.);
#789=ORIENTED_EDGE('',*,*,#1114,.T.);
#790=ORIENTED_EDGE('',*,*,#1111,.F.);
#791=ORIENTED_EDGE('',*,*,#995,.F.);
#792=ORIENTED_EDGE('',*,*,#1115,.T.);
#793=ORIENTED_EDGE('',*,*,#1116,.T.);
#794=ORIENTED_EDGE('',*,*,#1113,.F.);
#795=ORIENTED_EDGE('',*,*,#994,.F.);
#796=ORIENTED_EDGE('',*,*,#1117,.T.);
#797=ORIENTED_EDGE('',*,*,#1118,.T.);
#798=ORIENTED_EDGE('',*,*,#1115,.F.);
#799=ORIENTED_EDGE('',*,*,#993,.F.);
#800=ORIENTED_EDGE('',*,*,#1119,.T.);
#801=ORIENTED_EDGE('',*,*,#1120,.T.);
#802=ORIENTED_EDGE('',*,*,#1117,.F.);
#803=ORIENTED_EDGE('',*,*,#992,.F.);
#804=ORIENTED_EDGE('',*,*,#1121,.T.);
#805=ORIENTED_EDGE('',*,*,#1122,.T.);
#806=ORIENTED_EDGE('',*,*,#1119,.F.);
#807=ORIENTED_EDGE('',*,*,#991,.F.);
#808=ORIENTED_EDGE('',*,*,#1123,.T.);
#809=ORIENTED_EDGE('',*,*,#1124,.T.);
#810=ORIENTED_EDGE('',*,*,#1121,.F.);
#811=ORIENTED_EDGE('',*,*,#990,.F.);
#812=ORIENTED_EDGE('',*,*,#1125,.T.);
#813=ORIENTED_EDGE('',*,*,#1126,.T.);
#814=ORIENTED_EDGE('',*,*,#1123,.F.);
#815=ORIENTED_EDGE('',*,*,#989,.F.);
#816=ORIENTED_EDGE('',*,*,#1127,.T.);
#817=ORIENTED_EDGE('',*,*,#1128,.T.);
#818=ORIENTED_EDGE('',*,*,#1125,.F.);
#819=ORIENTED_EDGE('',*,*,#988,.F.);
#820=ORIENTED_EDGE('',*,*,#1129,.T.);
#821=ORIENTED_EDGE('',*,*,#1130,.T.);
#822=ORIENTED_EDGE('',*,*,#1127,.F.);
#823=ORIENTED_EDGE('',*,*,#987,.F.);
#824=ORIENTED_EDGE('',*,*,#1047,.T.);
#825=ORIENTED_EDGE('',*,*,#1131,.T.);
#826=ORIENTED_EDGE('',*,*,#1129,.F.);
#827=ORIENTED_EDGE('',*,*,#1036,.F.);
#828=ORIENTED_EDGE('',*,*,#1132,.T.);
#829=ORIENTED_EDGE('',*,*,#1133,.T.);
#830=ORIENTED_EDGE('',*,*,#1045,.F.);
#831=ORIENTED_EDGE('',*,*,#1035,.F.);
#832=ORIENTED_EDGE('',*,*,#1134,.T.);
#833=ORIENTED_EDGE('',*,*,#1135,.T.);
#834=ORIENTED_EDGE('',*,*,#1132,.F.);
#835=ORIENTED_EDGE('',*,*,#1034,.F.);
#836=ORIENTED_EDGE('',*,*,#1136,.T.);
#837=ORIENTED_EDGE('',*,*,#1137,.T.);
#838=ORIENTED_EDGE('',*,*,#1134,.F.);
#839=ORIENTED_EDGE('',*,*,#1033,.F.);
#840=ORIENTED_EDGE('',*,*,#1138,.T.);
#841=ORIENTED_EDGE('',*,*,#1139,.T.);
#842=ORIENTED_EDGE('',*,*,#1136,.F.);
#843=ORIENTED_EDGE('',*,*,#1032,.F.);
#844=ORIENTED_EDGE('',*,*,#1140,.T.);
#845=ORIENTED_EDGE('',*,*,#1141,.T.);
#846=ORIENTED_EDGE('',*,*,#1138,.F.);
#847=ORIENTED_EDGE('',*,*,#1031,.F.);
#848=ORIENTED_EDGE('',*,*,#1142,.T.);
#849=ORIENTED_EDGE('',*,*,#1143,.T.);
#850=ORIENTED_EDGE('',*,*,#1140,.F.);
#851=ORIENTED_EDGE('',*,*,#1030,.F.);
#852=ORIENTED_EDGE('',*,*,#1144,.T.);
#853=ORIENTED_EDGE('',*,*,#1145,.T.);
#854=ORIENTED_EDGE('',*,*,#1142,.F.);
#855=ORIENTED_EDGE('',*,*,#1029,.F.);
#856=ORIENTED_EDGE('',*,*,#1146,.T.);
#857=ORIENTED_EDGE('',*,*,#1147,.T.);
#858=ORIENTED_EDGE('',*,*,#1144,.F.);
#859=ORIENTED_EDGE('',*,*,#1028,.F.);
#860=ORIENTED_EDGE('',*,*,#1148,.T.);
#861=ORIENTED_EDGE('',*,*,#1149,.T.);
#862=ORIENTED_EDGE('',*,*,#1146,.F.);
#863=ORIENTED_EDGE('',*,*,#1027,.F.);
#864=ORIENTED_EDGE('',*,*,#1150,.T.);
#865=ORIENTED_EDGE('',*,*,#1151,.T.);
#866=ORIENTED_EDGE('',*,*,#1148,.F.);
#867=ORIENTED_EDGE('',*,*,#1026,.F.);
#868=ORIENTED_EDGE('',*,*,#1152,.T.);
#869=ORIENTED_EDGE('',*,*,#1153,.T.);
#870=ORIENTED_EDGE('',*,*,#1150,.F.);
#871=ORIENTED_EDGE('',*,*,#1025,.F.);
#872=ORIENTED_EDGE('',*,*,#1058,.T.);
#873=ORIENTED_EDGE('',*,*,#1154,.T.);
#874=ORIENTED_EDGE('',*,*,#1152,.F.);
#875=ORIENTED_EDGE('',*,*,#1131,.F.);
#876=ORIENTED_EDGE('',*,*,#1046,.F.);
#877=ORIENTED_EDGE('',*,*,#1133,.F.);
#878=ORIENTED_EDGE('',*,*,#1135,.F.);
#879=ORIENTED_EDGE('',*,*,#1137,.F.);
#880=ORIENTED_EDGE('',*,*,#1139,.F.);
#881=ORIENTED_EDGE('',*,*,#1141,.F.);
#882=ORIENTED_EDGE('',*,*,#1143,.F.);
#883=ORIENTED_EDGE('',*,*,#1145,.F.);
#884=ORIENTED_EDGE('',*,*,#1147,.F.);
#885=ORIENTED_EDGE('',*,*,#1149,.F.);
#886=ORIENTED_EDGE('',*,*,#1151,.F.);
#887=ORIENTED_EDGE('',*,*,#1153,.F.);
#888=ORIENTED_EDGE('',*,*,#1154,.F.);
#889=ORIENTED_EDGE('',*,*,#1057,.F.);
#890=ORIENTED_EDGE('',*,*,#1060,.F.);
#891=ORIENTED_EDGE('',*,*,#1062,.F.);
#892=ORIENTED_EDGE('',*,*,#1064,.F.);
#893=ORIENTED_EDGE('',*,*,#1066,.F.);
#894=ORIENTED_EDGE('',*,*,#1068,.F.);
#895=ORIENTED_EDGE('',*,*,#1070,.F.);
#896=ORIENTED_EDGE('',*,*,#1072,.F.);
#897=ORIENTED_EDGE('',*,*,#1074,.F.);
#898=ORIENTED_EDGE('',*,*,#1076,.F.);
#899=ORIENTED_EDGE('',*,*,#1078,.F.);
#900=ORIENTED_EDGE('',*,*,#1080,.F.);
#901=ORIENTED_EDGE('',*,*,#1082,.F.);
#902=ORIENTED_EDGE('',*,*,#1084,.F.);
#903=ORIENTED_EDGE('',*,*,#1086,.F.);
#904=ORIENTED_EDGE('',*,*,#1088,.F.);
#905=ORIENTED_EDGE('',*,*,#1090,.F.);
#906=ORIENTED_EDGE('',*,*,#1092,.F.);
#907=ORIENTED_EDGE('',*,*,#1094,.F.);
#908=ORIENTED_EDGE('',*,*,#1096,.F.);
#909=ORIENTED_EDGE('',*,*,#1098,.F.);
#910=ORIENTED_EDGE('',*,*,#1100,.F.);
#911=ORIENTED_EDGE('',*,*,#1102,.F.);
#912=ORIENTED_EDGE('',*,*,#1104,.F.);
#913=ORIENTED_EDGE('',*,*,#1106,.F.);
#914=ORIENTED_EDGE('',*,*,#1108,.F.);
#915=ORIENTED_EDGE('',*,*,#1110,.F.);
#916=ORIENTED_EDGE('',*,*,#1112,.F.);
#917=ORIENTED_EDGE('',*,*,#1114,.F.);
#918=ORIENTED_EDGE('',*,*,#1116,.F.);
#919=ORIENTED_EDGE('',*,*,#1118,.F.);
#920=ORIENTED_EDGE('',*,*,#1120,.F.);
#921=ORIENTED_EDGE('',*,*,#1122,.F.);
#922=ORIENTED_EDGE('',*,*,#1124,.F.);
#923=ORIENTED_EDGE('',*,*,#1126,.F.);
#924=ORIENTED_EDGE('',*,*,#1128,.F.);
#925=ORIENTED_EDGE('',*,*,#1130,.F.);
#926=EDGE_CURVE('',#1155,#1155,#1309,.T.);
#927=EDGE_CURVE('',#1156,#1157,#1310,.T.);
#928=EDGE_CURVE('',#1157,#1156,#1311,.T.);
#929=EDGE_CURVE('',#1158,#1158,#1312,.F.);
#930=EDGE_CURVE('',#1159,#1157,#16,.F.);
#931=EDGE_CURVE('',#1160,#1159,#1313,.T.);
#932=EDGE_CURVE('',#1156,#1160,#17,.T.);
#933=EDGE_CURVE('',#1157,#1161,#18,.F.);
#934=EDGE_CURVE('',#1162,#1156,#19,.T.);
#935=EDGE_CURVE('',#1162,#1163,#1314,.T.);
#936=EDGE_CURVE('',#1164,#1163,#20,.T.);
#937=EDGE_CURVE('',#1164,#1165,#1315,.T.);
#938=EDGE_CURVE('',#1166,#1165,#21,.F.);
#939=EDGE_CURVE('',#1166,#1161,#1316,.T.);
#940=EDGE_CURVE('',#1167,#1167,#1317,.T.);
#941=EDGE_CURVE('',#1161,#1166,#1318,.T.);
#942=EDGE_CURVE('',#1168,#1168,#1319,.F.);
#943=EDGE_CURVE('',#1169,#1166,#22,.F.);
#944=EDGE_CURVE('',#1170,#1169,#1320,.T.);
#945=EDGE_CURVE('',#1161,#1170,#23,.F.);
#946=EDGE_CURVE('',#1171,#1171,#1321,.T.);
#947=EDGE_CURVE('',#1165,#1164,#1322,.T.);
#948=EDGE_CURVE('',#1172,#1172,#1323,.F.);
#949=EDGE_CURVE('',#1173,#1164,#24,.T.);
#950=EDGE_CURVE('',#1174,#1173,#1324,.T.);
#951=EDGE_CURVE('',#1165,#1174,#25,.F.);
#952=EDGE_CURVE('',#1175,#1175,#1325,.T.);
#953=EDGE_CURVE('',#1163,#1162,#1326,.T.);
#954=EDGE_CURVE('',#1176,#1176,#1327,.F.);
#955=EDGE_CURVE('',#1177,#1162,#26,.T.);
#956=EDGE_CURVE('',#1178,#1177,#1328,.T.);
#957=EDGE_CURVE('',#1163,#1178,#27,.T.);
#958=EDGE_CURVE('',#1160,#1179,#28,.T.);
#959=EDGE_CURVE('',#1179,#1180,#29,.F.);
#960=EDGE_CURVE('',#1180,#1177,#30,.F.);
#961=EDGE_CURVE('',#1159,#1181,#31,.T.);
#962=EDGE_CURVE('',#1181,#1179,#1329,.F.);
#963=EDGE_CURVE('',#1170,#1182,#32,.T.);
#964=EDGE_CURVE('',#1182,#1181,#33,.T.);
#965=EDGE_CURVE('',#1169,#1183,#34,.T.);
#966=EDGE_CURVE('',#1183,#1182,#1330,.F.);
#967=EDGE_CURVE('',#1174,#1184,#35,.F.);
#968=EDGE_CURVE('',#1184,#1183,#36,.T.);
#969=EDGE_CURVE('',#1173,#1185,#37,.T.);
#970=EDGE_CURVE('',#1185,#1184,#1331,.F.);
#971=EDGE_CURVE('',#1178,#1186,#38,.F.);
#972=EDGE_CURVE('',#1186,#1185,#39,.F.);
#973=EDGE_CURVE('',#1180,#1186,#1332,.F.);
#974=EDGE_CURVE('',#1185,#1187,#40,.T.);
#975=EDGE_CURVE('',#1187,#1188,#1333,.F.);
#976=EDGE_CURVE('',#1188,#1184,#41,.F.);
#977=EDGE_CURVE('',#1189,#1186,#42,.F.);
#978=EDGE_CURVE('',#1187,#1189,#43,.T.);
#979=EDGE_CURVE('',#1180,#1190,#44,.T.);
#980=EDGE_CURVE('',#1190,#1189,#1334,.F.);
#981=EDGE_CURVE('',#1191,#1179,#45,.F.);
#982=EDGE_CURVE('',#1190,#1191,#46,.T.);
#983=EDGE_CURVE('',#1192,#1191,#1335,.F.);
#984=EDGE_CURVE('',#1192,#1193,#47,.F.);
#985=EDGE_CURVE('',#1194,#1193,#1336,.F.);
#986=EDGE_CURVE('',#1194,#1188,#48,.F.);
#987=EDGE_CURVE('',#1195,#1196,#49,.T.);
#988=EDGE_CURVE('',#1196,#1197,#50,.T.);
#989=EDGE_CURVE('',#1197,#1198,#51,.T.);
#990=EDGE_CURVE('',#1198,#1199,#52,.T.);
#991=EDGE_CURVE('',#1199,#1200,#53,.T.);
#992=EDGE_CURVE('',#1200,#1201,#54,.T.);
#993=EDGE_CURVE('',#1201,#1202,#55,.T.);
#994=EDGE_CURVE('',#1202,#1203,#56,.T.);
#995=EDGE_CURVE('',#1203,#1204,#57,.T.);
#996=EDGE_CURVE('',#1204,#1205,#58,.T.);
#997=EDGE_CURVE('',#1205,#1206,#59,.T.);
#998=EDGE_CURVE('',#1206,#1207,#60,.T.);
#999=EDGE_CURVE('',#1207,#1208,#61,.T.);
#1000=EDGE_CURVE('',#1208,#1209,#62,.T.);
#1001=EDGE_CURVE('',#1209,#1210,#63,.T.);
#1002=EDGE_CURVE('',#1210,#1211,#64,.T.);
#1003=EDGE_CURVE('',#1211,#1212,#65,.T.);
#1004=EDGE_CURVE('',#1212,#1213,#66,.T.);
#1005=EDGE_CURVE('',#1213,#1214,#67,.T.);
#1006=EDGE_CURVE('',#1214,#1215,#68,.T.);
#1007=EDGE_CURVE('',#1215,#1216,#69,.T.);
#1008=EDGE_CURVE('',#1216,#1217,#70,.T.);
#1009=EDGE_CURVE('',#1217,#1218,#71,.T.);
#1010=EDGE_CURVE('',#1218,#1219,#72,.T.);
#1011=EDGE_CURVE('',#1219,#1220,#73,.T.);
#1012=EDGE_CURVE('',#1220,#1221,#74,.T.);
#1013=EDGE_CURVE('',#1221,#1222,#75,.T.);
#1014=EDGE_CURVE('',#1222,#1223,#76,.T.);
#1015=EDGE_CURVE('',#1223,#1224,#77,.T.);
#1016=EDGE_CURVE('',#1224,#1225,#78,.T.);
#1017=EDGE_CURVE('',#1225,#1226,#79,.T.);
#1018=EDGE_CURVE('',#1226,#1227,#80,.T.);
#1019=EDGE_CURVE('',#1227,#1228,#81,.F.);
#1020=EDGE_CURVE('',#1228,#1229,#82,.T.);
#1021=EDGE_CURVE('',#1229,#1230,#83,.T.);
#1022=EDGE_CURVE('',#1230,#1231,#84,.T.);
#1023=EDGE_CURVE('',#1231,#1232,#85,.T.);
#1024=EDGE_CURVE('',#1232,#1233,#86,.T.);
#1025=EDGE_CURVE('',#1233,#1234,#87,.T.);
#1026=EDGE_CURVE('',#1234,#1235,#88,.T.);
#1027=EDGE_CURVE('',#1235,#1236,#89,.T.);
#1028=EDGE_CURVE('',#1236,#1237,#90,.T.);
#1029=EDGE_CURVE('',#1237,#1238,#91,.T.);
#1030=EDGE_CURVE('',#1238,#1239,#92,.T.);
#1031=EDGE_CURVE('',#1239,#1240,#93,.T.);
#1032=EDGE_CURVE('',#1240,#1241,#94,.T.);
#1033=EDGE_CURVE('',#1241,#1242,#95,.T.);
#1034=EDGE_CURVE('',#1242,#1243,#96,.T.);
#1035=EDGE_CURVE('',#1243,#1244,#97,.F.);
#1036=EDGE_CURVE('',#1244,#1245,#98,.T.);
#1037=EDGE_CURVE('',#1245,#1195,#99,.F.);
#1038=EDGE_CURVE('',#1246,#1246,#1337,.F.);
#1039=EDGE_CURVE('',#1247,#1247,#1338,.F.);
#1040=EDGE_CURVE('',#1248,#1248,#1339,.F.);
#1041=EDGE_CURVE('',#1249,#1249,#1340,.F.);
#1042=EDGE_CURVE('',#1183,#1194,#100,.T.);
#1043=EDGE_CURVE('',#1193,#1182,#101,.F.);
#1044=EDGE_CURVE('',#1181,#1192,#102,.T.);
#1045=EDGE_CURVE('',#1245,#1250,#103,.T.);
#1046=EDGE_CURVE('',#1250,#1251,#104,.T.);
#1047=EDGE_CURVE('',#1195,#1251,#105,.T.);
#1048=EDGE_CURVE('',#1252,#1252,#1341,.T.);
#1049=EDGE_CURVE('',#1253,#1253,#1342,.T.);
#1050=EDGE_CURVE('',#1254,#1254,#1343,.T.);
#1051=EDGE_CURVE('',#1255,#1255,#1344,.T.);
#1052=EDGE_CURVE('',#1256,#1256,#1345,.T.);
#1053=EDGE_CURVE('',#1257,#1257,#1346,.T.);
#1054=EDGE_CURVE('',#1258,#1258,#1347,.T.);
#1055=EDGE_CURVE('',#1259,#1259,#1348,.T.);
#1056=EDGE_CURVE('',#1232,#1260,#106,.T.);
#1057=EDGE_CURVE('',#1260,#1261,#107,.T.);
#1058=EDGE_CURVE('',#1233,#1261,#108,.T.);
#1059=EDGE_CURVE('',#1231,#1262,#109,.T.);
#1060=EDGE_CURVE('',#1262,#1260,#110,.T.);
#1061=EDGE_CURVE('',#1230,#1263,#111,.T.);
#1062=EDGE_CURVE('',#1263,#1262,#112,.T.);
#1063=EDGE_CURVE('',#1229,#1264,#113,.T.);
#1064=EDGE_CURVE('',#1264,#1263,#114,.T.);
#1065=EDGE_CURVE('',#1228,#1265,#115,.T.);
#1066=EDGE_CURVE('',#1265,#1264,#116,.T.);
#1067=EDGE_CURVE('',#1227,#1266,#117,.T.);
#1068=EDGE_CURVE('',#1266,#1265,#118,.T.);
#1069=EDGE_CURVE('',#1226,#1267,#119,.T.);
#1070=EDGE_CURVE('',#1267,#1266,#120,.T.);
#1071=EDGE_CURVE('',#1225,#1268,#121,.T.);
#1072=EDGE_CURVE('',#1268,#1267,#122,.T.);
#1073=EDGE_CURVE('',#1224,#1269,#123,.T.);
#1074=EDGE_CURVE('',#1269,#1268,#124,.T.);
#1075=EDGE_CURVE('',#1223,#1270,#125,.T.);
#1076=EDGE_CURVE('',#1270,#1269,#126,.T.);
#1077=EDGE_CURVE('',#1222,#1271,#127,.T.);
#1078=EDGE_CURVE('',#1271,#1270,#128,.T.);
#1079=EDGE_CURVE('',#1221,#1272,#129,.T.);
#1080=EDGE_CURVE('',#1272,#1271,#130,.T.);
#1081=EDGE_CURVE('',#1220,#1273,#131,.T.);
#1082=EDGE_CURVE('',#1273,#1272,#132,.T.);
#1083=EDGE_CURVE('',#1219,#1274,#133,.T.);
#1084=EDGE_CURVE('',#1274,#1273,#134,.T.);
#1085=EDGE_CURVE('',#1218,#1275,#135,.T.);
#1086=EDGE_CURVE('',#1275,#1274,#136,.T.);
#1087=EDGE_CURVE('',#1217,#1276,#137,.T.);
#1088=EDGE_CURVE('',#1276,#1275,#138,.T.);
#1089=EDGE_CURVE('',#1216,#1277,#139,.T.);
#1090=EDGE_CURVE('',#1277,#1276,#140,.T.);
#1091=EDGE_CURVE('',#1215,#1278,#141,.T.);
#1092=EDGE_CURVE('',#1278,#1277,#142,.T.);
#1093=EDGE_CURVE('',#1214,#1279,#143,.T.);
#1094=EDGE_CURVE('',#1279,#1278,#144,.T.);
#1095=EDGE_CURVE('',#1213,#1280,#145,.T.);
#1096=EDGE_CURVE('',#1280,#1279,#146,.T.);
#1097=EDGE_CURVE('',#1212,#1281,#147,.T.);
#1098=EDGE_CURVE('',#1281,#1280,#148,.T.);
#1099=EDGE_CURVE('',#1211,#1282,#149,.T.);
#1100=EDGE_CURVE('',#1282,#1281,#150,.T.);
#1101=EDGE_CURVE('',#1210,#1283,#151,.T.);
#1102=EDGE_CURVE('',#1283,#1282,#152,.T.);
#1103=EDGE_CURVE('',#1209,#1284,#153,.T.);
#1104=EDGE_CURVE('',#1284,#1283,#154,.T.);
#1105=EDGE_CURVE('',#1208,#1285,#155,.T.);
#1106=EDGE_CURVE('',#1285,#1284,#156,.T.);
#1107=EDGE_CURVE('',#1207,#1286,#157,.T.);
#1108=EDGE_CURVE('',#1286,#1285,#158,.T.);
#1109=EDGE_CURVE('',#1206,#1287,#159,.T.);
#1110=EDGE_CURVE('',#1287,#1286,#160,.T.);
#1111=EDGE_CURVE('',#1205,#1288,#161,.T.);
#1112=EDGE_CURVE('',#1288,#1287,#162,.T.);
#1113=EDGE_CURVE('',#1204,#1289,#163,.T.);
#1114=EDGE_CURVE('',#1289,#1288,#164,.T.);
#1115=EDGE_CURVE('',#1203,#1290,#165,.T.);
#1116=EDGE_CURVE('',#1290,#1289,#166,.T.);
#1117=EDGE_CURVE('',#1202,#1291,#167,.T.);
#1118=EDGE_CURVE('',#1291,#1290,#168,.T.);
#1119=EDGE_CURVE('',#1201,#1292,#169,.T.);
#1120=EDGE_CURVE('',#1292,#1291,#170,.T.);
#1121=EDGE_CURVE('',#1200,#1293,#171,.T.);
#1122=EDGE_CURVE('',#1293,#1292,#172,.T.);
#1123=EDGE_CURVE('',#1199,#1294,#173,.T.);
#1124=EDGE_CURVE('',#1294,#1293,#174,.T.);
#1125=EDGE_CURVE('',#1198,#1295,#175,.T.);
#1126=EDGE_CURVE('',#1295,#1294,#176,.T.);
#1127=EDGE_CURVE('',#1197,#1296,#177,.T.);
#1128=EDGE_CURVE('',#1296,#1295,#178,.T.);
#1129=EDGE_CURVE('',#1196,#1297,#179,.T.);
#1130=EDGE_CURVE('',#1297,#1296,#180,.T.);
#1131=EDGE_CURVE('',#1251,#1297,#181,.T.);
#1132=EDGE_CURVE('',#1244,#1298,#182,.T.);
#1133=EDGE_CURVE('',#1298,#1250,#183,.T.);
#1134=EDGE_CURVE('',#1243,#1299,#184,.T.);
#1135=EDGE_CURVE('',#1299,#1298,#185,.T.);
#1136=EDGE_CURVE('',#1242,#1300,#186,.T.);
#1137=EDGE_CURVE('',#1300,#1299,#187,.T.);
#1138=EDGE_CURVE('',#1241,#1301,#188,.T.);
#1139=EDGE_CURVE('',#1301,#1300,#189,.T.);
#1140=EDGE_CURVE('',#1240,#1302,#190,.T.);
#1141=EDGE_CURVE('',#1302,#1301,#191,.T.);
#1142=EDGE_CURVE('',#1239,#1303,#192,.T.);
#1143=EDGE_CURVE('',#1303,#1302,#193,.T.);
#1144=EDGE_CURVE('',#1238,#1304,#194,.T.);
#1145=EDGE_CURVE('',#1304,#1303,#195,.T.);
#1146=EDGE_CURVE('',#1237,#1305,#196,.T.);
#1147=EDGE_CURVE('',#1305,#1304,#197,.T.);
#1148=EDGE_CURVE('',#1236,#1306,#198,.T.);
#1149=EDGE_CURVE('',#1306,#1305,#199,.T.);
#1150=EDGE_CURVE('',#1235,#1307,#200,.T.);
#1151=EDGE_CURVE('',#1307,#1306,#201,.T.);
#1152=EDGE_CURVE('',#1234,#1308,#202,.T.);
#1153=EDGE_CURVE('',#1308,#1307,#203,.T.);
#1154=EDGE_CURVE('',#1261,#1308,#204,.T.);
#1155=VERTEX_POINT('',#2306);
#1156=VERTEX_POINT('',#2308);
#1157=VERTEX_POINT('',#2309);
#1158=VERTEX_POINT('',#2313);
#1159=VERTEX_POINT('',#2316);
#1160=VERTEX_POINT('',#2318);
#1161=VERTEX_POINT('',#2322);
#1162=VERTEX_POINT('',#2324);
#1163=VERTEX_POINT('',#2326);
#1164=VERTEX_POINT('',#2328);
#1165=VERTEX_POINT('',#2330);
#1166=VERTEX_POINT('',#2332);
#1167=VERTEX_POINT('',#2336);
#1168=VERTEX_POINT('',#2340);
#1169=VERTEX_POINT('',#2343);
#1170=VERTEX_POINT('',#2345);
#1171=VERTEX_POINT('',#2349);
#1172=VERTEX_POINT('',#2353);
#1173=VERTEX_POINT('',#2356);
#1174=VERTEX_POINT('',#2358);
#1175=VERTEX_POINT('',#2362);
#1176=VERTEX_POINT('',#2366);
#1177=VERTEX_POINT('',#2369);
#1178=VERTEX_POINT('',#2371);
#1179=VERTEX_POINT('',#2375);
#1180=VERTEX_POINT('',#2377);
#1181=VERTEX_POINT('',#2381);
#1182=VERTEX_POINT('',#2385);
#1183=VERTEX_POINT('',#2389);
#1184=VERTEX_POINT('',#2393);
#1185=VERTEX_POINT('',#2397);
#1186=VERTEX_POINT('',#2401);
#1187=VERTEX_POINT('',#2407);
#1188=VERTEX_POINT('',#2409);
#1189=VERTEX_POINT('',#2413);
#1190=VERTEX_POINT('',#2417);
#1191=VERTEX_POINT('',#2421);
#1192=VERTEX_POINT('',#2425);
#1193=VERTEX_POINT('',#2427);
#1194=VERTEX_POINT('',#2429);
#1195=VERTEX_POINT('',#2432);
#1196=VERTEX_POINT('',#2433);
#1197=VERTEX_POINT('',#2435);
#1198=VERTEX_POINT('',#2437);
#1199=VERTEX_POINT('',#2439);
#1200=VERTEX_POINT('',#2441);
#1201=VERTEX_POINT('',#2443);
#1202=VERTEX_POINT('',#2445);
#1203=VERTEX_POINT('',#2447);
#1204=VERTEX_POINT('',#2449);
#1205=VERTEX_POINT('',#2451);
#1206=VERTEX_POINT('',#2453);
#1207=VERTEX_POINT('',#2455);
#1208=VERTEX_POINT('',#2457);
#1209=VERTEX_POINT('',#2459);
#1210=VERTEX_POINT('',#2461);
#1211=VERTEX_POINT('',#2463);
#1212=VERTEX_POINT('',#2465);
#1213=VERTEX_POINT('',#2467);
#1214=VERTEX_POINT('',#2469);
#1215=VERTEX_POINT('',#2471);
#1216=VERTEX_POINT('',#2473);
#1217=VERTEX_POINT('',#2475);
#1218=VERTEX_POINT('',#2477);
#1219=VERTEX_POINT('',#2479);
#1220=VERTEX_POINT('',#2481);
#1221=VERTEX_POINT('',#2483);
#1222=VERTEX_POINT('',#2485);
#1223=VERTEX_POINT('',#2487);
#1224=VERTEX_POINT('',#2489);
#1225=VERTEX_POINT('',#2491);
#1226=VERTEX_POINT('',#2493);
#1227=VERTEX_POINT('',#2495);
#1228=VERTEX_POINT('',#2497);
#1229=VERTEX_POINT('',#2499);
#1230=VERTEX_POINT('',#2501);
#1231=VERTEX_POINT('',#2503);
#1232=VERTEX_POINT('',#2505);
#1233=VERTEX_POINT('',#2507);
#1234=VERTEX_POINT('',#2509);
#1235=VERTEX_POINT('',#2511);
#1236=VERTEX_POINT('',#2513);
#1237=VERTEX_POINT('',#2515);
#1238=VERTEX_POINT('',#2517);
#1239=VERTEX_POINT('',#2519);
#1240=VERTEX_POINT('',#2521);
#1241=VERTEX_POINT('',#2523);
#1242=VERTEX_POINT('',#2525);
#1243=VERTEX_POINT('',#2527);
#1244=VERTEX_POINT('',#2529);
#1245=VERTEX_POINT('',#2531);
#1246=VERTEX_POINT('',#2534);
#1247=VERTEX_POINT('',#2536);
#1248=VERTEX_POINT('',#2538);
#1249=VERTEX_POINT('',#2540);
#1250=VERTEX_POINT('',#2550);
#1251=VERTEX_POINT('',#2552);
#1252=VERTEX_POINT('',#2556);
#1253=VERTEX_POINT('',#2558);
#1254=VERTEX_POINT('',#2563);
#1255=VERTEX_POINT('',#2565);
#1256=VERTEX_POINT('',#2570);
#1257=VERTEX_POINT('',#2572);
#1258=VERTEX_POINT('',#2577);
#1259=VERTEX_POINT('',#2579);
#1260=VERTEX_POINT('',#2584);
#1261=VERTEX_POINT('',#2586);
#1262=VERTEX_POINT('',#2590);
#1263=VERTEX_POINT('',#2594);
#1264=VERTEX_POINT('',#2598);
#1265=VERTEX_POINT('',#2602);
#1266=VERTEX_POINT('',#2606);
#1267=VERTEX_POINT('',#2610);
#1268=VERTEX_POINT('',#2614);
#1269=VERTEX_POINT('',#2618);
#1270=VERTEX_POINT('',#2622);
#1271=VERTEX_POINT('',#2626);
#1272=VERTEX_POINT('',#2630);
#1273=VERTEX_POINT('',#2634);
#1274=VERTEX_POINT('',#2638);
#1275=VERTEX_POINT('',#2642);
#1276=VERTEX_POINT('',#2646);
#1277=VERTEX_POINT('',#2650);
#1278=VERTEX_POINT('',#2654);
#1279=VERTEX_POINT('',#2658);
#1280=VERTEX_POINT('',#2662);
#1281=VERTEX_POINT('',#2666);
#1282=VERTEX_POINT('',#2670);
#1283=VERTEX_POINT('',#2674);
#1284=VERTEX_POINT('',#2678);
#1285=VERTEX_POINT('',#2682);
#1286=VERTEX_POINT('',#2686);
#1287=VERTEX_POINT('',#2690);
#1288=VERTEX_POINT('',#2694);
#1289=VERTEX_POINT('',#2698);
#1290=VERTEX_POINT('',#2702);
#1291=VERTEX_POINT('',#2706);
#1292=VERTEX_POINT('',#2710);
#1293=VERTEX_POINT('',#2714);
#1294=VERTEX_POINT('',#2718);
#1295=VERTEX_POINT('',#2722);
#1296=VERTEX_POINT('',#2726);
#1297=VERTEX_POINT('',#2730);
#1298=VERTEX_POINT('',#2736);
#1299=VERTEX_POINT('',#2740);
#1300=VERTEX_POINT('',#2744);
#1301=VERTEX_POINT('',#2748);
#1302=VERTEX_POINT('',#2752);
#1303=VERTEX_POINT('',#2756);
#1304=VERTEX_POINT('',#2760);
#1305=VERTEX_POINT('',#2764);
#1306=VERTEX_POINT('',#2768);
#1307=VERTEX_POINT('',#2772);
#1308=VERTEX_POINT('',#2776);
#1309=CIRCLE('',#1711,0.005);
#1310=CIRCLE('',#1712,0.005);
#1311=CIRCLE('',#1713,0.005);
#1312=CIRCLE('',#1715,0.00275);
#1313=CIRCLE('',#1717,0.004);
#1314=CIRCLE('',#1719,0.005);
#1315=CIRCLE('',#1720,0.005);
#1316=CIRCLE('',#1721,0.005);
#1317=CIRCLE('',#1723,0.005);
#1318=CIRCLE('',#1724,0.005);
#1319=CIRCLE('',#1726,0.00275);
#1320=CIRCLE('',#1728,0.004);
#1321=CIRCLE('',#1730,0.005);
#1322=CIRCLE('',#1731,0.005);
#1323=CIRCLE('',#1733,0.00275);
#1324=CIRCLE('',#1735,0.004);
#1325=CIRCLE('',#1737,0.005);
#1326=CIRCLE('',#1738,0.005);
#1327=CIRCLE('',#1740,0.00275);
#1328=CIRCLE('',#1742,0.004);
#1329=CIRCLE('',#1745,0.005);
#1330=CIRCLE('',#1748,0.005);
#1331=CIRCLE('',#1751,0.005);
#1332=CIRCLE('',#1754,0.005);
#1333=CIRCLE('',#1756,0.005);
#1334=CIRCLE('',#1759,0.005);
#1335=CIRCLE('',#1762,0.005);
#1336=CIRCLE('',#1763,0.005);
#1337=CIRCLE('',#1764,0.0015);
#1338=CIRCLE('',#1765,0.0015);
#1339=CIRCLE('',#1766,0.0015);
#1340=CIRCLE('',#1767,0.0015);
#1341=CIRCLE('',#1774,0.00275);
#1342=CIRCLE('',#1775,0.0015);
#1343=CIRCLE('',#1779,0.00275);
#1344=CIRCLE('',#1780,0.0015);
#1345=CIRCLE('',#1784,0.00275);
#1346=CIRCLE('',#1785,0.0015);
#1347=CIRCLE('',#1789,0.00275);
#1348=CIRCLE('',#1790,0.0015);
#1349=EDGE_LOOP('',(#468));
#1350=EDGE_LOOP('',(#469,#470));
#1351=EDGE_LOOP('',(#471));
#1352=EDGE_LOOP('',(#472));
#1353=EDGE_LOOP('',(#473,#474,#475,#476));
#1354=EDGE_LOOP('',(#477,#478,#479,#480,#481,#482,#483,#484));
#1355=EDGE_LOOP('',(#485));
#1356=EDGE_LOOP('',(#486,#487));
#1357=EDGE_LOOP('',(#488));
#1358=EDGE_LOOP('',(#489));
#1359=EDGE_LOOP('',(#490,#491,#492,#493));
#1360=EDGE_LOOP('',(#494));
#1361=EDGE_LOOP('',(#495,#496));
#1362=EDGE_LOOP('',(#497));
#1363=EDGE_LOOP('',(#498));
#1364=EDGE_LOOP('',(#499,#500,#501,#502));
#1365=EDGE_LOOP('',(#503));
#1366=EDGE_LOOP('',(#504,#505));
#1367=EDGE_LOOP('',(#506));
#1368=EDGE_LOOP('',(#507));
#1369=EDGE_LOOP('',(#508,#509,#510,#511));
#1370=EDGE_LOOP('',(#512,#513,#514,#515,#516,#517));
#1371=EDGE_LOOP('',(#518,#519,#520,#521));
#1372=EDGE_LOOP('',(#522,#523,#524,#525,#526,#527));
#1373=EDGE_LOOP('',(#528,#529,#530,#531));
#1374=EDGE_LOOP('',(#532,#533,#534,#535,#536,#537));
#1375=EDGE_LOOP('',(#538,#539,#540,#541));
#1376=EDGE_LOOP('',(#542,#543,#544,#545,#546,#547));
#1377=EDGE_LOOP('',(#548,#549,#550,#551));
#1378=EDGE_LOOP('',(#552,#553,#554,#555));
#1379=EDGE_LOOP('',(#556,#557,#558,#559));
#1380=EDGE_LOOP('',(#560,#561,#562,#563));
#1381=EDGE_LOOP('',(#564,#565,#566,#567));
#1382=EDGE_LOOP('',(#568,#569,#570,#571,#572,#573,#574,#575));
#1383=EDGE_LOOP('',(#576,#577,#578,#579,#580,#581,#582,#583,#584,#585,#586,
#587,#588,#589,#590,#591,#592,#593,#594,#595,#596,#597,#598,#599,#600,#601,
#602,#603,#604,#605,#606,#607,#608,#609,#610,#611,#612,#613,#614,#615,#616,
#617,#618,#619,#620,#621,#622,#623,#624,#625,#626));
#1384=EDGE_LOOP('',(#627));
#1385=EDGE_LOOP('',(#628));
#1386=EDGE_LOOP('',(#629));
#1387=EDGE_LOOP('',(#630));
#1388=EDGE_LOOP('',(#631,#632,#633,#634));
#1389=EDGE_LOOP('',(#635,#636,#637,#638));
#1390=EDGE_LOOP('',(#639,#640,#641,#642));
#1391=EDGE_LOOP('',(#643,#644,#645,#646));
#1392=EDGE_LOOP('',(#647,#648,#649,#650));
#1393=EDGE_LOOP('',(#651));
#1394=EDGE_LOOP('',(#652));
#1395=EDGE_LOOP('',(#653));
#1396=EDGE_LOOP('',(#654));
#1397=EDGE_LOOP('',(#655));
#1398=EDGE_LOOP('',(#656));
#1399=EDGE_LOOP('',(#657));
#1400=EDGE_LOOP('',(#658));
#1401=EDGE_LOOP('',(#659));
#1402=EDGE_LOOP('',(#660));
#1403=EDGE_LOOP('',(#661));
#1404=EDGE_LOOP('',(#662));
#1405=EDGE_LOOP('',(#663));
#1406=EDGE_LOOP('',(#664));
#1407=EDGE_LOOP('',(#665));
#1408=EDGE_LOOP('',(#666));
#1409=EDGE_LOOP('',(#667));
#1410=EDGE_LOOP('',(#668));
#1411=EDGE_LOOP('',(#669));
#1412=EDGE_LOOP('',(#670));
#1413=EDGE_LOOP('',(#671));
#1414=EDGE_LOOP('',(#672));
#1415=EDGE_LOOP('',(#673));
#1416=EDGE_LOOP('',(#674));
#1417=EDGE_LOOP('',(#675,#676,#677,#678));
#1418=EDGE_LOOP('',(#679,#680,#681,#682));
#1419=EDGE_LOOP('',(#683,#684,#685,#686));
#1420=EDGE_LOOP('',(#687,#688,#689,#690));
#1421=EDGE_LOOP('',(#691,#692,#693,#694));
#1422=EDGE_LOOP('',(#695,#696,#697,#698));
#1423=EDGE_LOOP('',(#699,#700,#701,#702));
#1424=EDGE_LOOP('',(#703,#704,#705,#706));
#1425=EDGE_LOOP('',(#707,#708,#709,#710));
#1426=EDGE_LOOP('',(#711,#712,#713,#714));
#1427=EDGE_LOOP('',(#715,#716,#717,#718));
#1428=EDGE_LOOP('',(#719,#720,#721,#722));
#1429=EDGE_LOOP('',(#723,#724,#725,#726));
#1430=EDGE_LOOP('',(#727,#728,#729,#730));
#1431=EDGE_LOOP('',(#731,#732,#733,#734));
#1432=EDGE_LOOP('',(#735,#736,#737,#738));
#1433=EDGE_LOOP('',(#739,#740,#741,#742));
#1434=EDGE_LOOP('',(#743,#744,#745,#746));
#1435=EDGE_LOOP('',(#747,#748,#749,#750));
#1436=EDGE_LOOP('',(#751,#752,#753,#754));
#1437=EDGE_LOOP('',(#755,#756,#757,#758));
#1438=EDGE_LOOP('',(#759,#760,#761,#762));
#1439=EDGE_LOOP('',(#763,#764,#765,#766));
#1440=EDGE_LOOP('',(#767,#768,#769,#770));
#1441=EDGE_LOOP('',(#771,#772,#773,#774));
#1442=EDGE_LOOP('',(#775,#776,#777,#778));
#1443=EDGE_LOOP('',(#779,#780,#781,#782));
#1444=EDGE_LOOP('',(#783,#784,#785,#786));
#1445=EDGE_LOOP('',(#787,#788,#789,#790));
#1446=EDGE_LOOP('',(#791,#792,#793,#794));
#1447=EDGE_LOOP('',(#795,#796,#797,#798));
#1448=EDGE_LOOP('',(#799,#800,#801,#802));
#1449=EDGE_LOOP('',(#803,#804,#805,#806));
#1450=EDGE_LOOP('',(#807,#808,#809,#810));
#1451=EDGE_LOOP('',(#811,#812,#813,#814));
#1452=EDGE_LOOP('',(#815,#816,#817,#818));
#1453=EDGE_LOOP('',(#819,#820,#821,#822));
#1454=EDGE_LOOP('',(#823,#824,#825,#826));
#1455=EDGE_LOOP('',(#827,#828,#829,#830));
#1456=EDGE_LOOP('',(#831,#832,#833,#834));
#1457=EDGE_LOOP('',(#835,#836,#837,#838));
#1458=EDGE_LOOP('',(#839,#840,#841,#842));
#1459=EDGE_LOOP('',(#843,#844,#845,#846));
#1460=EDGE_LOOP('',(#847,#848,#849,#850));
#1461=EDGE_LOOP('',(#851,#852,#853,#854));
#1462=EDGE_LOOP('',(#855,#856,#857,#858));
#1463=EDGE_LOOP('',(#859,#860,#861,#862));
#1464=EDGE_LOOP('',(#863,#864,#865,#866));
#1465=EDGE_LOOP('',(#867,#868,#869,#870));
#1466=EDGE_LOOP('',(#871,#872,#873,#874));
#1467=EDGE_LOOP('',(#875,#876,#877,#878,#879,#880,#881,#882,#883,#884,#885,
#886,#887,#888,#889,#890,#891,#892,#893,#894,#895,#896,#897,#898,#899,#900,
#901,#902,#903,#904,#905,#906,#907,#908,#909,#910,#911,#912,#913,#914,#915,
#916,#917,#918,#919,#920,#921,#922,#923,#924,#925));
#1468=FACE_BOUND('',#1349,.T.);
#1469=FACE_BOUND('',#1350,.T.);
#1470=FACE_BOUND('',#1351,.T.);
#1471=FACE_BOUND('',#1352,.T.);
#1472=FACE_BOUND('',#1353,.T.);
#1473=FACE_BOUND('',#1354,.T.);
#1474=FACE_BOUND('',#1355,.T.);
#1475=FACE_BOUND('',#1356,.T.);
#1476=FACE_BOUND('',#1357,.T.);
#1477=FACE_BOUND('',#1358,.T.);
#1478=FACE_BOUND('',#1359,.T.);
#1479=FACE_BOUND('',#1360,.T.);
#1480=FACE_BOUND('',#1361,.T.);
#1481=FACE_BOUND('',#1362,.T.);
#1482=FACE_BOUND('',#1363,.T.);
#1483=FACE_BOUND('',#1364,.T.);
#1484=FACE_BOUND('',#1365,.T.);
#1485=FACE_BOUND('',#1366,.T.);
#1486=FACE_BOUND('',#1367,.T.);
#1487=FACE_BOUND('',#1368,.T.);
#1488=FACE_BOUND('',#1369,.T.);
#1489=FACE_BOUND('',#1370,.T.);
#1490=FACE_BOUND('',#1371,.T.);
#1491=FACE_BOUND('',#1372,.T.);
#1492=FACE_BOUND('',#1373,.T.);
#1493=FACE_BOUND('',#1374,.T.);
#1494=FACE_BOUND('',#1375,.T.);
#1495=FACE_BOUND('',#1376,.T.);
#1496=FACE_BOUND('',#1377,.T.);
#1497=FACE_BOUND('',#1378,.T.);
#1498=FACE_BOUND('',#1379,.T.);
#1499=FACE_BOUND('',#1380,.T.);
#1500=FACE_BOUND('',#1381,.T.);
#1501=FACE_BOUND('',#1382,.T.);
#1502=FACE_BOUND('',#1383,.T.);
#1503=FACE_BOUND('',#1384,.T.);
#1504=FACE_BOUND('',#1385,.T.);
#1505=FACE_BOUND('',#1386,.T.);
#1506=FACE_BOUND('',#1387,.T.);
#1507=FACE_BOUND('',#1388,.T.);
#1508=FACE_BOUND('',#1389,.T.);
#1509=FACE_BOUND('',#1390,.T.);
#1510=FACE_BOUND('',#1391,.T.);
#1511=FACE_BOUND('',#1392,.T.);
#1512=FACE_BOUND('',#1393,.T.);
#1513=FACE_BOUND('',#1394,.T.);
#1514=FACE_BOUND('',#1395,.T.);
#1515=FACE_BOUND('',#1396,.T.);
#1516=FACE_BOUND('',#1397,.T.);
#1517=FACE_BOUND('',#1398,.T.);
#1518=FACE_BOUND('',#1399,.T.);
#1519=FACE_BOUND('',#1400,.T.);
#1520=FACE_BOUND('',#1401,.T.);
#1521=FACE_BOUND('',#1402,.T.);
#1522=FACE_BOUND('',#1403,.T.);
#1523=FACE_BOUND('',#1404,.T.);
#1524=FACE_BOUND('',#1405,.T.);
#1525=FACE_BOUND('',#1406,.T.);
#1526=FACE_BOUND('',#1407,.T.);
#1527=FACE_BOUND('',#1408,.T.);
#1528=FACE_BOUND('',#1409,.T.);
#1529=FACE_BOUND('',#1410,.T.);
#1530=FACE_BOUND('',#1411,.T.);
#1531=FACE_BOUND('',#1412,.T.);
#1532=FACE_BOUND('',#1413,.T.);
#1533=FACE_BOUND('',#1414,.T.);
#1534=FACE_BOUND('',#1415,.T.);
#1535=FACE_BOUND('',#1416,.T.);
#1536=FACE_BOUND('',#1417,.T.);
#1537=FACE_BOUND('',#1418,.T.);
#1538=FACE_BOUND('',#1419,.T.);
#1539=FACE_BOUND('',#1420,.T.);
#1540=FACE_BOUND('',#1421,.T.);
#1541=FACE_BOUND('',#1422,.T.);
#1542=FACE_BOUND('',#1423,.T.);
#1543=FACE_BOUND('',#1424,.T.);
#1544=FACE_BOUND('',#1425,.T.);
#1545=FACE_BOUND('',#1426,.T.);
#1546=FACE_BOUND('',#1427,.T.);
#1547=FACE_BOUND('',#1428,.T.);
#1548=FACE_BOUND('',#1429,.T.);
#1549=FACE_BOUND('',#1430,.T.);
#1550=FACE_BOUND('',#1431,.T.);
#1551=FACE_BOUND('',#1432,.T.);
#1552=FACE_BOUND('',#1433,.T.);
#1553=FACE_BOUND('',#1434,.T.);
#1554=FACE_BOUND('',#1435,.T.);
#1555=FACE_BOUND('',#1436,.T.);
#1556=FACE_BOUND('',#1437,.T.);
#1557=FACE_BOUND('',#1438,.T.);
#1558=FACE_BOUND('',#1439,.T.);
#1559=FACE_BOUND('',#1440,.T.);
#1560=FACE_BOUND('',#1441,.T.);
#1561=FACE_BOUND('',#1442,.T.);
#1562=FACE_BOUND('',#1443,.T.);
#1563=FACE_BOUND('',#1444,.T.);
#1564=FACE_BOUND('',#1445,.T.);
#1565=FACE_BOUND('',#1446,.T.);
#1566=FACE_BOUND('',#1447,.T.);
#1567=FACE_BOUND('',#1448,.T.);
#1568=FACE_BOUND('',#1449,.T.);
#1569=FACE_BOUND('',#1450,.T.);
#1570=FACE_BOUND('',#1451,.T.);
#1571=FACE_BOUND('',#1452,.T.);
#1572=FACE_BOUND('',#1453,.T.);
#1573=FACE_BOUND('',#1454,.T.);
#1574=FACE_BOUND('',#1455,.T.);
#1575=FACE_BOUND('',#1456,.T.);
#1576=FACE_BOUND('',#1457,.T.);
#1577=FACE_BOUND('',#1458,.T.);
#1578=FACE_BOUND('',#1459,.T.);
#1579=FACE_BOUND('',#1460,.T.);
#1580=FACE_BOUND('',#1461,.T.);
#1581=FACE_BOUND('',#1462,.T.);
#1582=FACE_BOUND('',#1463,.T.);
#1583=FACE_BOUND('',#1464,.T.);
#1584=FACE_BOUND('',#1465,.T.);
#1585=FACE_BOUND('',#1466,.T.);
#1586=FACE_BOUND('',#1467,.T.);
#1587=CYLINDRICAL_SURFACE('',#1710,0.005);
#1588=CYLINDRICAL_SURFACE('',#1722,0.005);
#1589=CYLINDRICAL_SURFACE('',#1729,0.005);
#1590=CYLINDRICAL_SURFACE('',#1736,0.005);
#1591=CYLINDRICAL_SURFACE('',#1755,0.005);
#1592=CYLINDRICAL_SURFACE('',#1758,0.005);
#1593=CYLINDRICAL_SURFACE('',#1768,0.005);
#1594=CYLINDRICAL_SURFACE('',#1770,0.005);
#1595=CYLINDRICAL_SURFACE('',#1776,0.00275);
#1596=CYLINDRICAL_SURFACE('',#1777,0.0015);
#1597=CYLINDRICAL_SURFACE('',#1781,0.00275);
#1598=CYLINDRICAL_SURFACE('',#1782,0.0015);
#1599=CYLINDRICAL_SURFACE('',#1786,0.00275);
#1600=CYLINDRICAL_SURFACE('',#1787,0.0015);
#1601=CYLINDRICAL_SURFACE('',#1791,0.00275);
#1602=CYLINDRICAL_SURFACE('',#1792,0.0015);
#1603=ADVANCED_FACE('',(#1468,#1469),#1587,.F.);
#1604=ADVANCED_FACE('',(#1470,#1471),#394,.F.);
#1605=ADVANCED_FACE('',(#1472),#395,.T.);
#1606=ADVANCED_FACE('',(#1473),#396,.T.);
#1607=ADVANCED_FACE('',(#1474,#1475),#1588,.F.);
#1608=ADVANCED_FACE('',(#1476,#1477),#397,.F.);
#1609=ADVANCED_FACE('',(#1478),#398,.T.);
#1610=ADVANCED_FACE('',(#1479,#1480),#1589,.F.);
#1611=ADVANCED_FACE('',(#1481,#1482),#399,.F.);
#1612=ADVANCED_FACE('',(#1483),#400,.T.);
#1613=ADVANCED_FACE('',(#1484,#1485),#1590,.F.);
#1614=ADVANCED_FACE('',(#1486,#1487),#401,.F.);
#1615=ADVANCED_FACE('',(#1488),#402,.T.);
#1616=ADVANCED_FACE('',(#1489),#403,.T.);
#1617=ADVANCED_FACE('',(#1490),#12,.T.);
#1618=ADVANCED_FACE('',(#1491),#404,.T.);
#1619=ADVANCED_FACE('',(#1492),#13,.T.);
#1620=ADVANCED_FACE('',(#1493),#405,.T.);
#1621=ADVANCED_FACE('',(#1494),#14,.T.);
#1622=ADVANCED_FACE('',(#1495),#406,.T.);
#1623=ADVANCED_FACE('',(#1496),#15,.T.);
#1624=ADVANCED_FACE('',(#1497),#1591,.T.);
#1625=ADVANCED_FACE('',(#1498),#407,.T.);
#1626=ADVANCED_FACE('',(#1499),#1592,.T.);
#1627=ADVANCED_FACE('',(#1500),#408,.T.);
#1628=ADVANCED_FACE('',(#1501,#1502,#1503,#1504,#1505,#1506),#409,.F.);
#1629=ADVANCED_FACE('',(#1507),#1593,.T.);
#1630=ADVANCED_FACE('',(#1508),#410,.T.);
#1631=ADVANCED_FACE('',(#1509),#1594,.T.);
#1632=ADVANCED_FACE('',(#1510),#411,.T.);
#1633=ADVANCED_FACE('',(#1511),#412,.F.);
#1634=ADVANCED_FACE('',(#1512,#1513),#413,.F.);
#1635=ADVANCED_FACE('',(#1514,#1515),#1595,.F.);
#1636=ADVANCED_FACE('',(#1516,#1517),#1596,.F.);
#1637=ADVANCED_FACE('',(#1518,#1519),#414,.F.);
#1638=ADVANCED_FACE('',(#1520,#1521),#1597,.F.);
#1639=ADVANCED_FACE('',(#1522,#1523),#1598,.F.);
#1640=ADVANCED_FACE('',(#1524,#1525),#415,.F.);
#1641=ADVANCED_FACE('',(#1526,#1527),#1599,.F.);
#1642=ADVANCED_FACE('',(#1528,#1529),#1600,.F.);
#1643=ADVANCED_FACE('',(#1530,#1531),#416,.F.);
#1644=ADVANCED_FACE('',(#1532,#1533),#1601,.F.);
#1645=ADVANCED_FACE('',(#1534,#1535),#1602,.F.);
#1646=ADVANCED_FACE('',(#1536),#417,.F.);
#1647=ADVANCED_FACE('',(#1537),#418,.F.);
#1648=ADVANCED_FACE('',(#1538),#419,.F.);
#1649=ADVANCED_FACE('',(#1539),#420,.F.);
#1650=ADVANCED_FACE('',(#1540),#421,.F.);
#1651=ADVANCED_FACE('',(#1541),#422,.F.);
#1652=ADVANCED_FACE('',(#1542),#423,.F.);
#1653=ADVANCED_FACE('',(#1543),#424,.F.);
#1654=ADVANCED_FACE('',(#1544),#425,.F.);
#1655=ADVANCED_FACE('',(#1545),#426,.F.);
#1656=ADVANCED_FACE('',(#1546),#427,.F.);
#1657=ADVANCED_FACE('',(#1547),#428,.F.);
#1658=ADVANCED_FACE('',(#1548),#429,.F.);
#1659=ADVANCED_FACE('',(#1549),#430,.F.);
#1660=ADVANCED_FACE('',(#1550),#431,.F.);
#1661=ADVANCED_FACE('',(#1551),#432,.F.);
#1662=ADVANCED_FACE('',(#1552),#433,.F.);
#1663=ADVANCED_FACE('',(#1553),#434,.F.);
#1664=ADVANCED_FACE('',(#1554),#435,.F.);
#1665=ADVANCED_FACE('',(#1555),#436,.F.);
#1666=ADVANCED_FACE('',(#1556),#437,.F.);
#1667=ADVANCED_FACE('',(#1557),#438,.F.);
#1668=ADVANCED_FACE('',(#1558),#439,.F.);
#1669=ADVANCED_FACE('',(#1559),#440,.F.);
#1670=ADVANCED_FACE('',(#1560),#441,.F.);
#1671=ADVANCED_FACE('',(#1561),#442,.F.);
#1672=ADVANCED_FACE('',(#1562),#443,.F.);
#1673=ADVANCED_FACE('',(#1563),#444,.F.);
#1674=ADVANCED_FACE('',(#1564),#445,.F.);
#1675=ADVANCED_FACE('',(#1565),#446,.F.);
#1676=ADVANCED_FACE('',(#1566),#447,.F.);
#1677=ADVANCED_FACE('',(#1567),#448,.F.);
#1678=ADVANCED_FACE('',(#1568),#449,.F.);
#1679=ADVANCED_FACE('',(#1569),#450,.F.);
#1680=ADVANCED_FACE('',(#1570),#451,.F.);
#1681=ADVANCED_FACE('',(#1571),#452,.F.);
#1682=ADVANCED_FACE('',(#1572),#453,.F.);
#1683=ADVANCED_FACE('',(#1573),#454,.F.);
#1684=ADVANCED_FACE('',(#1574),#455,.F.);
#1685=ADVANCED_FACE('',(#1575),#456,.F.);
#1686=ADVANCED_FACE('',(#1576),#457,.F.);
#1687=ADVANCED_FACE('',(#1577),#458,.F.);
#1688=ADVANCED_FACE('',(#1578),#459,.F.);
#1689=ADVANCED_FACE('',(#1579),#460,.F.);
#1690=ADVANCED_FACE('',(#1580),#461,.F.);
#1691=ADVANCED_FACE('',(#1581),#462,.F.);
#1692=ADVANCED_FACE('',(#1582),#463,.F.);
#1693=ADVANCED_FACE('',(#1583),#464,.F.);
#1694=ADVANCED_FACE('',(#1584),#465,.F.);
#1695=ADVANCED_FACE('',(#1585),#466,.F.);
#1696=ADVANCED_FACE('',(#1586),#467,.F.);
#1697=CLOSED_SHELL('',(#1603,#1604,#1605,#1606,#1607,#1608,#1609,#1610,
#1611,#1612,#1613,#1614,#1615,#1616,#1617,#1618,#1619,#1620,#1621,#1622,
#1623,#1624,#1625,#1626,#1627,#1628,#1629,#1630,#1631,#1632,#1633,#1634,
#1635,#1636,#1637,#1638,#1639,#1640,#1641,#1642,#1643,#1644,#1645,#1646,
#1647,#1648,#1649,#1650,#1651,#1652,#1653,#1654,#1655,#1656,#1657,#1658,
#1659,#1660,#1661,#1662,#1663,#1664,#1665,#1666,#1667,#1668,#1669,#1670,
#1671,#1672,#1673,#1674,#1675,#1676,#1677,#1678,#1679,#1680,#1681,#1682,
#1683,#1684,#1685,#1686,#1687,#1688,#1689,#1690,#1691,#1692,#1693,#1694,
#1695,#1696));
#1698=STYLED_ITEM('',(#1699),#1706);
#1699=PRESENTATION_STYLE_ASSIGNMENT((#1700));
#1700=SURFACE_STYLE_USAGE(.BOTH.,#1701);
#1701=SURFACE_SIDE_STYLE('',(#1702));
#1702=SURFACE_STYLE_FILL_AREA(#1703);
#1703=FILL_AREA_STYLE('',(#1704));
#1704=FILL_AREA_STYLE_COLOUR('',#1705);
#1705=COLOUR_RGB('',0.627450980392157,0.627450980392157,0.627450980392157);
#1706=MANIFOLD_SOLID_BREP('Bottom',#1697);
#1707=SHAPE_DEFINITION_REPRESENTATION(#2787,#1708);
#1708=SHAPE_REPRESENTATION('Bottom',(#1709),#2782);
#1709=AXIS2_PLACEMENT_3D('',#2303,#1844,#1845);
#1710=AXIS2_PLACEMENT_3D('',#2304,#1846,#1847);
#1711=AXIS2_PLACEMENT_3D('',#2305,#1848,#1849);
#1712=AXIS2_PLACEMENT_3D('',#2307,#1850,#1851);
#1713=AXIS2_PLACEMENT_3D('',#2310,#1852,#1853);
#1714=AXIS2_PLACEMENT_3D('',#2311,#1854,#1855);
#1715=AXIS2_PLACEMENT_3D('',#2312,#1856,#1857);
#1716=AXIS2_PLACEMENT_3D('',#2314,#1858,#1859);
#1717=AXIS2_PLACEMENT_3D('',#2317,#1861,#1862);
#1718=AXIS2_PLACEMENT_3D('',#2320,#1864,#1865);
#1719=AXIS2_PLACEMENT_3D('',#2325,#1868,#1869);
#1720=AXIS2_PLACEMENT_3D('',#2329,#1871,#1872);
#1721=AXIS2_PLACEMENT_3D('',#2333,#1874,#1875);
#1722=AXIS2_PLACEMENT_3D('',#2334,#1876,#1877);
#1723=AXIS2_PLACEMENT_3D('',#2335,#1878,#1879);
#1724=AXIS2_PLACEMENT_3D('',#2337,#1880,#1881);
#1725=AXIS2_PLACEMENT_3D('',#2338,#1882,#1883);
#1726=AXIS2_PLACEMENT_3D('',#2339,#1884,#1885);
#1727=AXIS2_PLACEMENT_3D('',#2341,#1886,#1887);
#1728=AXIS2_PLACEMENT_3D('',#2344,#1889,#1890);
#1729=AXIS2_PLACEMENT_3D('',#2347,#1892,#1893);
#1730=AXIS2_PLACEMENT_3D('',#2348,#1894,#1895);
#1731=AXIS2_PLACEMENT_3D('',#2350,#1896,#1897);
#1732=AXIS2_PLACEMENT_3D('',#2351,#1898,#1899);
#1733=AXIS2_PLACEMENT_3D('',#2352,#1900,#1901);
#1734=AXIS2_PLACEMENT_3D('',#2354,#1902,#1903);
#1735=AXIS2_PLACEMENT_3D('',#2357,#1905,#1906);
#1736=AXIS2_PLACEMENT_3D('',#2360,#1908,#1909);
#1737=AXIS2_PLACEMENT_3D('',#2361,#1910,#1911);
#1738=AXIS2_PLACEMENT_3D('',#2363,#1912,#1913);
#1739=AXIS2_PLACEMENT_3D('',#2364,#1914,#1915);
#1740=AXIS2_PLACEMENT_3D('',#2365,#1916,#1917);
#1741=AXIS2_PLACEMENT_3D('',#2367,#1918,#1919);
#1742=AXIS2_PLACEMENT_3D('',#2370,#1921,#1922);
#1743=AXIS2_PLACEMENT_3D('',#2373,#1924,#1925);
#1744=AXIS2_PLACEMENT_3D('',#2379,#1929,#1930);
#1745=AXIS2_PLACEMENT_3D('',#2382,#1932,#1933);
#1746=AXIS2_PLACEMENT_3D('',#2383,#1934,#1935);
#1747=AXIS2_PLACEMENT_3D('',#2387,#1938,#1939);
#1748=AXIS2_PLACEMENT_3D('',#2390,#1941,#1942);
#1749=AXIS2_PLACEMENT_3D('',#2391,#1943,#1944);
#1750=AXIS2_PLACEMENT_3D('',#2395,#1947,#1948);
#1751=AXIS2_PLACEMENT_3D('',#2398,#1950,#1951);
#1752=AXIS2_PLACEMENT_3D('',#2399,#1952,#1953);
#1753=AXIS2_PLACEMENT_3D('',#2403,#1956,#1957);
#1754=AXIS2_PLACEMENT_3D('',#2404,#1958,#1959);
#1755=AXIS2_PLACEMENT_3D('',#2405,#1960,#1961);
#1756=AXIS2_PLACEMENT_3D('',#2408,#1963,#1964);
#1757=AXIS2_PLACEMENT_3D('',#2411,#1966,#1967);
#1758=AXIS2_PLACEMENT_3D('',#2415,#1970,#1971);
#1759=AXIS2_PLACEMENT_3D('',#2418,#1973,#1974);
#1760=AXIS2_PLACEMENT_3D('',#2419,#1975,#1976);
#1761=AXIS2_PLACEMENT_3D('',#2423,#1979,#1980);
#1762=AXIS2_PLACEMENT_3D('',#2424,#1981,#1982);
#1763=AXIS2_PLACEMENT_3D('',#2428,#1984,#1985);
#1764=AXIS2_PLACEMENT_3D('',#2533,#2038,#2039);
#1765=AXIS2_PLACEMENT_3D('',#2535,#2040,#2041);
#1766=AXIS2_PLACEMENT_3D('',#2537,#2042,#2043);
#1767=AXIS2_PLACEMENT_3D('',#2539,#2044,#2045);
#1768=AXIS2_PLACEMENT_3D('',#2541,#2046,#2047);
#1769=AXIS2_PLACEMENT_3D('',#2544,#2050,#2051);
#1770=AXIS2_PLACEMENT_3D('',#2546,#2053,#2054);
#1771=AXIS2_PLACEMENT_3D('',#2547,#2055,#2056);
#1772=AXIS2_PLACEMENT_3D('',#2548,#2057,#2058);
#1773=AXIS2_PLACEMENT_3D('',#2554,#2062,#2063);
#1774=AXIS2_PLACEMENT_3D('',#2555,#2064,#2065);
#1775=AXIS2_PLACEMENT_3D('',#2557,#2066,#2067);
#1776=AXIS2_PLACEMENT_3D('',#2559,#2068,#2069);
#1777=AXIS2_PLACEMENT_3D('',#2560,#2070,#2071);
#1778=AXIS2_PLACEMENT_3D('',#2561,#2072,#2073);
#1779=AXIS2_PLACEMENT_3D('',#2562,#2074,#2075);
#1780=AXIS2_PLACEMENT_3D('',#2564,#2076,#2077);
#1781=AXIS2_PLACEMENT_3D('',#2566,#2078,#2079);
#1782=AXIS2_PLACEMENT_3D('',#2567,#2080,#2081);
#1783=AXIS2_PLACEMENT_3D('',#2568,#2082,#2083);
#1784=AXIS2_PLACEMENT_3D('',#2569,#2084,#2085);
#1785=AXIS2_PLACEMENT_3D('',#2571,#2086,#2087);
#1786=AXIS2_PLACEMENT_3D('',#2573,#2088,#2089);
#1787=AXIS2_PLACEMENT_3D('',#2574,#2090,#2091);
#1788=AXIS2_PLACEMENT_3D('',#2575,#2092,#2093);
#1789=AXIS2_PLACEMENT_3D('',#2576,#2094,#2095);
#1790=AXIS2_PLACEMENT_3D('',#2578,#2096,#2097);
#1791=AXIS2_PLACEMENT_3D('',#2580,#2098,#2099);
#1792=AXIS2_PLACEMENT_3D('',#2581,#2100,#2101);
#1793=AXIS2_PLACEMENT_3D('',#2582,#2102,#2103);
#1794=AXIS2_PLACEMENT_3D('',#2588,#2107,#2108);
#1795=AXIS2_PLACEMENT_3D('',#2592,#2111,#2112);
#1796=AXIS2_PLACEMENT_3D('',#2596,#2115,#2116);
#1797=AXIS2_PLACEMENT_3D('',#2600,#2119,#2120);
#1798=AXIS2_PLACEMENT_3D('',#2604,#2123,#2124);
#1799=AXIS2_PLACEMENT_3D('',#2608,#2127,#2128);
#1800=AXIS2_PLACEMENT_3D('',#2612,#2131,#2132);
#1801=AXIS2_PLACEMENT_3D('',#2616,#2135,#2136);
#1802=AXIS2_PLACEMENT_3D('',#2620,#2139,#2140);
#1803=AXIS2_PLACEMENT_3D('',#2624,#2143,#2144);
#1804=AXIS2_PLACEMENT_3D('',#2628,#2147,#2148);
#1805=AXIS2_PLACEMENT_3D('',#2632,#2151,#2152);
#1806=AXIS2_PLACEMENT_3D('',#2636,#2155,#2156);
#1807=AXIS2_PLACEMENT_3D('',#2640,#2159,#2160);
#1808=AXIS2_PLACEMENT_3D('',#2644,#2163,#2164);
#1809=AXIS2_PLACEMENT_3D('',#2648,#2167,#2168);
#1810=AXIS2_PLACEMENT_3D('',#2652,#2171,#2172);
#1811=AXIS2_PLACEMENT_3D('',#2656,#2175,#2176);
#1812=AXIS2_PLACEMENT_3D('',#2660,#2179,#2180);
#1813=AXIS2_PLACEMENT_3D('',#2664,#2183,#2184);
#1814=AXIS2_PLACEMENT_3D('',#2668,#2187,#2188);
#1815=AXIS2_PLACEMENT_3D('',#2672,#2191,#2192);
#1816=AXIS2_PLACEMENT_3D('',#2676,#2195,#2196);
#1817=AXIS2_PLACEMENT_3D('',#2680,#2199,#2200);
#1818=AXIS2_PLACEMENT_3D('',#2684,#2203,#2204);
#1819=AXIS2_PLACEMENT_3D('',#2688,#2207,#2208);
#1820=AXIS2_PLACEMENT_3D('',#2692,#2211,#2212);
#1821=AXIS2_PLACEMENT_3D('',#2696,#2215,#2216);
#1822=AXIS2_PLACEMENT_3D('',#2700,#2219,#2220);
#1823=AXIS2_PLACEMENT_3D('',#2704,#2223,#2224);
#1824=AXIS2_PLACEMENT_3D('',#2708,#2227,#2228);
#1825=AXIS2_PLACEMENT_3D('',#2712,#2231,#2232);
#1826=AXIS2_PLACEMENT_3D('',#2716,#2235,#2236);
#1827=AXIS2_PLACEMENT_3D('',#2720,#2239,#2240);
#1828=AXIS2_PLACEMENT_3D('',#2724,#2243,#2244);
#1829=AXIS2_PLACEMENT_3D('',#2728,#2247,#2248);
#1830=AXIS2_PLACEMENT_3D('',#2732,#2251,#2252);
#1831=AXIS2_PLACEMENT_3D('',#2734,#2254,#2255);
#1832=AXIS2_PLACEMENT_3D('',#2738,#2258,#2259);
#1833=AXIS2_PLACEMENT_3D('',#2742,#2262,#2263);
#1834=AXIS2_PLACEMENT_3D('',#2746,#2266,#2267);
#1835=AXIS2_PLACEMENT_3D('',#2750,#2270,#2271);
#1836=AXIS2_PLACEMENT_3D('',#2754,#2274,#2275);
#1837=AXIS2_PLACEMENT_3D('',#2758,#2278,#2279);
#1838=AXIS2_PLACEMENT_3D('',#2762,#2282,#2283);
#1839=AXIS2_PLACEMENT_3D('',#2766,#2286,#2287);
#1840=AXIS2_PLACEMENT_3D('',#2770,#2290,#2291);
#1841=AXIS2_PLACEMENT_3D('',#2774,#2294,#2295);
#1842=AXIS2_PLACEMENT_3D('',#2778,#2298,#2299);
#1843=AXIS2_PLACEMENT_3D('',#2780,#2301,#2302);
#1844=DIRECTION('',(0.,0.,1.));
#1845=DIRECTION('',(1.,0.,0.));
#1846=DIRECTION('',(0.,0.,1.));
#1847=DIRECTION('',(1.,0.,0.));
#1848=DIRECTION('',(0.,0.,1.));
#1849=DIRECTION('',(1.,0.,0.));
#1850=DIRECTION('',(0.,0.,1.));
#1851=DIRECTION('',(1.,0.,0.));
#1852=DIRECTION('',(0.,0.,1.));
#1853=DIRECTION('',(1.,0.,0.));
#1854=DIRECTION('',(0.,0.,1.));
#1855=DIRECTION('',(1.,0.,0.));
#1856=DIRECTION('',(0.,0.,1.));
#1857=DIRECTION('',(1.,0.,0.));
#1858=DIRECTION('',(0.,0.,-1.));
#1859=DIRECTION('',(1.,0.,0.));
#1860=DIRECTION('',(0.,-1.,0.));
#1861=DIRECTION('',(0.,0.,1.));
#1862=DIRECTION('',(1.,0.,0.));
#1863=DIRECTION('',(1.,0.,0.));
#1864=DIRECTION('',(0.,0.,-1.));
#1865=DIRECTION('',(1.,0.,0.));
#1866=DIRECTION('',(0.,-1.,0.));
#1867=DIRECTION('',(1.,0.,0.));
#1868=DIRECTION('',(0.,0.,1.));
#1869=DIRECTION('',(1.,0.,0.));
#1870=DIRECTION('',(0.,-1.,0.));
#1871=DIRECTION('',(0.,0.,1.));
#1872=DIRECTION('',(1.,0.,0.));
#1873=DIRECTION('',(1.,0.,0.));
#1874=DIRECTION('',(0.,0.,1.));
#1875=DIRECTION('',(1.,0.,0.));
#1876=DIRECTION('',(0.,0.,1.));
#1877=DIRECTION('',(1.,0.,0.));
#1878=DIRECTION('',(0.,0.,1.));
#1879=DIRECTION('',(1.,0.,0.));
#1880=DIRECTION('',(0.,0.,1.));
#1881=DIRECTION('',(1.,0.,0.));
#1882=DIRECTION('',(0.,0.,1.));
#1883=DIRECTION('',(1.,0.,0.));
#1884=DIRECTION('',(0.,0.,1.));
#1885=DIRECTION('',(1.,0.,0.));
#1886=DIRECTION('',(0.,0.,-1.));
#1887=DIRECTION('',(1.,0.,0.));
#1888=DIRECTION('',(1.,0.,0.));
#1889=DIRECTION('',(0.,0.,1.));
#1890=DIRECTION('',(1.,0.,0.));
#1891=DIRECTION('',(0.,-1.,0.));
#1892=DIRECTION('',(0.,0.,1.));
#1893=DIRECTION('',(1.,0.,0.));
#1894=DIRECTION('',(0.,0.,1.));
#1895=DIRECTION('',(1.,0.,0.));
#1896=DIRECTION('',(0.,0.,1.));
#1897=DIRECTION('',(1.,0.,0.));
#1898=DIRECTION('',(0.,0.,1.));
#1899=DIRECTION('',(1.,0.,0.));
#1900=DIRECTION('',(0.,0.,1.));
#1901=DIRECTION('',(1.,0.,0.));
#1902=DIRECTION('',(0.,0.,-1.));
#1903=DIRECTION('',(1.,0.,0.));
#1904=DIRECTION('',(0.,-1.,0.));
#1905=DIRECTION('',(0.,0.,1.));
#1906=DIRECTION('',(1.,0.,0.));
#1907=DIRECTION('',(1.,0.,0.));
#1908=DIRECTION('',(0.,0.,1.));
#1909=DIRECTION('',(1.,0.,0.));
#1910=DIRECTION('',(0.,0.,1.));
#1911=DIRECTION('',(1.,0.,0.));
#1912=DIRECTION('',(0.,0.,1.));
#1913=DIRECTION('',(1.,0.,0.));
#1914=DIRECTION('',(0.,0.,1.));
#1915=DIRECTION('',(1.,0.,0.));
#1916=DIRECTION('',(0.,0.,1.));
#1917=DIRECTION('',(1.,0.,0.));
#1918=DIRECTION('',(0.,0.,-1.));
#1919=DIRECTION('',(1.,0.,0.));
#1920=DIRECTION('',(1.,0.,0.));
#1921=DIRECTION('',(0.,0.,1.));
#1922=DIRECTION('',(1.,0.,0.));
#1923=DIRECTION('',(0.,-1.,0.));
#1924=DIRECTION('',(0.,-0.707106781186549,-0.707106781186546));
#1925=DIRECTION('',(1.,0.,0.));
#1926=DIRECTION('',(0.,-0.707106781186546,0.707106781186549));
#1927=DIRECTION('',(1.,0.,0.));
#1928=DIRECTION('',(0.,-0.707106781186546,0.707106781186549));
#1929=DIRECTION('',(0.,0.,1.));
#1930=DIRECTION('',(0.707106781186548,-0.707106781186548,0.));
#1931=DIRECTION('',(0.70710678118656,3.72896958937403E-15,0.707106781186535));
#1932=DIRECTION('',(0.,0.,1.));
#1933=DIRECTION('',(1.,0.,0.));
#1934=DIRECTION('',(0.707106781186542,0.,-0.707106781186553));
#1935=DIRECTION('',(0.707106781186553,0.,0.707106781186542));
#1936=DIRECTION('',(0.707106781186553,0.,0.707106781186542));
#1937=DIRECTION('',(0.,-1.,0.));
#1938=DIRECTION('',(0.,0.,1.));
#1939=DIRECTION('',(0.707106781186548,0.707106781186548,0.));
#1940=DIRECTION('',(-2.74766180269664E-16,0.707106781186556,0.70710678118654));
#1941=DIRECTION('',(0.,0.,1.));
#1942=DIRECTION('',(1.,0.,0.));
#1943=DIRECTION('',(0.,0.707106781186542,-0.707106781186553));
#1944=DIRECTION('',(1.,0.,0.));
#1945=DIRECTION('',(0.,-0.707106781186553,-0.707106781186542));
#1946=DIRECTION('',(1.,0.,0.));
#1947=DIRECTION('',(0.,0.,1.));
#1948=DIRECTION('',(-0.707106781186548,0.707106781186548,0.));
#1949=DIRECTION('',(-0.707106781186547,1.96261557335472E-15,0.707106781186548));
#1950=DIRECTION('',(0.,0.,1.));
#1951=DIRECTION('',(1.,0.,0.));
#1952=DIRECTION('',(-0.707106781186549,0.,-0.707106781186546));
#1953=DIRECTION('',(0.707106781186546,0.,-0.707106781186549));
#1954=DIRECTION('',(0.707106781186546,0.,-0.707106781186549));
#1955=DIRECTION('',(0.,-1.,0.));
#1956=DIRECTION('',(0.,0.,1.));
#1957=DIRECTION('',(-0.707106781186549,-0.707106781186546,0.));
#1958=DIRECTION('',(0.,0.,1.));
#1959=DIRECTION('',(1.,0.,0.));
#1960=DIRECTION('',(0.,0.,1.));
#1961=DIRECTION('',(-0.707106781186548,0.707106781186548,0.));
#1962=DIRECTION('',(0.,0.,1.));
#1963=DIRECTION('',(0.,0.,1.));
#1964=DIRECTION('',(1.,0.,0.));
#1965=DIRECTION('',(0.,0.,1.));
#1966=DIRECTION('',(-1.,0.,0.));
#1967=DIRECTION('',(0.,1.,0.));
#1968=DIRECTION('',(0.,0.,1.));
#1969=DIRECTION('',(0.,-1.,0.));
#1970=DIRECTION('',(0.,0.,1.));
#1971=DIRECTION('',(-0.707106781186549,-0.707106781186546,0.));
#1972=DIRECTION('',(0.,0.,1.));
#1973=DIRECTION('',(0.,0.,1.));
#1974=DIRECTION('',(1.,0.,0.));
#1975=DIRECTION('',(0.,-1.,0.));
#1976=DIRECTION('',(-1.,0.,0.));
#1977=DIRECTION('',(0.,0.,1.));
#1978=DIRECTION('',(1.,0.,0.));
#1979=DIRECTION('',(0.,0.,-1.));
#1980=DIRECTION('',(1.,0.,0.));
#1981=DIRECTION('',(0.,0.,1.));
#1982=DIRECTION('',(1.,0.,0.));
#1983=DIRECTION('',(0.,-1.,0.));
#1984=DIRECTION('',(0.,0.,1.));
#1985=DIRECTION('',(1.,0.,0.));
#1986=DIRECTION('',(1.,0.,0.));
#1987=DIRECTION('',(1.,0.,0.));
#1988=DIRECTION('',(0.998629582193462,-0.0523350510471902,0.));
#1989=DIRECTION('',(0.987687949997681,-0.156436931155587,0.));
#1990=DIRECTION('',(0.965926130159564,-0.258817911039728,0.));
#1991=DIRECTION('',(0.933580401649811,-0.358368014274961,0.));
#1992=DIRECTION('',(0.891005679563657,-0.453992157405065,0.));
#1993=DIRECTION('',(0.838670836807863,-0.544638621002954,0.));
#1994=DIRECTION('',(0.777146821878507,-0.629319328516244,0.));
#1995=DIRECTION('',(0.707106781186472,-0.707106781186623,0.));
#1996=DIRECTION('',(0.629319328514699,-0.777146821879758,0.));
#1997=DIRECTION('',(0.544638621004782,-0.838670836806676,0.));
#1998=DIRECTION('',(0.453992157405081,-0.891005679563649,0.));
#1999=DIRECTION('',(0.358368014275112,-0.933580401649753,0.));
#2000=DIRECTION('',(0.258817911039562,-0.965926130159609,0.));
#2001=DIRECTION('',(0.156436931155588,-0.987687949997681,0.));
#2002=DIRECTION('',(0.0523350510473962,-0.998629582193451,0.));
#2003=DIRECTION('',(0.,-1.,0.));
#2004=DIRECTION('',(-0.0523350510474003,-0.998629582193451,0.));
#2005=DIRECTION('',(-0.156436931155576,-0.987687949997683,0.));
#2006=DIRECTION('',(-0.258817911039552,-0.965926130159611,0.));
#2007=DIRECTION('',(-0.35836801427603,-0.9335804016494,0.));
#2008=DIRECTION('',(-0.453992157404002,-0.891005679564199,0.));
#2009=DIRECTION('',(-0.544638621004747,-0.838670836806698,0.));
#2010=DIRECTION('',(-0.62931932851619,-0.777146821878551,0.));
#2011=DIRECTION('',(-0.707106781186623,-0.707106781186472,0.));
#2012=DIRECTION('',(-0.77714682187847,-0.629319328516289,0.));
#2013=DIRECTION('',(-0.838670836806609,-0.544638621004885,0.));
#2014=DIRECTION('',(-0.891005679563673,-0.453992157405035,0.));
#2015=DIRECTION('',(-0.933580401649823,-0.358368014274928,0.));
#2016=DIRECTION('',(-0.965926130159574,-0.258817911039693,0.));
#2017=DIRECTION('',(-0.987687949997676,-0.156436931155623,0.));
#2018=DIRECTION('',(-0.99862958219346,-0.0523350510472291,0.));
#2019=DIRECTION('',(1.,0.,0.));
#2020=DIRECTION('',(-0.99862958219346,0.052335051047221,0.));
#2021=DIRECTION('',(-0.987687949997674,0.156436931155635,0.));
#2022=DIRECTION('',(-0.965926130159559,0.258817911039749,0.));
#2023=DIRECTION('',(-0.933580401649756,0.358368014275104,0.));
#2024=DIRECTION('',(-0.891005679563611,0.453992157405156,0.));
#2025=DIRECTION('',(-0.838670836808024,0.544638621002706,0.));
#2026=DIRECTION('',(-0.777146821878597,0.629319328516133,0.));
#2027=DIRECTION('',(-0.707106781185946,0.707106781187149,0.));
#2028=DIRECTION('',(-0.629319328516281,0.777146821878477,0.));
#2029=DIRECTION('',(-0.544638621003425,0.838670836807557,0.));
#2030=DIRECTION('',(-0.453992157405574,0.891005679563398,0.));
#2031=DIRECTION('',(-0.358368014274272,0.933580401650075,0.));
#2032=DIRECTION('',(-0.258817911041237,0.96592613015916,0.));
#2033=DIRECTION('',(-0.156436931153229,0.987687949998055,0.));
#2034=DIRECTION('',(-0.0523350510485756,0.998629582193389,0.));
#2035=DIRECTION('',(0.,-1.,0.));
#2036=DIRECTION('',(0.0523350510485675,0.99862958219339,0.));
#2037=DIRECTION('',(0.,-1.,0.));
#2038=DIRECTION('',(0.,0.,1.));
#2039=DIRECTION('',(1.,0.,0.));
#2040=DIRECTION('',(0.,0.,1.));
#2041=DIRECTION('',(1.,0.,0.));
#2042=DIRECTION('',(0.,0.,1.));
#2043=DIRECTION('',(1.,0.,0.));
#2044=DIRECTION('',(0.,0.,1.));
#2045=DIRECTION('',(1.,0.,0.));
#2046=DIRECTION('',(0.,0.,1.));
#2047=DIRECTION('',(0.707106781186548,0.707106781186548,0.));
#2048=DIRECTION('',(0.,0.,1.));
#2049=DIRECTION('',(0.,0.,1.));
#2050=DIRECTION('',(1.,0.,0.));
#2051=DIRECTION('',(0.,-1.,0.));
#2052=DIRECTION('',(0.,0.,1.));
#2053=DIRECTION('',(0.,0.,1.));
#2054=DIRECTION('',(0.707106781186548,-0.707106781186548,0.));
#2055=DIRECTION('',(0.,1.,0.));
#2056=DIRECTION('',(1.,0.,0.));
#2057=DIRECTION('',(-1.,0.,0.));
#2058=DIRECTION('',(0.,1.,0.));
#2059=DIRECTION('',(0.,0.,-1.));
#2060=DIRECTION('',(0.,1.,0.));
#2061=DIRECTION('',(0.,0.,-1.));
#2062=DIRECTION('',(0.,0.,1.));
#2063=DIRECTION('',(1.,0.,0.));
#2064=DIRECTION('',(0.,0.,1.));
#2065=DIRECTION('',(1.,0.,0.));
#2066=DIRECTION('',(0.,0.,1.));
#2067=DIRECTION('',(1.,0.,0.));
#2068=DIRECTION('',(0.,0.,1.));
#2069=DIRECTION('',(1.,0.,0.));
#2070=DIRECTION('',(0.,0.,1.));
#2071=DIRECTION('',(1.,0.,0.));
#2072=DIRECTION('',(0.,0.,1.));
#2073=DIRECTION('',(1.,0.,0.));
#2074=DIRECTION('',(0.,0.,1.));
#2075=DIRECTION('',(1.,0.,0.));
#2076=DIRECTION('',(0.,0.,1.));
#2077=DIRECTION('',(1.,0.,0.));
#2078=DIRECTION('',(0.,0.,1.));
#2079=DIRECTION('',(1.,0.,0.));
#2080=DIRECTION('',(0.,0.,1.));
#2081=DIRECTION('',(1.,0.,0.));
#2082=DIRECTION('',(0.,0.,1.));
#2083=DIRECTION('',(1.,0.,0.));
#2084=DIRECTION('',(0.,0.,1.));
#2085=DIRECTION('',(1.,0.,0.));
#2086=DIRECTION('',(0.,0.,1.));
#2087=DIRECTION('',(1.,0.,0.));
#2088=DIRECTION('',(0.,0.,1.));
#2089=DIRECTION('',(1.,0.,0.));
#2090=DIRECTION('',(0.,0.,1.));
#2091=DIRECTION('',(1.,0.,0.));
#2092=DIRECTION('',(0.,0.,1.));
#2093=DIRECTION('',(1.,0.,0.));
#2094=DIRECTION('',(0.,0.,1.));
#2095=DIRECTION('',(1.,0.,0.));
#2096=DIRECTION('',(0.,0.,1.));
#2097=DIRECTION('',(1.,0.,0.));
#2098=DIRECTION('',(0.,0.,1.));
#2099=DIRECTION('',(1.,0.,0.));
#2100=DIRECTION('',(0.,0.,1.));
#2101=DIRECTION('',(1.,0.,0.));
#2102=DIRECTION('',(-0.453992157405494,-0.891005679563439,0.));
#2103=DIRECTION('',(-0.891005679563439,0.453992157405494,0.));
#2104=DIRECTION('',(0.,0.,-1.));
#2105=DIRECTION('',(-0.891005679563439,0.453992157405494,0.));
#2106=DIRECTION('',(0.,0.,-1.));
#2107=DIRECTION('',(-0.358368014274695,-0.933580401649912,0.));
#2108=DIRECTION('',(-0.933580401649912,0.358368014274695,0.));
#2109=DIRECTION('',(0.,0.,-1.));
#2110=DIRECTION('',(-0.933580401649912,0.358368014274695,0.));
#2111=DIRECTION('',(-0.258817911041176,-0.965926130159176,0.));
#2112=DIRECTION('',(-0.965926130159176,0.258817911041176,0.));
#2113=DIRECTION('',(0.,0.,-1.));
#2114=DIRECTION('',(-0.965926130159176,0.258817911041176,0.));
#2115=DIRECTION('',(-0.156436931153052,-0.987687949998083,0.));
#2116=DIRECTION('',(-0.987687949998083,0.156436931153052,0.));
#2117=DIRECTION('',(0.,0.,-1.));
#2118=DIRECTION('',(-0.987687949998083,0.156436931153052,0.));
#2119=DIRECTION('',(-0.0523350510485703,-0.998629582193389,0.));
#2120=DIRECTION('',(-0.998629582193389,0.0523350510485703,0.));
#2121=DIRECTION('',(0.,0.,-1.));
#2122=DIRECTION('',(-0.998629582193389,0.0523350510485703,0.));
#2123=DIRECTION('',(0.,-1.,0.));
#2124=DIRECTION('',(-1.,0.,0.));
#2125=DIRECTION('',(0.,0.,-1.));
#2126=DIRECTION('',(-1.,0.,0.));
#2127=DIRECTION('',(0.0523350510485597,-0.99862958219339,0.));
#2128=DIRECTION('',(-0.99862958219339,-0.0523350510485597,0.));
#2129=DIRECTION('',(0.,0.,-1.));
#2130=DIRECTION('',(-0.99862958219339,-0.0523350510485597,0.));
#2131=DIRECTION('',(0.156436931153092,-0.987687949998077,0.));
#2132=DIRECTION('',(-0.987687949998077,-0.156436931153092,0.));
#2133=DIRECTION('',(0.,0.,-1.));
#2134=DIRECTION('',(-0.987687949998077,-0.156436931153092,0.));
#2135=DIRECTION('',(0.25881791104118,-0.965926130159175,0.));
#2136=DIRECTION('',(-0.965926130159175,-0.25881791104118,0.));
#2137=DIRECTION('',(0.,0.,-1.));
#2138=DIRECTION('',(-0.965926130159175,-0.25881791104118,0.));
#2139=DIRECTION('',(0.358368014274583,-0.933580401649956,0.));
#2140=DIRECTION('',(-0.933580401649956,-0.358368014274583,0.));
#2141=DIRECTION('',(0.,0.,-1.));
#2142=DIRECTION('',(-0.933580401649956,-0.358368014274583,0.));
#2143=DIRECTION('',(0.453992157405602,-0.891005679563384,0.));
#2144=DIRECTION('',(-0.891005679563384,-0.453992157405602,0.));
#2145=DIRECTION('',(0.,0.,-1.));
#2146=DIRECTION('',(-0.891005679563384,-0.453992157405602,0.));
#2147=DIRECTION('',(0.544638621003304,-0.838670836807635,0.));
#2148=DIRECTION('',(-0.838670836807635,-0.544638621003304,0.));
#2149=DIRECTION('',(0.,0.,-1.));
#2150=DIRECTION('',(-0.838670836807635,-0.544638621003304,0.));
#2151=DIRECTION('',(0.629319328516219,-0.777146821878528,0.));
#2152=DIRECTION('',(-0.777146821878528,-0.629319328516219,0.));
#2153=DIRECTION('',(0.,0.,-1.));
#2154=DIRECTION('',(-0.777146821878528,-0.629319328516219,0.));
#2155=DIRECTION('',(0.707106781186788,-0.707106781186307,0.));
#2156=DIRECTION('',(-0.707106781186307,-0.707106781186788,0.));
#2157=DIRECTION('',(0.,0.,-1.));
#2158=DIRECTION('',(-0.707106781186307,-0.707106781186788,0.));
#2159=DIRECTION('',(0.777146821878653,-0.629319328516064,0.));
#2160=DIRECTION('',(-0.629319328516064,-0.777146821878653,0.));
#2161=DIRECTION('',(0.,0.,-1.));
#2162=DIRECTION('',(-0.629319328516064,-0.777146821878653,0.));
#2163=DIRECTION('',(0.838670836807345,-0.544638621003751,0.));
#2164=DIRECTION('',(-0.544638621003751,-0.838670836807345,0.));
#2165=DIRECTION('',(0.,0.,-1.));
#2166=DIRECTION('',(-0.544638621003751,-0.838670836807345,0.));
#2167=DIRECTION('',(0.89100567956342,-0.453992157405532,0.));
#2168=DIRECTION('',(-0.453992157405532,-0.89100567956342,0.));
#2169=DIRECTION('',(0.,0.,-1.));
#2170=DIRECTION('',(-0.453992157405532,-0.89100567956342,0.));
#2171=DIRECTION('',(0.933580401649924,-0.358368014274665,0.));
#2172=DIRECTION('',(-0.358368014274665,-0.933580401649924,0.));
#2173=DIRECTION('',(0.,0.,-1.));
#2174=DIRECTION('',(-0.358368014274665,-0.933580401649924,0.));
#2175=DIRECTION('',(0.965926130159132,-0.258817911041342,0.));
#2176=DIRECTION('',(-0.258817911041342,-0.965926130159132,0.));
#2177=DIRECTION('',(0.,0.,-1.));
#2178=DIRECTION('',(-0.258817911041342,-0.965926130159132,0.));
#2179=DIRECTION('',(0.987687949998026,-0.156436931153408,0.));
#2180=DIRECTION('',(-0.156436931153408,-0.987687949998026,0.));
#2181=DIRECTION('',(0.,0.,-1.));
#2182=DIRECTION('',(-0.156436931153408,-0.987687949998026,0.));
#2183=DIRECTION('',(0.998629582193416,-0.0523350510480718,0.));
#2184=DIRECTION('',(-0.0523350510480718,-0.998629582193416,0.));
#2185=DIRECTION('',(0.,0.,-1.));
#2186=DIRECTION('',(-0.0523350510480718,-0.998629582193416,0.));
#2187=DIRECTION('',(1.,0.,0.));
#2188=DIRECTION('',(0.,-1.,0.));
#2189=DIRECTION('',(0.,0.,-1.));
#2190=DIRECTION('',(0.,-1.,0.));
#2191=DIRECTION('',(0.998629582193415,0.0523350510480796,0.));
#2192=DIRECTION('',(0.0523350510480796,-0.998629582193415,0.));
#2193=DIRECTION('',(0.,0.,-1.));
#2194=DIRECTION('',(0.0523350510480796,-0.998629582193415,0.));
#2195=DIRECTION('',(0.987687949998028,0.1564369311534,0.));
#2196=DIRECTION('',(0.1564369311534,-0.987687949998028,0.));
#2197=DIRECTION('',(0.,0.,-1.));
#2198=DIRECTION('',(0.1564369311534,-0.987687949998028,0.));
#2199=DIRECTION('',(0.965926130159125,0.258817911041366,0.));
#2200=DIRECTION('',(0.258817911041366,-0.965926130159125,0.));
#2201=DIRECTION('',(0.,0.,-1.));
#2202=DIRECTION('',(0.258817911041366,-0.965926130159125,0.));
#2203=DIRECTION('',(0.933580401649992,0.358368014274488,0.));
#2204=DIRECTION('',(0.358368014274488,-0.933580401649992,0.));
#2205=DIRECTION('',(0.,0.,-1.));
#2206=DIRECTION('',(0.358368014274488,-0.933580401649992,0.));
#2207=DIRECTION('',(0.89100567956339,0.45399215740559,0.));
#2208=DIRECTION('',(0.45399215740559,-0.89100567956339,0.));
#2209=DIRECTION('',(0.,0.,-1.));
#2210=DIRECTION('',(0.45399215740559,-0.89100567956339,0.));
#2211=DIRECTION('',(0.838670836807293,0.544638621003832,0.));
#2212=DIRECTION('',(0.544638621003832,-0.838670836807293,0.));
#2213=DIRECTION('',(0.,0.,-1.));
#2214=DIRECTION('',(0.544638621003832,-0.838670836807293,0.));
#2215=DIRECTION('',(0.777146821878558,0.629319328516181,0.));
#2216=DIRECTION('',(0.629319328516181,-0.777146821878558,0.));
#2217=DIRECTION('',(0.,0.,-1.));
#2218=DIRECTION('',(0.629319328516181,-0.777146821878558,0.));
#2219=DIRECTION('',(0.707106781186885,0.707106781186211,0.));
#2220=DIRECTION('',(0.707106781186211,-0.707106781186885,0.));
#2221=DIRECTION('',(0.,0.,-1.));
#2222=DIRECTION('',(0.707106781186211,-0.707106781186885,0.));
#2223=DIRECTION('',(0.629319328516262,0.777146821878493,0.));
#2224=DIRECTION('',(0.777146821878493,-0.629319328516262,0.));
#2225=DIRECTION('',(0.,0.,-1.));
#2226=DIRECTION('',(0.777146821878493,-0.629319328516262,0.));
#2227=DIRECTION('',(0.544638621003277,0.838670836807653,0.));
#2228=DIRECTION('',(0.838670836807653,-0.544638621003277,0.));
#2229=DIRECTION('',(0.,0.,-1.));
#2230=DIRECTION('',(0.838670836807653,-0.544638621003277,0.));
#2231=DIRECTION('',(0.453992157405793,0.891005679563287,0.));
#2232=DIRECTION('',(0.891005679563287,-0.453992157405793,0.));
#2233=DIRECTION('',(0.,0.,-1.));
#2234=DIRECTION('',(0.891005679563287,-0.453992157405793,0.));
#2235=DIRECTION('',(0.358368014274541,0.933580401649972,0.));
#2236=DIRECTION('',(0.933580401649972,-0.358368014274541,0.));
#2237=DIRECTION('',(0.,0.,-1.));
#2238=DIRECTION('',(0.933580401649972,-0.358368014274541,0.));
#2239=DIRECTION('',(0.258817911040958,0.965926130159235,0.));
#2240=DIRECTION('',(0.965926130159235,-0.258817911040958,0.));
#2241=DIRECTION('',(0.,0.,-1.));
#2242=DIRECTION('',(0.965926130159235,-0.258817911040958,0.));
#2243=DIRECTION('',(0.156436931153455,0.987687949998019,0.));
#2244=DIRECTION('',(0.987687949998019,-0.156436931153455,0.));
#2245=DIRECTION('',(0.,0.,-1.));
#2246=DIRECTION('',(0.987687949998019,-0.156436931153455,0.));
#2247=DIRECTION('',(0.0523350510483999,0.998629582193398,0.));
#2248=DIRECTION('',(0.998629582193398,-0.0523350510483999,0.));
#2249=DIRECTION('',(0.,0.,-1.));
#2250=DIRECTION('',(0.998629582193398,-0.0523350510483999,0.));
#2251=DIRECTION('',(0.,1.,0.));
#2252=DIRECTION('',(1.,0.,0.));
#2253=DIRECTION('',(1.,0.,0.));
#2254=DIRECTION('',(-0.998629582193389,0.0523350510485834,0.));
#2255=DIRECTION('',(0.0523350510485834,0.998629582193389,0.));
#2256=DIRECTION('',(0.,0.,-1.));
#2257=DIRECTION('',(0.0523350510485834,0.998629582193389,0.));
#2258=DIRECTION('',(-1.,0.,0.));
#2259=DIRECTION('',(0.,1.,0.));
#2260=DIRECTION('',(0.,0.,-1.));
#2261=DIRECTION('',(0.,1.,0.));
#2262=DIRECTION('',(-0.998629582193388,-0.05233505104859,0.));
#2263=DIRECTION('',(-0.05233505104859,0.998629582193388,0.));
#2264=DIRECTION('',(0.,0.,-1.));
#2265=DIRECTION('',(-0.05233505104859,0.998629582193388,0.));
#2266=DIRECTION('',(-0.987687949998065,-0.156436931153164,0.));
#2267=DIRECTION('',(-0.156436931153164,0.987687949998065,0.));
#2268=DIRECTION('',(0.,0.,-1.));
#2269=DIRECTION('',(-0.156436931153164,0.987687949998065,0.));
#2270=DIRECTION('',(-0.965926130159186,-0.258817911041139,0.));
#2271=DIRECTION('',(-0.258817911041139,0.965926130159186,0.));
#2272=DIRECTION('',(0.,0.,-1.));
#2273=DIRECTION('',(-0.258817911041139,0.965926130159186,0.));
#2274=DIRECTION('',(-0.933580401649913,-0.358368014274695,0.));
#2275=DIRECTION('',(-0.358368014274695,0.933580401649913,0.));
#2276=DIRECTION('',(0.,0.,-1.));
#2277=DIRECTION('',(-0.358368014274695,0.933580401649913,0.));
#2278=DIRECTION('',(-0.891005679563426,-0.453992157405519,0.));
#2279=DIRECTION('',(-0.453992157405519,0.891005679563426,0.));
#2280=DIRECTION('',(0.,0.,-1.));
#2281=DIRECTION('',(-0.453992157405519,0.891005679563426,0.));
#2282=DIRECTION('',(-0.83867083680758,-0.54463862100339,0.));
#2283=DIRECTION('',(-0.54463862100339,0.83867083680758,0.));
#2284=DIRECTION('',(0.,0.,-1.));
#2285=DIRECTION('',(-0.54463862100339,0.83867083680758,0.));
#2286=DIRECTION('',(-0.777146821878536,-0.629319328516208,0.));
#2287=DIRECTION('',(-0.629319328516208,0.777146821878536,0.));
#2288=DIRECTION('',(0.,0.,-1.));
#2289=DIRECTION('',(-0.629319328516208,0.777146821878536,0.));
#2290=DIRECTION('',(-0.707106781186584,-0.707106781186511,0.));
#2291=DIRECTION('',(-0.707106781186511,0.707106781186584,0.));
#2292=DIRECTION('',(0.,0.,-1.));
#2293=DIRECTION('',(-0.707106781186511,0.707106781186584,0.));
#2294=DIRECTION('',(-0.629319328516166,-0.77714682187857,0.));
#2295=DIRECTION('',(-0.77714682187857,0.629319328516166,0.));
#2296=DIRECTION('',(0.,0.,-1.));
#2297=DIRECTION('',(-0.77714682187857,0.629319328516166,0.));
#2298=DIRECTION('',(-0.544638621003465,-0.838670836807531,0.));
#2299=DIRECTION('',(-0.838670836807531,0.544638621003465,0.));
#2300=DIRECTION('',(-0.838670836807531,0.544638621003465,0.));
#2301=DIRECTION('',(0.,0.,-1.));
#2302=DIRECTION('',(1.,0.,0.));
#2303=CARTESIAN_POINT('',(0.,0.,0.));
#2304=CARTESIAN_POINT('',(0.51838,-0.2461409,-0.0095));
#2305=CARTESIAN_POINT('',(0.51838,-0.2461409,-0.009));
#2306=CARTESIAN_POINT('',(0.52338,-0.2461409,-0.009));
#2307=CARTESIAN_POINT('',(0.51838,-0.2461409,-0.01));
#2308=CARTESIAN_POINT('',(0.51838,-0.2511409,-0.01));
#2309=CARTESIAN_POINT('',(0.52338,-0.2461409,-0.01));
#2310=CARTESIAN_POINT('',(0.51838,-0.2461409,-0.01));
#2311=CARTESIAN_POINT('',(0.51838,-0.2461409,-0.009));
#2312=CARTESIAN_POINT('',(0.51988,-0.2476409,-0.009));
#2313=CARTESIAN_POINT('',(0.52263,-0.2476409,-0.009));
#2314=CARTESIAN_POINT('',(0.2944627,-0.1769951,-0.01));
#2315=CARTESIAN_POINT('',(0.52338,-0.144859008502771,-0.01));
#2316=CARTESIAN_POINT('',(0.52338,-0.2471409,-0.01));
#2317=CARTESIAN_POINT('',(0.51938,-0.2471409,-0.01));
#2318=CARTESIAN_POINT('',(0.51938,-0.2511409,-0.01));
#2319=CARTESIAN_POINT('',(0.403984541497228,-0.2511409,-0.01));
#2320=CARTESIAN_POINT('',(0.2944627,-0.1769951,-0.01));
#2321=CARTESIAN_POINT('',(0.52338,-0.144859008502771,-0.01));
#2322=CARTESIAN_POINT('',(0.52338,-0.1078493,-0.01));
#2323=CARTESIAN_POINT('',(0.403984541497228,-0.2511409,-0.01));
#2324=CARTESIAN_POINT('',(0.0705454,-0.2511409,-0.01));
#2325=CARTESIAN_POINT('',(0.0705454,-0.2461409,-0.01));
#2326=CARTESIAN_POINT('',(0.0655454,-0.2461409,-0.01));
#2327=CARTESIAN_POINT('',(0.0655454,-0.209131191497228,-0.01));
#2328=CARTESIAN_POINT('',(0.0655454,-0.1078493,-0.01));
#2329=CARTESIAN_POINT('',(0.0705454,-0.1078493,-0.01));
#2330=CARTESIAN_POINT('',(0.0705454,-0.1028493,-0.01));
#2331=CARTESIAN_POINT('',(0.184940858502771,-0.1028493,-0.01));
#2332=CARTESIAN_POINT('',(0.51838,-0.1028493,-0.01));
#2333=CARTESIAN_POINT('',(0.51838,-0.1078493,-0.01));
#2334=CARTESIAN_POINT('',(0.51838,-0.1078493,-0.0095));
#2335=CARTESIAN_POINT('',(0.51838,-0.1078493,-0.009));
#2336=CARTESIAN_POINT('',(0.52338,-0.1078493,-0.009));
#2337=CARTESIAN_POINT('',(0.51838,-0.1078493,-0.01));
#2338=CARTESIAN_POINT('',(0.51838,-0.1078493,-0.009));
#2339=CARTESIAN_POINT('',(0.51988,-0.1063493,-0.009));
#2340=CARTESIAN_POINT('',(0.52263,-0.1063493,-0.009));
#2341=CARTESIAN_POINT('',(0.2944627,-0.1769951,-0.01));
#2342=CARTESIAN_POINT('',(0.184940858502771,-0.1028493,-0.01));
#2343=CARTESIAN_POINT('',(0.51938,-0.1028493,-0.01));
#2344=CARTESIAN_POINT('',(0.51938,-0.1068493,-0.01));
#2345=CARTESIAN_POINT('',(0.52338,-0.1068493,-0.01));
#2346=CARTESIAN_POINT('',(0.52338,-0.144859008502771,-0.01));
#2347=CARTESIAN_POINT('',(0.0705454,-0.1078493,-0.0095));
#2348=CARTESIAN_POINT('',(0.0705454,-0.1078493,-0.009));
#2349=CARTESIAN_POINT('',(0.0755454,-0.1078493,-0.009));
#2350=CARTESIAN_POINT('',(0.0705454,-0.1078493,-0.01));
#2351=CARTESIAN_POINT('',(0.0705454,-0.1078493,-0.009));
#2352=CARTESIAN_POINT('',(0.0690454,-0.1063493,-0.009));
#2353=CARTESIAN_POINT('',(0.0717954,-0.1063493,-0.009));
#2354=CARTESIAN_POINT('',(0.2944627,-0.1769951,-0.01));
#2355=CARTESIAN_POINT('',(0.0655454,-0.209131191497228,-0.01));
#2356=CARTESIAN_POINT('',(0.0655454,-0.1068493,-0.01));
#2357=CARTESIAN_POINT('',(0.0695454,-0.1068493,-0.01));
#2358=CARTESIAN_POINT('',(0.0695454,-0.1028493,-0.01));
#2359=CARTESIAN_POINT('',(0.184940858502771,-0.1028493,-0.01));
#2360=CARTESIAN_POINT('',(0.0705454,-0.2461409,-0.0095));
#2361=CARTESIAN_POINT('',(0.0705454,-0.2461409,-0.009));
#2362=CARTESIAN_POINT('',(0.0755454,-0.2461409,-0.009));
#2363=CARTESIAN_POINT('',(0.0705454,-0.2461409,-0.01));
#2364=CARTESIAN_POINT('',(0.0705454,-0.2461409,-0.009));
#2365=CARTESIAN_POINT('',(0.0690454,-0.2476409,-0.009));
#2366=CARTESIAN_POINT('',(0.0717954,-0.2476409,-0.009));
#2367=CARTESIAN_POINT('',(0.2944627,-0.1769951,-0.01));
#2368=CARTESIAN_POINT('',(0.403984541497228,-0.2511409,-0.01));
#2369=CARTESIAN_POINT('',(0.0695454,-0.2511409,-0.01));
#2370=CARTESIAN_POINT('',(0.0695454,-0.2471409,-0.01));
#2371=CARTESIAN_POINT('',(0.0655454,-0.2471409,-0.01));
#2372=CARTESIAN_POINT('',(0.0655454,-0.209131191497228,-0.01));
#2373=CARTESIAN_POINT('',(0.403984541497228,-0.2516409,-0.0095));
#2374=CARTESIAN_POINT('',(0.51938,-0.2516409,-0.0095));
#2375=CARTESIAN_POINT('',(0.51938,-0.2521409,-0.009));
#2376=CARTESIAN_POINT('',(0.403984541497228,-0.2521409,-0.009));
#2377=CARTESIAN_POINT('',(0.0695454,-0.2521409,-0.009));
#2378=CARTESIAN_POINT('',(0.0695454,-0.2516409,-0.0095));
#2379=CARTESIAN_POINT('',(0.51938,-0.2471409,-0.0095));
#2380=CARTESIAN_POINT('',(0.52388,-0.2471409,-0.0095));
#2381=CARTESIAN_POINT('',(0.52438,-0.2471409,-0.009));
#2382=CARTESIAN_POINT('',(0.51938,-0.2471409,-0.009));
#2383=CARTESIAN_POINT('',(0.52388,-0.144859008502771,-0.0095));
#2384=CARTESIAN_POINT('',(0.52388,-0.1068493,-0.0095));
#2385=CARTESIAN_POINT('',(0.52438,-0.1068493,-0.009));
#2386=CARTESIAN_POINT('',(0.52438,-0.144859008502771,-0.009));
#2387=CARTESIAN_POINT('',(0.51938,-0.1068493,-0.0095));
#2388=CARTESIAN_POINT('',(0.51938,-0.1023493,-0.0095));
#2389=CARTESIAN_POINT('',(0.51938,-0.1018493,-0.009));
#2390=CARTESIAN_POINT('',(0.51938,-0.1068493,-0.009));
#2391=CARTESIAN_POINT('',(0.184940858502771,-0.1023493,-0.0095));
#2392=CARTESIAN_POINT('',(0.0695454,-0.1023493,-0.0095));
#2393=CARTESIAN_POINT('',(0.0695454,-0.1018493,-0.009));
#2394=CARTESIAN_POINT('',(0.184940858502771,-0.1018493,-0.009));
#2395=CARTESIAN_POINT('',(0.0695454,-0.1068493,-0.0095));
#2396=CARTESIAN_POINT('',(0.0650454,-0.1068493,-0.0095));
#2397=CARTESIAN_POINT('',(0.0645454,-0.1068493,-0.009));
#2398=CARTESIAN_POINT('',(0.0695454,-0.1068493,-0.009));
#2399=CARTESIAN_POINT('',(0.0650454,-0.209131191497228,-0.0095));
#2400=CARTESIAN_POINT('',(0.0650454,-0.2471409,-0.0095));
#2401=CARTESIAN_POINT('',(0.0645454,-0.2471409,-0.009));
#2402=CARTESIAN_POINT('',(0.0645454,-0.209131191497228,-0.009));
#2403=CARTESIAN_POINT('',(0.0695454,-0.2471409,-0.0095));
#2404=CARTESIAN_POINT('',(0.0695454,-0.2471409,-0.009));
#2405=CARTESIAN_POINT('',(0.0695454,-0.1068493,0.));
#2406=CARTESIAN_POINT('',(0.0645454,-0.1068493,0.));
#2407=CARTESIAN_POINT('',(0.0645454,-0.1068493,0.));
#2408=CARTESIAN_POINT('',(0.0695454,-0.1068493,0.));
#2409=CARTESIAN_POINT('',(0.0695454,-0.1018493,0.));
#2410=CARTESIAN_POINT('',(0.0695454,-0.1018493,0.));
#2411=CARTESIAN_POINT('',(0.0645454,-0.241267282994457,0.));
#2412=CARTESIAN_POINT('',(0.0645454,-0.2471409,0.));
#2413=CARTESIAN_POINT('',(0.0645454,-0.2471409,0.));
#2414=CARTESIAN_POINT('',(0.0645454,-0.1769951,0.));
#2415=CARTESIAN_POINT('',(0.0695454,-0.2471409,0.));
#2416=CARTESIAN_POINT('',(0.0695454,-0.2521409,0.));
#2417=CARTESIAN_POINT('',(0.0695454,-0.2521409,0.));
#2418=CARTESIAN_POINT('',(0.0695454,-0.2471409,0.));
#2419=CARTESIAN_POINT('',(0.513506382994457,-0.2521409,0.));
#2420=CARTESIAN_POINT('',(0.51938,-0.2521409,0.));
#2421=CARTESIAN_POINT('',(0.51938,-0.2521409,0.));
#2422=CARTESIAN_POINT('',(0.2944627,-0.2521409,0.));
#2423=CARTESIAN_POINT('',(0.2944627,-0.1769951,0.));
#2424=CARTESIAN_POINT('',(0.51938,-0.2471409,0.));
#2425=CARTESIAN_POINT('',(0.52438,-0.2471409,0.));
#2426=CARTESIAN_POINT('',(0.52438,-0.1769951,0.));
#2427=CARTESIAN_POINT('',(0.52438,-0.1068493,0.));
#2428=CARTESIAN_POINT('',(0.51938,-0.1068493,0.));
#2429=CARTESIAN_POINT('',(0.51938,-0.1018493,0.));
#2430=CARTESIAN_POINT('',(0.2944627,-0.1018493,0.));
#2431=CARTESIAN_POINT('',(0.2944627,-0.1097993,0.));
#2432=CARTESIAN_POINT('',(0.0725140276354555,-0.1097993,0.));
#2433=CARTESIAN_POINT('',(0.51291809273402,-0.1097993,0.));
#2434=CARTESIAN_POINT('',(0.51291809273402,-0.1097993,0.));
#2435=CARTESIAN_POINT('',(0.513273535356879,-0.109817927635455,0.));
#2436=CARTESIAN_POINT('',(0.513273535356879,-0.109817927635455,0.));
#2437=CARTESIAN_POINT('',(0.513638031822698,-0.10987565913712,0.));
#2438=CARTESIAN_POINT('',(0.513638031822698,-0.10987565913712,0.));
#2439=CARTESIAN_POINT('',(0.51399449627832,-0.109971173051573,0.));
#2440=CARTESIAN_POINT('',(0.51399449627832,-0.109971173051573,0.));
#2441=CARTESIAN_POINT('',(0.514339025864138,-0.110103425595982,0.));
#2442=CARTESIAN_POINT('',(0.514339025864138,-0.110103425595982,0.));
#2443=CARTESIAN_POINT('',(0.514667843367382,-0.11027096725269,0.));
#2444=CARTESIAN_POINT('',(0.514667843367382,-0.11027096725269,0.));
#2445=CARTESIAN_POINT('',(0.514977345564892,-0.110471960112643,0.));
#2446=CARTESIAN_POINT('',(0.514977345564892,-0.110471960112643,0.));
#2447=CARTESIAN_POINT('',(0.515264144200177,-0.11070420441899,0.));
#2448=CARTESIAN_POINT('',(0.515264144200177,-0.11070420441899,0.));
#2449=CARTESIAN_POINT('',(0.51552509558101,-0.110965155799823,0.));
#2450=CARTESIAN_POINT('',(0.51552509558101,-0.110965155799823,0.));
#2451=CARTESIAN_POINT('',(0.515757339887356,-0.111251954435108,0.));
#2452=CARTESIAN_POINT('',(0.515757339887356,-0.111251954435108,0.));
#2453=CARTESIAN_POINT('',(0.51595833274731,-0.111561456632618,0.));
#2454=CARTESIAN_POINT('',(0.51595833274731,-0.111561456632618,0.));
#2455=CARTESIAN_POINT('',(0.516125874404018,-0.111890274135862,0.));
#2456=CARTESIAN_POINT('',(0.516125874404018,-0.111890274135862,0.));
#2457=CARTESIAN_POINT('',(0.516258126948427,-0.11223480372168,0.));
#2458=CARTESIAN_POINT('',(0.516258126948427,-0.11223480372168,0.));
#2459=CARTESIAN_POINT('',(0.51635364086288,-0.112591268177302,0.));
#2460=CARTESIAN_POINT('',(0.51635364086288,-0.112591268177302,0.));
#2461=CARTESIAN_POINT('',(0.516411372364545,-0.112955764643121,0.));
#2462=CARTESIAN_POINT('',(0.516411372364545,-0.112955764643121,0.));
#2463=CARTESIAN_POINT('',(0.51643,-0.113311207265976,0.));
#2464=CARTESIAN_POINT('',(0.51643,-0.1769951,0.));
#2465=CARTESIAN_POINT('',(0.51643,-0.240678992734021,0.));
#2466=CARTESIAN_POINT('',(0.51643,-0.240678992734021,0.));
#2467=CARTESIAN_POINT('',(0.516411372364545,-0.241034435356879,0.));
#2468=CARTESIAN_POINT('',(0.516411372364545,-0.241034435356879,0.));
#2469=CARTESIAN_POINT('',(0.51635364086288,-0.241398931822698,0.));
#2470=CARTESIAN_POINT('',(0.51635364086288,-0.241398931822698,0.));
#2471=CARTESIAN_POINT('',(0.516258126948427,-0.24175539627832,0.));
#2472=CARTESIAN_POINT('',(0.516258126948427,-0.24175539627832,0.));
#2473=CARTESIAN_POINT('',(0.516125874404018,-0.242099925864137,0.));
#2474=CARTESIAN_POINT('',(0.516125874404018,-0.242099925864137,0.));
#2475=CARTESIAN_POINT('',(0.51595833274731,-0.242428743367382,0.));
#2476=CARTESIAN_POINT('',(0.51595833274731,-0.242428743367382,0.));
#2477=CARTESIAN_POINT('',(0.515757339887356,-0.242738245564892,0.));
#2478=CARTESIAN_POINT('',(0.515757339887356,-0.242738245564892,0.));
#2479=CARTESIAN_POINT('',(0.515525095581009,-0.243025044200177,0.));
#2480=CARTESIAN_POINT('',(0.515525095581009,-0.243025044200177,0.));
#2481=CARTESIAN_POINT('',(0.515264144200177,-0.243285995581009,0.));
#2482=CARTESIAN_POINT('',(0.515264144200177,-0.243285995581009,0.));
#2483=CARTESIAN_POINT('',(0.514977345564892,-0.243518239887356,0.));
#2484=CARTESIAN_POINT('',(0.514977345564892,-0.243518239887356,0.));
#2485=CARTESIAN_POINT('',(0.514667843367382,-0.24371923274731,0.));
#2486=CARTESIAN_POINT('',(0.514667843367382,-0.24371923274731,0.));
#2487=CARTESIAN_POINT('',(0.514339025864138,-0.243886774404018,0.));
#2488=CARTESIAN_POINT('',(0.514339025864138,-0.243886774404018,0.));
#2489=CARTESIAN_POINT('',(0.51399449627832,-0.244019026948427,0.));
#2490=CARTESIAN_POINT('',(0.51399449627832,-0.244019026948427,0.));
#2491=CARTESIAN_POINT('',(0.513638031822698,-0.24411454086288,0.));
#2492=CARTESIAN_POINT('',(0.513638031822698,-0.24411454086288,0.));
#2493=CARTESIAN_POINT('',(0.513273535356879,-0.244172272364545,0.));
#2494=CARTESIAN_POINT('',(0.513273535356879,-0.244172272364545,0.));
#2495=CARTESIAN_POINT('',(0.512918092734014,-0.2441909,0.));
#2496=CARTESIAN_POINT('',(0.2944627,-0.2441909,0.));
#2497=CARTESIAN_POINT('',(0.07600730726598,-0.2441909,0.));
#2498=CARTESIAN_POINT('',(0.07600730726598,-0.2441909,0.));
#2499=CARTESIAN_POINT('',(0.0756518646431208,-0.244172272364545,0.));
#2500=CARTESIAN_POINT('',(0.0756518646431208,-0.244172272364545,0.));
#2501=CARTESIAN_POINT('',(0.0752873681773019,-0.24411454086288,0.));
#2502=CARTESIAN_POINT('',(0.0752873681773019,-0.24411454086288,0.));
#2503=CARTESIAN_POINT('',(0.07493090372168,-0.244019026948427,0.));
#2504=CARTESIAN_POINT('',(0.07493090372168,-0.244019026948427,0.));
#2505=CARTESIAN_POINT('',(0.0745863741358622,-0.243886774404018,0.));
#2506=CARTESIAN_POINT('',(0.0745863741358622,-0.243886774404018,0.));
#2507=CARTESIAN_POINT('',(0.0742575566326182,-0.24371923274731,0.));
#2508=CARTESIAN_POINT('',(0.0742575566326182,-0.24371923274731,0.));
#2509=CARTESIAN_POINT('',(0.0739480544351081,-0.243518239887357,0.));
#2510=CARTESIAN_POINT('',(0.0739480544351081,-0.243518239887357,0.));
#2511=CARTESIAN_POINT('',(0.073661255799823,-0.24328599558101,0.));
#2512=CARTESIAN_POINT('',(0.073661255799823,-0.24328599558101,0.));
#2513=CARTESIAN_POINT('',(0.0734003044189904,-0.243025044200177,0.));
#2514=CARTESIAN_POINT('',(0.0734003044189904,-0.243025044200177,0.));
#2515=CARTESIAN_POINT('',(0.0731680601126434,-0.242738245564892,0.));
#2516=CARTESIAN_POINT('',(0.0731680601126434,-0.242738245564892,0.));
#2517=CARTESIAN_POINT('',(0.0729670672526901,-0.242428743367382,0.));
#2518=CARTESIAN_POINT('',(0.0729670672526901,-0.242428743367382,0.));
#2519=CARTESIAN_POINT('',(0.0727995255959819,-0.242099925864138,0.));
#2520=CARTESIAN_POINT('',(0.0727995255959819,-0.242099925864138,0.));
#2521=CARTESIAN_POINT('',(0.0726672730515732,-0.24175539627832,0.));
#2522=CARTESIAN_POINT('',(0.0726672730515732,-0.24175539627832,0.));
#2523=CARTESIAN_POINT('',(0.0725717591371196,-0.241398931822698,0.));
#2524=CARTESIAN_POINT('',(0.0725717591371196,-0.241398931822698,0.));
#2525=CARTESIAN_POINT('',(0.0725140276354555,-0.241034435356879,0.));
#2526=CARTESIAN_POINT('',(0.0725140276354555,-0.241034435356879,0.));
#2527=CARTESIAN_POINT('',(0.0724954,-0.240678992734016,0.));
#2528=CARTESIAN_POINT('',(0.0724954,-0.1769951,0.));
#2529=CARTESIAN_POINT('',(0.0724954,-0.11331120726598,0.));
#2530=CARTESIAN_POINT('',(0.0724954,-0.11331120726598,0.));
#2531=CARTESIAN_POINT('',(0.0725140276354554,-0.112955764643125,0.));
#2532=CARTESIAN_POINT('',(0.0725140276354555,-0.1769951,0.));
#2533=CARTESIAN_POINT('',(0.0690454,-0.1063493,0.));
#2534=CARTESIAN_POINT('',(0.0705454,-0.1063493,0.));
#2535=CARTESIAN_POINT('',(0.0690454,-0.2476409,0.));
#2536=CARTESIAN_POINT('',(0.0705454,-0.2476409,0.));
#2537=CARTESIAN_POINT('',(0.51988,-0.2476409,0.));
#2538=CARTESIAN_POINT('',(0.52138,-0.2476409,0.));
#2539=CARTESIAN_POINT('',(0.51988,-0.1063493,0.));
#2540=CARTESIAN_POINT('',(0.52138,-0.1063493,0.));
#2541=CARTESIAN_POINT('',(0.51938,-0.1068493,0.));
#2542=CARTESIAN_POINT('',(0.51938,-0.1018493,0.));
#2543=CARTESIAN_POINT('',(0.52438,-0.1068493,0.));
#2544=CARTESIAN_POINT('',(0.52438,-0.112722917005542,0.));
#2545=CARTESIAN_POINT('',(0.52438,-0.2471409,0.));
#2546=CARTESIAN_POINT('',(0.51938,-0.2471409,0.));
#2547=CARTESIAN_POINT('',(0.075419017005543,-0.1018493,0.));
#2548=CARTESIAN_POINT('',(0.0725140276354555,-0.112955764643121,0.));
#2549=CARTESIAN_POINT('',(0.0725140276354555,-0.112955764643121,0.));
#2550=CARTESIAN_POINT('',(0.0725140276354555,-0.112955764643121,-0.008));
#2551=CARTESIAN_POINT('',(0.0725140276354555,-0.112955764643121,-0.008));
#2552=CARTESIAN_POINT('',(0.0725140276354555,-0.1097993,-0.008));
#2553=CARTESIAN_POINT('',(0.0725140276354555,-0.1097993,0.));
#2554=CARTESIAN_POINT('',(0.0690454,-0.1063493,-0.004));
#2555=CARTESIAN_POINT('',(0.0690454,-0.1063493,-0.004));
#2556=CARTESIAN_POINT('',(0.0717954,-0.1063493,-0.004));
#2557=CARTESIAN_POINT('',(0.0690454,-0.1063493,-0.004));
#2558=CARTESIAN_POINT('',(0.0705454,-0.1063493,-0.004));
#2559=CARTESIAN_POINT('',(0.0690454,-0.1063493,-0.007));
#2560=CARTESIAN_POINT('',(0.0690454,-0.1063493,-0.005));
#2561=CARTESIAN_POINT('',(0.0690454,-0.2476409,-0.004));
#2562=CARTESIAN_POINT('',(0.0690454,-0.2476409,-0.004));
#2563=CARTESIAN_POINT('',(0.0717954,-0.2476409,-0.004));
#2564=CARTESIAN_POINT('',(0.0690454,-0.2476409,-0.004));
#2565=CARTESIAN_POINT('',(0.0705454,-0.2476409,-0.004));
#2566=CARTESIAN_POINT('',(0.0690454,-0.2476409,-0.007));
#2567=CARTESIAN_POINT('',(0.0690454,-0.2476409,-0.005));
#2568=CARTESIAN_POINT('',(0.51988,-0.2476409,-0.004));
#2569=CARTESIAN_POINT('',(0.51988,-0.2476409,-0.004));
#2570=CARTESIAN_POINT('',(0.52263,-0.2476409,-0.004));
#2571=CARTESIAN_POINT('',(0.51988,-0.2476409,-0.004));
#2572=CARTESIAN_POINT('',(0.52138,-0.2476409,-0.004));
#2573=CARTESIAN_POINT('',(0.51988,-0.2476409,-0.007));
#2574=CARTESIAN_POINT('',(0.51988,-0.2476409,-0.005));
#2575=CARTESIAN_POINT('',(0.51988,-0.1063493,-0.004));
#2576=CARTESIAN_POINT('',(0.51988,-0.1063493,-0.004));
#2577=CARTESIAN_POINT('',(0.52263,-0.1063493,-0.004));
#2578=CARTESIAN_POINT('',(0.51988,-0.1063493,-0.004));
#2579=CARTESIAN_POINT('',(0.52138,-0.1063493,-0.004));
#2580=CARTESIAN_POINT('',(0.51988,-0.1063493,-0.007));
#2581=CARTESIAN_POINT('',(0.51988,-0.1063493,-0.005));
#2582=CARTESIAN_POINT('',(0.0745863741358622,-0.243886774404018,0.));
#2583=CARTESIAN_POINT('',(0.0745863741358622,-0.243886774404018,0.));
#2584=CARTESIAN_POINT('',(0.0745863741358631,-0.243886774404019,-0.008));
#2585=CARTESIAN_POINT('',(0.0745863741358622,-0.243886774404018,-0.008));
#2586=CARTESIAN_POINT('',(0.0742575566326177,-0.243719232747309,-0.008));
#2587=CARTESIAN_POINT('',(0.0742575566326182,-0.24371923274731,0.));
#2588=CARTESIAN_POINT('',(0.0749309037216799,-0.244019026948427,0.));
#2589=CARTESIAN_POINT('',(0.0749309037216799,-0.244019026948427,0.));
#2590=CARTESIAN_POINT('',(0.0749309037216772,-0.244019026948426,-0.008));
#2591=CARTESIAN_POINT('',(0.0749309037216799,-0.244019026948427,-0.008));
#2592=CARTESIAN_POINT('',(0.0752873681773019,-0.24411454086288,0.));
#2593=CARTESIAN_POINT('',(0.0752873681773019,-0.24411454086288,0.));
#2594=CARTESIAN_POINT('',(0.0752873681773065,-0.244114540862881,-0.008));
#2595=CARTESIAN_POINT('',(0.0752873681773019,-0.24411454086288,-0.008));
#2596=CARTESIAN_POINT('',(0.0756518646431208,-0.244172272364545,0.));
#2597=CARTESIAN_POINT('',(0.0756518646431208,-0.244172272364545,0.));
#2598=CARTESIAN_POINT('',(0.0756518646431184,-0.244172272364545,-0.008));
#2599=CARTESIAN_POINT('',(0.0756518646431208,-0.244172272364545,-0.008));
#2600=CARTESIAN_POINT('',(0.07600730726598,-0.2441909,0.));
#2601=CARTESIAN_POINT('',(0.07600730726598,-0.2441909,0.));
#2602=CARTESIAN_POINT('',(0.07600730726598,-0.2441909,-0.008));
#2603=CARTESIAN_POINT('',(0.07600730726598,-0.2441909,-0.008));
#2604=CARTESIAN_POINT('',(0.51291809273402,-0.2441909,0.));
#2605=CARTESIAN_POINT('',(0.51291809273402,-0.2441909,0.));
#2606=CARTESIAN_POINT('',(0.512918092734025,-0.2441909,-0.008));
#2607=CARTESIAN_POINT('',(0.51291809273402,-0.2441909,-0.008));
#2608=CARTESIAN_POINT('',(0.513273535356879,-0.244172272364545,0.));
#2609=CARTESIAN_POINT('',(0.513273535356879,-0.244172272364545,0.));
#2610=CARTESIAN_POINT('',(0.513273535356875,-0.244172272364545,-0.008));
#2611=CARTESIAN_POINT('',(0.513273535356879,-0.244172272364545,-0.008));
#2612=CARTESIAN_POINT('',(0.513638031822698,-0.24411454086288,0.));
#2613=CARTESIAN_POINT('',(0.513638031822698,-0.24411454086288,0.));
#2614=CARTESIAN_POINT('',(0.513638031822701,-0.244114540862879,-0.008));
#2615=CARTESIAN_POINT('',(0.513638031822698,-0.24411454086288,-0.008));
#2616=CARTESIAN_POINT('',(0.51399449627832,-0.244019026948427,0.));
#2617=CARTESIAN_POINT('',(0.51399449627832,-0.244019026948427,0.));
#2618=CARTESIAN_POINT('',(0.513994496278319,-0.244019026948428,-0.008));
#2619=CARTESIAN_POINT('',(0.51399449627832,-0.244019026948427,-0.008));
#2620=CARTESIAN_POINT('',(0.514339025864138,-0.243886774404018,0.));
#2621=CARTESIAN_POINT('',(0.514339025864138,-0.243886774404018,0.));
#2622=CARTESIAN_POINT('',(0.514339025864139,-0.243886774404017,-0.008));
#2623=CARTESIAN_POINT('',(0.514339025864138,-0.243886774404018,-0.008));
#2624=CARTESIAN_POINT('',(0.514667843367382,-0.24371923274731,0.));
#2625=CARTESIAN_POINT('',(0.514667843367382,-0.24371923274731,0.));
#2626=CARTESIAN_POINT('',(0.514667843367379,-0.243719232747311,-0.008));
#2627=CARTESIAN_POINT('',(0.514667843367382,-0.24371923274731,-0.008));
#2628=CARTESIAN_POINT('',(0.514977345564892,-0.243518239887356,0.));
#2629=CARTESIAN_POINT('',(0.514977345564892,-0.243518239887356,0.));
#2630=CARTESIAN_POINT('',(0.514977345564892,-0.243518239887356,-0.008));
#2631=CARTESIAN_POINT('',(0.514977345564892,-0.243518239887356,-0.008));
#2632=CARTESIAN_POINT('',(0.515264144200177,-0.243285995581009,0.));
#2633=CARTESIAN_POINT('',(0.515264144200177,-0.243285995581009,0.));
#2634=CARTESIAN_POINT('',(0.515264144200178,-0.243285995581008,-0.008));
#2635=CARTESIAN_POINT('',(0.515264144200177,-0.243285995581009,-0.008));
#2636=CARTESIAN_POINT('',(0.515525095581009,-0.243025044200177,0.));
#2637=CARTESIAN_POINT('',(0.515525095581009,-0.243025044200177,0.));
#2638=CARTESIAN_POINT('',(0.515525095581009,-0.243025044200177,-0.008));
#2639=CARTESIAN_POINT('',(0.515525095581009,-0.243025044200177,-0.008));
#2640=CARTESIAN_POINT('',(0.515757339887356,-0.242738245564892,0.));
#2641=CARTESIAN_POINT('',(0.515757339887356,-0.242738245564892,0.));
#2642=CARTESIAN_POINT('',(0.515757339887357,-0.24273824556489,-0.008));
#2643=CARTESIAN_POINT('',(0.515757339887356,-0.242738245564892,-0.008));
#2644=CARTESIAN_POINT('',(0.51595833274731,-0.242428743367382,0.));
#2645=CARTESIAN_POINT('',(0.51595833274731,-0.242428743367382,0.));
#2646=CARTESIAN_POINT('',(0.515958332747309,-0.242428743367385,-0.008));
#2647=CARTESIAN_POINT('',(0.51595833274731,-0.242428743367382,-0.008));
#2648=CARTESIAN_POINT('',(0.516125874404018,-0.242099925864137,0.));
#2649=CARTESIAN_POINT('',(0.516125874404018,-0.242099925864137,0.));
#2650=CARTESIAN_POINT('',(0.516125874404019,-0.242099925864134,-0.008));
#2651=CARTESIAN_POINT('',(0.516125874404018,-0.242099925864137,-0.008));
#2652=CARTESIAN_POINT('',(0.516258126948427,-0.24175539627832,0.));
#2653=CARTESIAN_POINT('',(0.516258126948427,-0.24175539627832,0.));
#2654=CARTESIAN_POINT('',(0.516258126948426,-0.241755396278324,-0.008));
#2655=CARTESIAN_POINT('',(0.516258126948427,-0.24175539627832,-0.008));
#2656=CARTESIAN_POINT('',(0.51635364086288,-0.241398931822698,0.));
#2657=CARTESIAN_POINT('',(0.51635364086288,-0.241398931822698,0.));
#2658=CARTESIAN_POINT('',(0.516353640862881,-0.241398931822694,-0.008));
#2659=CARTESIAN_POINT('',(0.51635364086288,-0.241398931822698,-0.008));
#2660=CARTESIAN_POINT('',(0.516411372364545,-0.241034435356879,0.));
#2661=CARTESIAN_POINT('',(0.516411372364545,-0.241034435356879,0.));
#2662=CARTESIAN_POINT('',(0.516411372364545,-0.24103443535688,-0.008));
#2663=CARTESIAN_POINT('',(0.516411372364545,-0.241034435356879,-0.008));
#2664=CARTESIAN_POINT('',(0.51643,-0.240678992734021,0.));
#2665=CARTESIAN_POINT('',(0.51643,-0.240678992734021,0.));
#2666=CARTESIAN_POINT('',(0.51643,-0.240678992734021,-0.008));
#2667=CARTESIAN_POINT('',(0.51643,-0.240678992734021,-0.008));
#2668=CARTESIAN_POINT('',(0.51643,-0.113311207265979,0.));
#2669=CARTESIAN_POINT('',(0.51643,-0.113311207265979,0.));
#2670=CARTESIAN_POINT('',(0.51643,-0.113311207265976,-0.008));
#2671=CARTESIAN_POINT('',(0.51643,-0.113311207265979,-0.008));
#2672=CARTESIAN_POINT('',(0.516411372364545,-0.112955764643121,0.));
#2673=CARTESIAN_POINT('',(0.516411372364545,-0.112955764643121,0.));
#2674=CARTESIAN_POINT('',(0.516411372364545,-0.112955764643125,-0.008));
#2675=CARTESIAN_POINT('',(0.516411372364545,-0.112955764643121,-0.008));
#2676=CARTESIAN_POINT('',(0.51635364086288,-0.112591268177302,0.));
#2677=CARTESIAN_POINT('',(0.51635364086288,-0.112591268177302,0.));
#2678=CARTESIAN_POINT('',(0.516353640862879,-0.112591268177298,-0.008));
#2679=CARTESIAN_POINT('',(0.51635364086288,-0.112591268177302,-0.008));
#2680=CARTESIAN_POINT('',(0.516258126948427,-0.11223480372168,0.));
#2681=CARTESIAN_POINT('',(0.516258126948427,-0.11223480372168,0.));
#2682=CARTESIAN_POINT('',(0.516258126948427,-0.112234803721681,-0.008));
#2683=CARTESIAN_POINT('',(0.516258126948427,-0.11223480372168,-0.008));
#2684=CARTESIAN_POINT('',(0.516125874404018,-0.111890274135862,0.));
#2685=CARTESIAN_POINT('',(0.516125874404018,-0.111890274135862,0.));
#2686=CARTESIAN_POINT('',(0.516125874404018,-0.111890274135861,-0.008));
#2687=CARTESIAN_POINT('',(0.516125874404018,-0.111890274135862,-0.008));
#2688=CARTESIAN_POINT('',(0.51595833274731,-0.111561456632618,0.));
#2689=CARTESIAN_POINT('',(0.51595833274731,-0.111561456632618,0.));
#2690=CARTESIAN_POINT('',(0.515958332747311,-0.111561456632619,-0.008));
#2691=CARTESIAN_POINT('',(0.51595833274731,-0.111561456632618,-0.008));
#2692=CARTESIAN_POINT('',(0.515757339887356,-0.111251954435108,0.));
#2693=CARTESIAN_POINT('',(0.515757339887356,-0.111251954435108,0.));
#2694=CARTESIAN_POINT('',(0.515757339887354,-0.111251954435105,-0.008));
#2695=CARTESIAN_POINT('',(0.515757339887356,-0.111251954435108,-0.008));
#2696=CARTESIAN_POINT('',(0.51552509558101,-0.110965155799823,0.));
#2697=CARTESIAN_POINT('',(0.51552509558101,-0.110965155799823,0.));
#2698=CARTESIAN_POINT('',(0.515525095581011,-0.110965155799823,-0.008));
#2699=CARTESIAN_POINT('',(0.51552509558101,-0.110965155799823,-0.008));
#2700=CARTESIAN_POINT('',(0.515264144200177,-0.11070420441899,0.));
#2701=CARTESIAN_POINT('',(0.515264144200177,-0.11070420441899,0.));
#2702=CARTESIAN_POINT('',(0.515264144200177,-0.11070420441899,-0.008));
#2703=CARTESIAN_POINT('',(0.515264144200177,-0.11070420441899,-0.008));
#2704=CARTESIAN_POINT('',(0.514977345564892,-0.110471960112643,0.));
#2705=CARTESIAN_POINT('',(0.514977345564892,-0.110471960112643,0.));
#2706=CARTESIAN_POINT('',(0.514977345564893,-0.110471960112643,-0.008));
#2707=CARTESIAN_POINT('',(0.514977345564892,-0.110471960112643,-0.008));
#2708=CARTESIAN_POINT('',(0.514667843367382,-0.11027096725269,0.));
#2709=CARTESIAN_POINT('',(0.514667843367382,-0.11027096725269,0.));
#2710=CARTESIAN_POINT('',(0.514667843367384,-0.110270967252691,-0.008));
#2711=CARTESIAN_POINT('',(0.514667843367382,-0.11027096725269,-0.008));
#2712=CARTESIAN_POINT('',(0.514339025864138,-0.110103425595982,0.));
#2713=CARTESIAN_POINT('',(0.514339025864138,-0.110103425595982,0.));
#2714=CARTESIAN_POINT('',(0.514339025864137,-0.110103425595982,-0.008));
#2715=CARTESIAN_POINT('',(0.514339025864138,-0.110103425595982,-0.008));
#2716=CARTESIAN_POINT('',(0.51399449627832,-0.109971173051573,0.));
#2717=CARTESIAN_POINT('',(0.51399449627832,-0.109971173051573,0.));
#2718=CARTESIAN_POINT('',(0.513994496278322,-0.109971173051574,-0.008));
#2719=CARTESIAN_POINT('',(0.51399449627832,-0.109971173051573,-0.008));
#2720=CARTESIAN_POINT('',(0.513638031822698,-0.10987565913712,0.));
#2721=CARTESIAN_POINT('',(0.513638031822698,-0.10987565913712,0.));
#2722=CARTESIAN_POINT('',(0.513638031822695,-0.109875659137119,-0.008));
#2723=CARTESIAN_POINT('',(0.513638031822698,-0.10987565913712,-0.008));
#2724=CARTESIAN_POINT('',(0.513273535356879,-0.109817927635455,0.));
#2725=CARTESIAN_POINT('',(0.513273535356879,-0.109817927635455,0.));
#2726=CARTESIAN_POINT('',(0.513273535356881,-0.109817927635455,-0.008));
#2727=CARTESIAN_POINT('',(0.513273535356879,-0.109817927635455,-0.008));
#2728=CARTESIAN_POINT('',(0.51291809273402,-0.1097993,0.));
#2729=CARTESIAN_POINT('',(0.51291809273402,-0.1097993,0.));
#2730=CARTESIAN_POINT('',(0.51291809273402,-0.1097993,-0.008));
#2731=CARTESIAN_POINT('',(0.51291809273402,-0.1097993,-0.008));
#2732=CARTESIAN_POINT('',(0.0760073072659801,-0.1097993,0.));
#2733=CARTESIAN_POINT('',(0.0760073072659801,-0.1097993,-0.008));
#2734=CARTESIAN_POINT('',(0.0724954,-0.11331120726598,0.));
#2735=CARTESIAN_POINT('',(0.0724954,-0.11331120726598,0.));
#2736=CARTESIAN_POINT('',(0.0724954,-0.11331120726598,-0.008));
#2737=CARTESIAN_POINT('',(0.0724954,-0.11331120726598,-0.008));
#2738=CARTESIAN_POINT('',(0.0724954,-0.24067899273402,0.));
#2739=CARTESIAN_POINT('',(0.0724954,-0.24067899273402,0.));
#2740=CARTESIAN_POINT('',(0.0724954,-0.24067899273402,-0.008));
#2741=CARTESIAN_POINT('',(0.0724954,-0.24067899273402,-0.008));
#2742=CARTESIAN_POINT('',(0.0725140276354555,-0.241034435356879,0.));
#2743=CARTESIAN_POINT('',(0.0725140276354555,-0.241034435356879,0.));
#2744=CARTESIAN_POINT('',(0.0725140276354555,-0.241034435356879,-0.008));
#2745=CARTESIAN_POINT('',(0.0725140276354555,-0.241034435356879,-0.008));
#2746=CARTESIAN_POINT('',(0.0725717591371196,-0.241398931822698,0.));
#2747=CARTESIAN_POINT('',(0.0725717591371196,-0.241398931822698,0.));
#2748=CARTESIAN_POINT('',(0.0725717591371196,-0.241398931822698,-0.008));
#2749=CARTESIAN_POINT('',(0.0725717591371196,-0.241398931822698,-0.008));
#2750=CARTESIAN_POINT('',(0.0726672730515732,-0.24175539627832,0.));
#2751=CARTESIAN_POINT('',(0.0726672730515732,-0.24175539627832,0.));
#2752=CARTESIAN_POINT('',(0.0726672730515734,-0.241755396278321,-0.008));
#2753=CARTESIAN_POINT('',(0.0726672730515732,-0.24175539627832,-0.008));
#2754=CARTESIAN_POINT('',(0.0727995255959819,-0.242099925864138,0.));
#2755=CARTESIAN_POINT('',(0.0727995255959819,-0.242099925864138,0.));
#2756=CARTESIAN_POINT('',(0.0727995255959821,-0.242099925864139,-0.008));
#2757=CARTESIAN_POINT('',(0.0727995255959819,-0.242099925864138,-0.008));
#2758=CARTESIAN_POINT('',(0.07296706725269,-0.242428743367382,0.));
#2759=CARTESIAN_POINT('',(0.07296706725269,-0.242428743367382,0.));
#2760=CARTESIAN_POINT('',(0.0729670672526898,-0.242428743367381,-0.008));
#2761=CARTESIAN_POINT('',(0.07296706725269,-0.242428743367382,-0.008));
#2762=CARTESIAN_POINT('',(0.0731680601126434,-0.242738245564892,0.));
#2763=CARTESIAN_POINT('',(0.0731680601126434,-0.242738245564892,0.));
#2764=CARTESIAN_POINT('',(0.0731680601126433,-0.242738245564892,-0.008));
#2765=CARTESIAN_POINT('',(0.0731680601126434,-0.242738245564892,-0.008));
#2766=CARTESIAN_POINT('',(0.0734003044189904,-0.243025044200177,0.));
#2767=CARTESIAN_POINT('',(0.0734003044189904,-0.243025044200177,0.));
#2768=CARTESIAN_POINT('',(0.0734003044189912,-0.243025044200178,-0.008));
#2769=CARTESIAN_POINT('',(0.0734003044189904,-0.243025044200177,-0.008));
#2770=CARTESIAN_POINT('',(0.073661255799823,-0.24328599558101,0.));
#2771=CARTESIAN_POINT('',(0.073661255799823,-0.24328599558101,0.));
#2772=CARTESIAN_POINT('',(0.0736612557998229,-0.24328599558101,-0.008));
#2773=CARTESIAN_POINT('',(0.073661255799823,-0.24328599558101,-0.008));
#2774=CARTESIAN_POINT('',(0.0739480544351081,-0.243518239887357,0.));
#2775=CARTESIAN_POINT('',(0.0739480544351081,-0.243518239887357,0.));
#2776=CARTESIAN_POINT('',(0.0739480544351069,-0.243518239887356,-0.008));
#2777=CARTESIAN_POINT('',(0.0739480544351081,-0.243518239887357,-0.008));
#2778=CARTESIAN_POINT('',(0.0742575566326182,-0.24371923274731,0.));
#2779=CARTESIAN_POINT('',(0.0742575566326182,-0.24371923274731,-0.008));
#2780=CARTESIAN_POINT('',(0.2944627,-0.1769951,-0.008));
#2781=MECHANICAL_DESIGN_GEOMETRIC_PRESENTATION_REPRESENTATION('',(#1698),
#2782);
#2782=(
GEOMETRIC_REPRESENTATION_CONTEXT(3)
GLOBAL_UNCERTAINTY_ASSIGNED_CONTEXT((#2783))
GLOBAL_UNIT_ASSIGNED_CONTEXT((#2786,#2785,#2784))
REPRESENTATION_CONTEXT('Bottom','TOP_LEVEL_ASSEMBLY_PART')
);
#2783=UNCERTAINTY_MEASURE_WITH_UNIT(LENGTH_MEASURE(1.E-8),#2786,
'DISTANCE_ACCURACY_VALUE','Maximum Tolerance applied to model');
#2784=(
NAMED_UNIT(*)
SI_UNIT($,.STERADIAN.)
SOLID_ANGLE_UNIT()
);
#2785=(
NAMED_UNIT(*)
PLANE_ANGLE_UNIT()
SI_UNIT($,.RADIAN.)
);
#2786=(
LENGTH_UNIT()
NAMED_UNIT(*)
SI_UNIT($,.METRE.)
);
#2787=PRODUCT_DEFINITION_SHAPE('','',#2788);
#2788=PRODUCT_DEFINITION('','',#2790,#2789);
#2789=PRODUCT_DEFINITION_CONTEXT('',#2796,'design');
#2790=PRODUCT_DEFINITION_FORMATION_WITH_SPECIFIED_SOURCE('','',#2792,
 .NOT_KNOWN.);
#2791=PRODUCT_RELATED_PRODUCT_CATEGORY('','',(#2792));
#2792=PRODUCT('Bottom','Bottom','Bottom',(#2794));
#2793=PRODUCT_CATEGORY('','');
#2794=PRODUCT_CONTEXT('',#2796,'mechanical');
#2795=APPLICATION_PROTOCOL_DEFINITION('international standard',
'ap242_managed_model_based_3d_engineering',2020,#2796);
#2796=APPLICATION_CONTEXT('managed model based 3d engineering');
ENDSEC;
END-ISO-10303-21;
