ISO-10303-21;
HEADER;
/* Generated by software containing ST-Developer
 * from STEP Tools, Inc. (www.steptools.com) 
 */
/* OPTION: using custom renumber hook */

FILE_DESCRIPTION(
/* description */ ('STEP AP242 Edition 2',
'CAx-IF Rec.Pracs.---Representation and Presentation of Product Manufa
cturing Information (PMI)---4.0---2014-10-13',
'CAx-IF Rec.Pracs.---3D Tessellated Geometry---0.4---2014-09-14','2;1',
'CAx-IF Rec.Pracs.---User Defined Attributes---1.5---2016-08-15'),
/* implementation_level */ '2;1');

FILE_NAME(
/* name */ 'Keyboard v2 - Top',
/* time_stamp */ '2026-07-30T04:05:29Z',
/* author */ (''),
/* organization */ (''),
/* preprocessor_version */ 'ST-DEVELOPER v20',
/* originating_system */ 'ONSHAPE BY PTC INC, 1.218',
/* authorisation */ '  ');

FILE_SCHEMA (('AP242_MANAGED_MODEL_BASED_3D_ENGINEERING_MIM_LF { 1 0 10303 442 3 1 4 }'));
ENDSEC;

DATA;
#10=SHAPE_REPRESENTATION_RELATIONSHIP('','',#2115,#11);
#11=ADVANCED_BREP_SHAPE_REPRESENTATION('',(#2113),#3565);
#12=CONICAL_SURFACE('',#2260,0.0025,0.78539816339746);
#13=CONICAL_SURFACE('',#2264,0.0025,0.785398163397448);
#14=CONICAL_SURFACE('',#2268,0.0025,0.785398163397453);
#15=CONICAL_SURFACE('',#2272,0.0025,0.785398163397466);
#16=CONICAL_SURFACE('',#2300,0.0045,0.78539816339746);
#17=CONICAL_SURFACE('',#2303,0.0045,0.785398163397448);
#18=CONICAL_SURFACE('',#2306,0.0045,0.785398163397448);
#19=CONICAL_SURFACE('',#2309,0.0045,0.785398163397466);
#20=LINE('',#3022,#216);
#21=LINE('',#3026,#217);
#22=LINE('',#3028,#218);
#23=LINE('',#3030,#219);
#24=LINE('',#3032,#220);
#25=LINE('',#3034,#221);
#26=LINE('',#3036,#222);
#27=LINE('',#3040,#223);
#28=LINE('',#3045,#224);
#29=LINE('',#3046,#225);
#30=LINE('',#3048,#226);
#31=LINE('',#3050,#227);
#32=LINE('',#3052,#228);
#33=LINE('',#3054,#229);
#34=LINE('',#3057,#230);
#35=LINE('',#3059,#231);
#36=LINE('',#3061,#232);
#37=LINE('',#3063,#233);
#38=LINE('',#3067,#234);
#39=LINE('',#3071,#235);
#40=LINE('',#3073,#236);
#41=LINE('',#3075,#237);
#42=LINE('',#3077,#238);
#43=LINE('',#3079,#239);
#44=LINE('',#3082,#240);
#45=LINE('',#3083,#241);
#46=LINE('',#3089,#242);
#47=LINE('',#3092,#243);
#48=LINE('',#3094,#244);
#49=LINE('',#3096,#245);
#50=LINE('',#3098,#246);
#51=LINE('',#3102,#247);
#52=LINE('',#3106,#248);
#53=LINE('',#3108,#249);
#54=LINE('',#3110,#250);
#55=LINE('',#3112,#251);
#56=LINE('',#3114,#252);
#57=LINE('',#3117,#253);
#58=LINE('',#3118,#254);
#59=LINE('',#3124,#255);
#60=LINE('',#3127,#256);
#61=LINE('',#3129,#257);
#62=LINE('',#3131,#258);
#63=LINE('',#3133,#259);
#64=LINE('',#3137,#260);
#65=LINE('',#3141,#261);
#66=LINE('',#3143,#262);
#67=LINE('',#3145,#263);
#68=LINE('',#3147,#264);
#69=LINE('',#3149,#265);
#70=LINE('',#3152,#266);
#71=LINE('',#3153,#267);
#72=LINE('',#3162,#268);
#73=LINE('',#3166,#269);
#74=LINE('',#3168,#270);
#75=LINE('',#3170,#271);
#76=LINE('',#3172,#272);
#77=LINE('',#3174,#273);
#78=LINE('',#3176,#274);
#79=LINE('',#3180,#275);
#80=LINE('',#3182,#276);
#81=LINE('',#3184,#277);
#82=LINE('',#3186,#278);
#83=LINE('',#3189,#279);
#84=LINE('',#3190,#280);
#85=LINE('',#3197,#281);
#86=LINE('',#3201,#282);
#87=LINE('',#3203,#283);
#88=LINE('',#3205,#284);
#89=LINE('',#3207,#285);
#90=LINE('',#3209,#286);
#91=LINE('',#3211,#287);
#92=LINE('',#3215,#288);
#93=LINE('',#3217,#289);
#94=LINE('',#3219,#290);
#95=LINE('',#3221,#291);
#96=LINE('',#3224,#292);
#97=LINE('',#3225,#293);
#98=LINE('',#3229,#294);
#99=LINE('',#3232,#295);
#100=LINE('',#3234,#296);
#101=LINE('',#3236,#297);
#102=LINE('',#3238,#298);
#103=LINE('',#3242,#299);
#104=LINE('',#3246,#300);
#105=LINE('',#3248,#301);
#106=LINE('',#3250,#302);
#107=LINE('',#3252,#303);
#108=LINE('',#3254,#304);
#109=LINE('',#3257,#305);
#110=LINE('',#3258,#306);
#111=LINE('',#3264,#307);
#112=LINE('',#3267,#308);
#113=LINE('',#3269,#309);
#114=LINE('',#3271,#310);
#115=LINE('',#3273,#311);
#116=LINE('',#3277,#312);
#117=LINE('',#3281,#313);
#118=LINE('',#3283,#314);
#119=LINE('',#3285,#315);
#120=LINE('',#3287,#316);
#121=LINE('',#3289,#317);
#122=LINE('',#3292,#318);
#123=LINE('',#3293,#319);
#124=LINE('',#3302,#320);
#125=LINE('',#3306,#321);
#126=LINE('',#3308,#322);
#127=LINE('',#3310,#323);
#128=LINE('',#3312,#324);
#129=LINE('',#3314,#325);
#130=LINE('',#3316,#326);
#131=LINE('',#3320,#327);
#132=LINE('',#3322,#328);
#133=LINE('',#3324,#329);
#134=LINE('',#3326,#330);
#135=LINE('',#3329,#331);
#136=LINE('',#3330,#332);
#137=LINE('',#3337,#333);
#138=LINE('',#3341,#334);
#139=LINE('',#3343,#335);
#140=LINE('',#3345,#336);
#141=LINE('',#3347,#337);
#142=LINE('',#3349,#338);
#143=LINE('',#3351,#339);
#144=LINE('',#3355,#340);
#145=LINE('',#3357,#341);
#146=LINE('',#3359,#342);
#147=LINE('',#3361,#343);
#148=LINE('',#3364,#344);
#149=LINE('',#3365,#345);
#150=LINE('',#3369,#346);
#151=LINE('',#3370,#347);
#152=LINE('',#3372,#348);
#153=LINE('',#3374,#349);
#154=LINE('',#3376,#350);
#155=LINE('',#3378,#351);
#156=LINE('',#3379,#352);
#157=LINE('',#3380,#353);
#158=LINE('',#3381,#354);
#159=LINE('',#3383,#355);
#160=LINE('',#3384,#356);
#161=LINE('',#3385,#357);
#162=LINE('',#3387,#358);
#163=LINE('',#3389,#359);
#164=LINE('',#3391,#360);
#165=LINE('',#3393,#361);
#166=LINE('',#3394,#362);
#167=LINE('',#3395,#363);
#168=LINE('',#3397,#364);
#169=LINE('',#3400,#365);
#170=LINE('',#3402,#366);
#171=LINE('',#3404,#367);
#172=LINE('',#3407,#368);
#173=LINE('',#3411,#369);
#174=LINE('',#3413,#370);
#175=LINE('',#3417,#371);
#176=LINE('',#3421,#372);
#177=LINE('',#3424,#373);
#178=LINE('',#3425,#374);
#179=LINE('',#3428,#375);
#180=LINE('',#3432,#376);
#181=LINE('',#3434,#377);
#182=LINE('',#3441,#378);
#183=LINE('',#3443,#379);
#184=LINE('',#3447,#380);
#185=LINE('',#3449,#381);
#186=LINE('',#3451,#382);
#187=LINE('',#3456,#383);
#188=LINE('',#3460,#384);
#189=LINE('',#3464,#385);
#190=LINE('',#3470,#386);
#191=LINE('',#3474,#387);
#192=LINE('',#3479,#388);
#193=LINE('',#3483,#389);
#194=LINE('',#3487,#390);
#195=LINE('',#3491,#391);
#196=LINE('',#3501,#392);
#197=LINE('',#3503,#393);
#198=LINE('',#3505,#394);
#199=LINE('',#3507,#395);
#200=LINE('',#3511,#396);
#201=LINE('',#3513,#397);
#202=LINE('',#3515,#398);
#203=LINE('',#3519,#399);
#204=LINE('',#3521,#400);
#205=LINE('',#3523,#401);
#206=LINE('',#3527,#402);
#207=LINE('',#3529,#403);
#208=LINE('',#3533,#404);
#209=LINE('',#3534,#405);
#210=LINE('',#3536,#406);
#211=LINE('',#3538,#407);
#212=LINE('',#3540,#408);
#213=LINE('',#3542,#409);
#214=LINE('',#3544,#410);
#215=LINE('',#3546,#411);
#216=VECTOR('',#2417,1.);
#217=VECTOR('',#2420,1.);
#218=VECTOR('',#2423,1.);
#219=VECTOR('',#2424,1.);
#220=VECTOR('',#2425,1.);
#221=VECTOR('',#2428,1.);
#222=VECTOR('',#2429,1.);
#223=VECTOR('',#2432,1.);
#224=VECTOR('',#2437,1.);
#225=VECTOR('',#2438,1.);
#226=VECTOR('',#2441,1.);
#227=VECTOR('',#2444,1.);
#228=VECTOR('',#2445,1.);
#229=VECTOR('',#2448,1.);
#230=VECTOR('',#2449,1.);
#231=VECTOR('',#2450,1.);
#232=VECTOR('',#2451,1.);
#233=VECTOR('',#2454,1.);
#234=VECTOR('',#2457,1.);
#235=VECTOR('',#2460,1.);
#236=VECTOR('',#2463,1.);
#237=VECTOR('',#2464,1.);
#238=VECTOR('',#2465,1.);
#239=VECTOR('',#2468,1.);
#240=VECTOR('',#2469,1.);
#241=VECTOR('',#2470,1.);
#242=VECTOR('',#2481,1.);
#243=VECTOR('',#2482,1.);
#244=VECTOR('',#2483,1.);
#245=VECTOR('',#2484,1.);
#246=VECTOR('',#2487,1.);
#247=VECTOR('',#2490,1.);
#248=VECTOR('',#2493,1.);
#249=VECTOR('',#2496,1.);
#250=VECTOR('',#2497,1.);
#251=VECTOR('',#2498,1.);
#252=VECTOR('',#2501,1.);
#253=VECTOR('',#2502,1.);
#254=VECTOR('',#2503,1.);
#255=VECTOR('',#2514,1.);
#256=VECTOR('',#2515,1.);
#257=VECTOR('',#2516,1.);
#258=VECTOR('',#2517,1.);
#259=VECTOR('',#2520,1.);
#260=VECTOR('',#2523,1.);
#261=VECTOR('',#2526,1.);
#262=VECTOR('',#2529,1.);
#263=VECTOR('',#2530,1.);
#264=VECTOR('',#2531,1.);
#265=VECTOR('',#2534,1.);
#266=VECTOR('',#2535,1.);
#267=VECTOR('',#2536,1.);
#268=VECTOR('',#2549,1.);
#269=VECTOR('',#2552,1.);
#270=VECTOR('',#2555,1.);
#271=VECTOR('',#2556,1.);
#272=VECTOR('',#2557,1.);
#273=VECTOR('',#2560,1.);
#274=VECTOR('',#2561,1.);
#275=VECTOR('',#2564,1.);
#276=VECTOR('',#2567,1.);
#277=VECTOR('',#2568,1.);
#278=VECTOR('',#2571,1.);
#279=VECTOR('',#2572,1.);
#280=VECTOR('',#2573,1.);
#281=VECTOR('',#2582,1.);
#282=VECTOR('',#2585,1.);
#283=VECTOR('',#2588,1.);
#284=VECTOR('',#2589,1.);
#285=VECTOR('',#2590,1.);
#286=VECTOR('',#2593,1.);
#287=VECTOR('',#2594,1.);
#288=VECTOR('',#2597,1.);
#289=VECTOR('',#2600,1.);
#290=VECTOR('',#2601,1.);
#291=VECTOR('',#2604,1.);
#292=VECTOR('',#2605,1.);
#293=VECTOR('',#2606,1.);
#294=VECTOR('',#2613,1.);
#295=VECTOR('',#2614,1.);
#296=VECTOR('',#2615,1.);
#297=VECTOR('',#2616,1.);
#298=VECTOR('',#2619,1.);
#299=VECTOR('',#2622,1.);
#300=VECTOR('',#2625,1.);
#301=VECTOR('',#2628,1.);
#302=VECTOR('',#2629,1.);
#303=VECTOR('',#2630,1.);
#304=VECTOR('',#2633,1.);
#305=VECTOR('',#2634,1.);
#306=VECTOR('',#2635,1.);
#307=VECTOR('',#2646,1.);
#308=VECTOR('',#2647,1.);
#309=VECTOR('',#2648,1.);
#310=VECTOR('',#2649,1.);
#311=VECTOR('',#2652,1.);
#312=VECTOR('',#2655,1.);
#313=VECTOR('',#2658,1.);
#314=VECTOR('',#2661,1.);
#315=VECTOR('',#2662,1.);
#316=VECTOR('',#2663,1.);
#317=VECTOR('',#2666,1.);
#318=VECTOR('',#2667,1.);
#319=VECTOR('',#2668,1.);
#320=VECTOR('',#2681,1.);
#321=VECTOR('',#2684,1.);
#322=VECTOR('',#2687,1.);
#323=VECTOR('',#2688,1.);
#324=VECTOR('',#2689,1.);
#325=VECTOR('',#2692,1.);
#326=VECTOR('',#2693,1.);
#327=VECTOR('',#2696,1.);
#328=VECTOR('',#2699,1.);
#329=VECTOR('',#2700,1.);
#330=VECTOR('',#2703,1.);
#331=VECTOR('',#2704,1.);
#332=VECTOR('',#2705,1.);
#333=VECTOR('',#2714,1.);
#334=VECTOR('',#2717,1.);
#335=VECTOR('',#2720,1.);
#336=VECTOR('',#2721,1.);
#337=VECTOR('',#2722,1.);
#338=VECTOR('',#2725,1.);
#339=VECTOR('',#2726,1.);
#340=VECTOR('',#2729,1.);
#341=VECTOR('',#2732,1.);
#342=VECTOR('',#2733,1.);
#343=VECTOR('',#2736,1.);
#344=VECTOR('',#2737,1.);
#345=VECTOR('',#2738,1.);
#346=VECTOR('',#2745,1.);
#347=VECTOR('',#2746,1.);
#348=VECTOR('',#2747,1.);
#349=VECTOR('',#2748,1.);
#350=VECTOR('',#2749,1.);
#351=VECTOR('',#2750,1.);
#352=VECTOR('',#2751,1.);
#353=VECTOR('',#2752,1.);
#354=VECTOR('',#2753,1.);
#355=VECTOR('',#2756,1.);
#356=VECTOR('',#2757,1.);
#357=VECTOR('',#2758,1.);
#358=VECTOR('',#2759,1.);
#359=VECTOR('',#2760,1.);
#360=VECTOR('',#2761,1.);
#361=VECTOR('',#2762,1.);
#362=VECTOR('',#2763,1.);
#363=VECTOR('',#2764,1.);
#364=VECTOR('',#2767,1.);
#365=VECTOR('',#2768,1.);
#366=VECTOR('',#2769,1.);
#367=VECTOR('',#2770,1.);
#368=VECTOR('',#2775,1.);
#369=VECTOR('',#2780,1.);
#370=VECTOR('',#2781,1.);
#371=VECTOR('',#2786,1.);
#372=VECTOR('',#2791,1.);
#373=VECTOR('',#2792,1.);
#374=VECTOR('',#2793,1.);
#375=VECTOR('',#2798,1.);
#376=VECTOR('',#2803,1.);
#377=VECTOR('',#2804,1.);
#378=VECTOR('',#2815,1.);
#379=VECTOR('',#2818,1.);
#380=VECTOR('',#2823,1.);
#381=VECTOR('',#2824,1.);
#382=VECTOR('',#2827,1.);
#383=VECTOR('',#2830,1.);
#384=VECTOR('',#2833,1.);
#385=VECTOR('',#2836,1.);
#386=VECTOR('',#2845,1.);
#387=VECTOR('',#2850,1.);
#388=VECTOR('',#2855,1.);
#389=VECTOR('',#2858,1.);
#390=VECTOR('',#2861,1.);
#391=VECTOR('',#2864,1.);
#392=VECTOR('',#2875,1.);
#393=VECTOR('',#2876,1.);
#394=VECTOR('',#2877,1.);
#395=VECTOR('',#2880,1.);
#396=VECTOR('',#2885,1.);
#397=VECTOR('',#2886,1.);
#398=VECTOR('',#2889,1.);
#399=VECTOR('',#2894,1.);
#400=VECTOR('',#2895,1.);
#401=VECTOR('',#2898,1.);
#402=VECTOR('',#2903,1.);
#403=VECTOR('',#2904,1.);
#404=VECTOR('',#2911,1.);
#405=VECTOR('',#2912,1.);
#406=VECTOR('',#2915,1.);
#407=VECTOR('',#2918,1.);
#408=VECTOR('',#2921,1.);
#409=VECTOR('',#2924,1.);
#410=VECTOR('',#2927,1.);
#411=VECTOR('',#2930,1.);
#412=PLANE('',#2120);
#413=PLANE('',#2124);
#414=PLANE('',#2128);
#415=PLANE('',#2132);
#416=PLANE('',#2136);
#417=PLANE('',#2140);
#418=PLANE('',#2144);
#419=PLANE('',#2148);
#420=PLANE('',#2152);
#421=PLANE('',#2156);
#422=PLANE('',#2160);
#423=PLANE('',#2161);
#424=PLANE('',#2165);
#425=PLANE('',#2166);
#426=PLANE('',#2167);
#427=PLANE('',#2168);
#428=PLANE('',#2171);
#429=PLANE('',#2172);
#430=PLANE('',#2177);
#431=PLANE('',#2178);
#432=PLANE('',#2181);
#433=PLANE('',#2182);
#434=PLANE('',#2187);
#435=PLANE('',#2188);
#436=PLANE('',#2191);
#437=PLANE('',#2192);
#438=PLANE('',#2200);
#439=PLANE('',#2201);
#440=PLANE('',#2203);
#441=PLANE('',#2204);
#442=PLANE('',#2210);
#443=PLANE('',#2211);
#444=PLANE('',#2213);
#445=PLANE('',#2214);
#446=PLANE('',#2217);
#447=PLANE('',#2218);
#448=PLANE('',#2221);
#449=PLANE('',#2222);
#450=PLANE('',#2227);
#451=PLANE('',#2228);
#452=PLANE('',#2231);
#453=PLANE('',#2232);
#454=PLANE('',#2240);
#455=PLANE('',#2241);
#456=PLANE('',#2243);
#457=PLANE('',#2244);
#458=PLANE('',#2250);
#459=PLANE('',#2251);
#460=PLANE('',#2253);
#461=PLANE('',#2254);
#462=PLANE('',#2257);
#463=PLANE('',#2258);
#464=PLANE('',#2259);
#465=PLANE('',#2263);
#466=PLANE('',#2267);
#467=PLANE('',#2271);
#468=PLANE('',#2279);
#469=PLANE('',#2280);
#470=PLANE('',#2289);
#471=PLANE('',#2290);
#472=PLANE('',#2299);
#473=PLANE('',#2302);
#474=PLANE('',#2305);
#475=PLANE('',#2308);
#476=PLANE('',#2312);
#477=PLANE('',#2314);
#478=PLANE('',#2315);
#479=PLANE('',#2320);
#480=PLANE('',#2323);
#481=PLANE('',#2326);
#482=PLANE('',#2329);
#483=PLANE('',#2330);
#484=ORIENTED_EDGE('',*,*,#1060,.T.);
#485=ORIENTED_EDGE('',*,*,#1061,.F.);
#486=ORIENTED_EDGE('',*,*,#1060,.F.);
#487=ORIENTED_EDGE('',*,*,#1062,.T.);
#488=ORIENTED_EDGE('',*,*,#1063,.F.);
#489=ORIENTED_EDGE('',*,*,#1062,.F.);
#490=ORIENTED_EDGE('',*,*,#1064,.T.);
#491=ORIENTED_EDGE('',*,*,#1065,.F.);
#492=ORIENTED_EDGE('',*,*,#1064,.F.);
#493=ORIENTED_EDGE('',*,*,#1066,.T.);
#494=ORIENTED_EDGE('',*,*,#1067,.F.);
#495=ORIENTED_EDGE('',*,*,#1066,.F.);
#496=ORIENTED_EDGE('',*,*,#1068,.T.);
#497=ORIENTED_EDGE('',*,*,#1069,.F.);
#498=ORIENTED_EDGE('',*,*,#1068,.F.);
#499=ORIENTED_EDGE('',*,*,#1070,.T.);
#500=ORIENTED_EDGE('',*,*,#1071,.F.);
#501=ORIENTED_EDGE('',*,*,#1070,.F.);
#502=ORIENTED_EDGE('',*,*,#1072,.T.);
#503=ORIENTED_EDGE('',*,*,#1073,.F.);
#504=ORIENTED_EDGE('',*,*,#1072,.F.);
#505=ORIENTED_EDGE('',*,*,#1074,.T.);
#506=ORIENTED_EDGE('',*,*,#1075,.F.);
#507=ORIENTED_EDGE('',*,*,#1074,.F.);
#508=ORIENTED_EDGE('',*,*,#1076,.T.);
#509=ORIENTED_EDGE('',*,*,#1077,.F.);
#510=ORIENTED_EDGE('',*,*,#1076,.F.);
#511=ORIENTED_EDGE('',*,*,#1078,.T.);
#512=ORIENTED_EDGE('',*,*,#1079,.F.);
#513=ORIENTED_EDGE('',*,*,#1078,.F.);
#514=ORIENTED_EDGE('',*,*,#1080,.F.);
#515=ORIENTED_EDGE('',*,*,#1081,.F.);
#516=ORIENTED_EDGE('',*,*,#1082,.T.);
#517=ORIENTED_EDGE('',*,*,#1083,.T.);
#518=ORIENTED_EDGE('',*,*,#1084,.F.);
#519=ORIENTED_EDGE('',*,*,#1083,.F.);
#520=ORIENTED_EDGE('',*,*,#1085,.F.);
#521=ORIENTED_EDGE('',*,*,#1086,.F.);
#522=ORIENTED_EDGE('',*,*,#1087,.F.);
#523=ORIENTED_EDGE('',*,*,#1085,.T.);
#524=ORIENTED_EDGE('',*,*,#1082,.F.);
#525=ORIENTED_EDGE('',*,*,#1088,.F.);
#526=ORIENTED_EDGE('',*,*,#1089,.F.);
#527=ORIENTED_EDGE('',*,*,#1090,.F.);
#528=ORIENTED_EDGE('',*,*,#1065,.T.);
#529=ORIENTED_EDGE('',*,*,#1091,.F.);
#530=ORIENTED_EDGE('',*,*,#1092,.F.);
#531=ORIENTED_EDGE('',*,*,#1089,.T.);
#532=ORIENTED_EDGE('',*,*,#1093,.T.);
#533=ORIENTED_EDGE('',*,*,#1094,.F.);
#534=ORIENTED_EDGE('',*,*,#1093,.F.);
#535=ORIENTED_EDGE('',*,*,#1088,.T.);
#536=ORIENTED_EDGE('',*,*,#1081,.T.);
#537=ORIENTED_EDGE('',*,*,#1095,.F.);
#538=ORIENTED_EDGE('',*,*,#1096,.F.);
#539=ORIENTED_EDGE('',*,*,#1090,.T.);
#540=ORIENTED_EDGE('',*,*,#1092,.T.);
#541=ORIENTED_EDGE('',*,*,#1097,.F.);
#542=ORIENTED_EDGE('',*,*,#1098,.F.);
#543=ORIENTED_EDGE('',*,*,#1099,.F.);
#544=ORIENTED_EDGE('',*,*,#1100,.F.);
#545=ORIENTED_EDGE('',*,*,#1101,.F.);
#546=ORIENTED_EDGE('',*,*,#1099,.T.);
#547=ORIENTED_EDGE('',*,*,#1102,.F.);
#548=ORIENTED_EDGE('',*,*,#1103,.F.);
#549=ORIENTED_EDGE('',*,*,#1104,.F.);
#550=ORIENTED_EDGE('',*,*,#1105,.F.);
#551=ORIENTED_EDGE('',*,*,#1077,.T.);
#552=ORIENTED_EDGE('',*,*,#1106,.F.);
#553=ORIENTED_EDGE('',*,*,#1105,.T.);
#554=ORIENTED_EDGE('',*,*,#1107,.T.);
#555=ORIENTED_EDGE('',*,*,#1108,.F.);
#556=ORIENTED_EDGE('',*,*,#1109,.F.);
#557=ORIENTED_EDGE('',*,*,#1110,.F.);
#558=ORIENTED_EDGE('',*,*,#1103,.T.);
#559=ORIENTED_EDGE('',*,*,#1111,.T.);
#560=ORIENTED_EDGE('',*,*,#1112,.F.);
#561=ORIENTED_EDGE('',*,*,#1111,.F.);
#562=ORIENTED_EDGE('',*,*,#1102,.T.);
#563=ORIENTED_EDGE('',*,*,#1098,.T.);
#564=ORIENTED_EDGE('',*,*,#1113,.F.);
#565=ORIENTED_EDGE('',*,*,#1107,.F.);
#566=ORIENTED_EDGE('',*,*,#1104,.T.);
#567=ORIENTED_EDGE('',*,*,#1110,.T.);
#568=ORIENTED_EDGE('',*,*,#1114,.F.);
#569=ORIENTED_EDGE('',*,*,#1115,.F.);
#570=ORIENTED_EDGE('',*,*,#1116,.F.);
#571=ORIENTED_EDGE('',*,*,#1117,.F.);
#572=ORIENTED_EDGE('',*,*,#1118,.F.);
#573=ORIENTED_EDGE('',*,*,#1116,.T.);
#574=ORIENTED_EDGE('',*,*,#1119,.F.);
#575=ORIENTED_EDGE('',*,*,#1120,.T.);
#576=ORIENTED_EDGE('',*,*,#1121,.F.);
#577=ORIENTED_EDGE('',*,*,#1122,.F.);
#578=ORIENTED_EDGE('',*,*,#1071,.T.);
#579=ORIENTED_EDGE('',*,*,#1123,.F.);
#580=ORIENTED_EDGE('',*,*,#1122,.T.);
#581=ORIENTED_EDGE('',*,*,#1124,.T.);
#582=ORIENTED_EDGE('',*,*,#1125,.F.);
#583=ORIENTED_EDGE('',*,*,#1126,.F.);
#584=ORIENTED_EDGE('',*,*,#1127,.F.);
#585=ORIENTED_EDGE('',*,*,#1120,.F.);
#586=ORIENTED_EDGE('',*,*,#1128,.T.);
#587=ORIENTED_EDGE('',*,*,#1129,.F.);
#588=ORIENTED_EDGE('',*,*,#1128,.F.);
#589=ORIENTED_EDGE('',*,*,#1119,.T.);
#590=ORIENTED_EDGE('',*,*,#1115,.T.);
#591=ORIENTED_EDGE('',*,*,#1130,.F.);
#592=ORIENTED_EDGE('',*,*,#1124,.F.);
#593=ORIENTED_EDGE('',*,*,#1121,.T.);
#594=ORIENTED_EDGE('',*,*,#1127,.T.);
#595=ORIENTED_EDGE('',*,*,#1131,.F.);
#596=ORIENTED_EDGE('',*,*,#1132,.F.);
#597=ORIENTED_EDGE('',*,*,#1133,.F.);
#598=ORIENTED_EDGE('',*,*,#1134,.F.);
#599=ORIENTED_EDGE('',*,*,#1135,.F.);
#600=ORIENTED_EDGE('',*,*,#1133,.T.);
#601=ORIENTED_EDGE('',*,*,#1136,.F.);
#602=ORIENTED_EDGE('',*,*,#1137,.F.);
#603=ORIENTED_EDGE('',*,*,#1138,.F.);
#604=ORIENTED_EDGE('',*,*,#1139,.F.);
#605=ORIENTED_EDGE('',*,*,#1079,.T.);
#606=ORIENTED_EDGE('',*,*,#1140,.F.);
#607=ORIENTED_EDGE('',*,*,#1139,.T.);
#608=ORIENTED_EDGE('',*,*,#1141,.T.);
#609=ORIENTED_EDGE('',*,*,#1142,.F.);
#610=ORIENTED_EDGE('',*,*,#1143,.F.);
#611=ORIENTED_EDGE('',*,*,#1144,.F.);
#612=ORIENTED_EDGE('',*,*,#1137,.T.);
#613=ORIENTED_EDGE('',*,*,#1145,.T.);
#614=ORIENTED_EDGE('',*,*,#1146,.F.);
#615=ORIENTED_EDGE('',*,*,#1145,.F.);
#616=ORIENTED_EDGE('',*,*,#1136,.T.);
#617=ORIENTED_EDGE('',*,*,#1132,.T.);
#618=ORIENTED_EDGE('',*,*,#1147,.F.);
#619=ORIENTED_EDGE('',*,*,#1141,.F.);
#620=ORIENTED_EDGE('',*,*,#1138,.T.);
#621=ORIENTED_EDGE('',*,*,#1144,.T.);
#622=ORIENTED_EDGE('',*,*,#1148,.F.);
#623=ORIENTED_EDGE('',*,*,#1149,.F.);
#624=ORIENTED_EDGE('',*,*,#1150,.T.);
#625=ORIENTED_EDGE('',*,*,#1151,.T.);
#626=ORIENTED_EDGE('',*,*,#1152,.F.);
#627=ORIENTED_EDGE('',*,*,#1151,.F.);
#628=ORIENTED_EDGE('',*,*,#1153,.F.);
#629=ORIENTED_EDGE('',*,*,#1154,.F.);
#630=ORIENTED_EDGE('',*,*,#1155,.F.);
#631=ORIENTED_EDGE('',*,*,#1153,.T.);
#632=ORIENTED_EDGE('',*,*,#1150,.F.);
#633=ORIENTED_EDGE('',*,*,#1156,.F.);
#634=ORIENTED_EDGE('',*,*,#1157,.F.);
#635=ORIENTED_EDGE('',*,*,#1158,.F.);
#636=ORIENTED_EDGE('',*,*,#1067,.T.);
#637=ORIENTED_EDGE('',*,*,#1159,.F.);
#638=ORIENTED_EDGE('',*,*,#1160,.F.);
#639=ORIENTED_EDGE('',*,*,#1156,.T.);
#640=ORIENTED_EDGE('',*,*,#1149,.T.);
#641=ORIENTED_EDGE('',*,*,#1161,.F.);
#642=ORIENTED_EDGE('',*,*,#1162,.F.);
#643=ORIENTED_EDGE('',*,*,#1158,.T.);
#644=ORIENTED_EDGE('',*,*,#1163,.T.);
#645=ORIENTED_EDGE('',*,*,#1164,.F.);
#646=ORIENTED_EDGE('',*,*,#1163,.F.);
#647=ORIENTED_EDGE('',*,*,#1157,.T.);
#648=ORIENTED_EDGE('',*,*,#1160,.T.);
#649=ORIENTED_EDGE('',*,*,#1165,.F.);
#650=ORIENTED_EDGE('',*,*,#1166,.F.);
#651=ORIENTED_EDGE('',*,*,#1167,.T.);
#652=ORIENTED_EDGE('',*,*,#1168,.T.);
#653=ORIENTED_EDGE('',*,*,#1169,.F.);
#654=ORIENTED_EDGE('',*,*,#1168,.F.);
#655=ORIENTED_EDGE('',*,*,#1170,.F.);
#656=ORIENTED_EDGE('',*,*,#1171,.F.);
#657=ORIENTED_EDGE('',*,*,#1172,.F.);
#658=ORIENTED_EDGE('',*,*,#1170,.T.);
#659=ORIENTED_EDGE('',*,*,#1167,.F.);
#660=ORIENTED_EDGE('',*,*,#1173,.T.);
#661=ORIENTED_EDGE('',*,*,#1174,.F.);
#662=ORIENTED_EDGE('',*,*,#1175,.F.);
#663=ORIENTED_EDGE('',*,*,#1063,.T.);
#664=ORIENTED_EDGE('',*,*,#1176,.F.);
#665=ORIENTED_EDGE('',*,*,#1177,.F.);
#666=ORIENTED_EDGE('',*,*,#1173,.F.);
#667=ORIENTED_EDGE('',*,*,#1166,.T.);
#668=ORIENTED_EDGE('',*,*,#1178,.F.);
#669=ORIENTED_EDGE('',*,*,#1179,.F.);
#670=ORIENTED_EDGE('',*,*,#1175,.T.);
#671=ORIENTED_EDGE('',*,*,#1180,.T.);
#672=ORIENTED_EDGE('',*,*,#1181,.F.);
#673=ORIENTED_EDGE('',*,*,#1180,.F.);
#674=ORIENTED_EDGE('',*,*,#1174,.T.);
#675=ORIENTED_EDGE('',*,*,#1177,.T.);
#676=ORIENTED_EDGE('',*,*,#1182,.F.);
#677=ORIENTED_EDGE('',*,*,#1183,.F.);
#678=ORIENTED_EDGE('',*,*,#1184,.F.);
#679=ORIENTED_EDGE('',*,*,#1185,.F.);
#680=ORIENTED_EDGE('',*,*,#1186,.F.);
#681=ORIENTED_EDGE('',*,*,#1184,.T.);
#682=ORIENTED_EDGE('',*,*,#1187,.F.);
#683=ORIENTED_EDGE('',*,*,#1188,.T.);
#684=ORIENTED_EDGE('',*,*,#1189,.F.);
#685=ORIENTED_EDGE('',*,*,#1190,.F.);
#686=ORIENTED_EDGE('',*,*,#1075,.T.);
#687=ORIENTED_EDGE('',*,*,#1191,.F.);
#688=ORIENTED_EDGE('',*,*,#1190,.T.);
#689=ORIENTED_EDGE('',*,*,#1192,.T.);
#690=ORIENTED_EDGE('',*,*,#1193,.F.);
#691=ORIENTED_EDGE('',*,*,#1194,.F.);
#692=ORIENTED_EDGE('',*,*,#1195,.F.);
#693=ORIENTED_EDGE('',*,*,#1188,.F.);
#694=ORIENTED_EDGE('',*,*,#1196,.T.);
#695=ORIENTED_EDGE('',*,*,#1197,.F.);
#696=ORIENTED_EDGE('',*,*,#1196,.F.);
#697=ORIENTED_EDGE('',*,*,#1187,.T.);
#698=ORIENTED_EDGE('',*,*,#1183,.T.);
#699=ORIENTED_EDGE('',*,*,#1198,.F.);
#700=ORIENTED_EDGE('',*,*,#1192,.F.);
#701=ORIENTED_EDGE('',*,*,#1189,.T.);
#702=ORIENTED_EDGE('',*,*,#1195,.T.);
#703=ORIENTED_EDGE('',*,*,#1199,.F.);
#704=ORIENTED_EDGE('',*,*,#1200,.F.);
#705=ORIENTED_EDGE('',*,*,#1201,.F.);
#706=ORIENTED_EDGE('',*,*,#1202,.F.);
#707=ORIENTED_EDGE('',*,*,#1203,.F.);
#708=ORIENTED_EDGE('',*,*,#1201,.T.);
#709=ORIENTED_EDGE('',*,*,#1204,.F.);
#710=ORIENTED_EDGE('',*,*,#1205,.T.);
#711=ORIENTED_EDGE('',*,*,#1206,.F.);
#712=ORIENTED_EDGE('',*,*,#1207,.F.);
#713=ORIENTED_EDGE('',*,*,#1073,.T.);
#714=ORIENTED_EDGE('',*,*,#1208,.F.);
#715=ORIENTED_EDGE('',*,*,#1207,.T.);
#716=ORIENTED_EDGE('',*,*,#1209,.T.);
#717=ORIENTED_EDGE('',*,*,#1210,.F.);
#718=ORIENTED_EDGE('',*,*,#1211,.F.);
#719=ORIENTED_EDGE('',*,*,#1212,.F.);
#720=ORIENTED_EDGE('',*,*,#1205,.F.);
#721=ORIENTED_EDGE('',*,*,#1213,.T.);
#722=ORIENTED_EDGE('',*,*,#1214,.F.);
#723=ORIENTED_EDGE('',*,*,#1213,.F.);
#724=ORIENTED_EDGE('',*,*,#1204,.T.);
#725=ORIENTED_EDGE('',*,*,#1200,.T.);
#726=ORIENTED_EDGE('',*,*,#1215,.F.);
#727=ORIENTED_EDGE('',*,*,#1209,.F.);
#728=ORIENTED_EDGE('',*,*,#1206,.T.);
#729=ORIENTED_EDGE('',*,*,#1212,.T.);
#730=ORIENTED_EDGE('',*,*,#1216,.F.);
#731=ORIENTED_EDGE('',*,*,#1217,.F.);
#732=ORIENTED_EDGE('',*,*,#1218,.T.);
#733=ORIENTED_EDGE('',*,*,#1219,.T.);
#734=ORIENTED_EDGE('',*,*,#1220,.F.);
#735=ORIENTED_EDGE('',*,*,#1219,.F.);
#736=ORIENTED_EDGE('',*,*,#1221,.F.);
#737=ORIENTED_EDGE('',*,*,#1222,.F.);
#738=ORIENTED_EDGE('',*,*,#1223,.F.);
#739=ORIENTED_EDGE('',*,*,#1221,.T.);
#740=ORIENTED_EDGE('',*,*,#1218,.F.);
#741=ORIENTED_EDGE('',*,*,#1224,.T.);
#742=ORIENTED_EDGE('',*,*,#1225,.F.);
#743=ORIENTED_EDGE('',*,*,#1226,.F.);
#744=ORIENTED_EDGE('',*,*,#1061,.T.);
#745=ORIENTED_EDGE('',*,*,#1227,.F.);
#746=ORIENTED_EDGE('',*,*,#1228,.F.);
#747=ORIENTED_EDGE('',*,*,#1224,.F.);
#748=ORIENTED_EDGE('',*,*,#1217,.T.);
#749=ORIENTED_EDGE('',*,*,#1229,.F.);
#750=ORIENTED_EDGE('',*,*,#1230,.F.);
#751=ORIENTED_EDGE('',*,*,#1226,.T.);
#752=ORIENTED_EDGE('',*,*,#1231,.T.);
#753=ORIENTED_EDGE('',*,*,#1232,.F.);
#754=ORIENTED_EDGE('',*,*,#1231,.F.);
#755=ORIENTED_EDGE('',*,*,#1225,.T.);
#756=ORIENTED_EDGE('',*,*,#1228,.T.);
#757=ORIENTED_EDGE('',*,*,#1233,.F.);
#758=ORIENTED_EDGE('',*,*,#1234,.F.);
#759=ORIENTED_EDGE('',*,*,#1235,.T.);
#760=ORIENTED_EDGE('',*,*,#1236,.T.);
#761=ORIENTED_EDGE('',*,*,#1237,.F.);
#762=ORIENTED_EDGE('',*,*,#1236,.F.);
#763=ORIENTED_EDGE('',*,*,#1238,.F.);
#764=ORIENTED_EDGE('',*,*,#1239,.F.);
#765=ORIENTED_EDGE('',*,*,#1240,.F.);
#766=ORIENTED_EDGE('',*,*,#1238,.T.);
#767=ORIENTED_EDGE('',*,*,#1235,.F.);
#768=ORIENTED_EDGE('',*,*,#1241,.F.);
#769=ORIENTED_EDGE('',*,*,#1242,.F.);
#770=ORIENTED_EDGE('',*,*,#1243,.F.);
#771=ORIENTED_EDGE('',*,*,#1069,.T.);
#772=ORIENTED_EDGE('',*,*,#1244,.F.);
#773=ORIENTED_EDGE('',*,*,#1245,.F.);
#774=ORIENTED_EDGE('',*,*,#1241,.T.);
#775=ORIENTED_EDGE('',*,*,#1234,.T.);
#776=ORIENTED_EDGE('',*,*,#1246,.F.);
#777=ORIENTED_EDGE('',*,*,#1247,.F.);
#778=ORIENTED_EDGE('',*,*,#1243,.T.);
#779=ORIENTED_EDGE('',*,*,#1248,.T.);
#780=ORIENTED_EDGE('',*,*,#1249,.F.);
#781=ORIENTED_EDGE('',*,*,#1248,.F.);
#782=ORIENTED_EDGE('',*,*,#1242,.T.);
#783=ORIENTED_EDGE('',*,*,#1245,.T.);
#784=ORIENTED_EDGE('',*,*,#1100,.T.);
#785=ORIENTED_EDGE('',*,*,#1101,.T.);
#786=ORIENTED_EDGE('',*,*,#1106,.T.);
#787=ORIENTED_EDGE('',*,*,#1250,.F.);
#788=ORIENTED_EDGE('',*,*,#1134,.T.);
#789=ORIENTED_EDGE('',*,*,#1135,.T.);
#790=ORIENTED_EDGE('',*,*,#1140,.T.);
#791=ORIENTED_EDGE('',*,*,#1251,.F.);
#792=ORIENTED_EDGE('',*,*,#1252,.F.);
#793=ORIENTED_EDGE('',*,*,#1253,.F.);
#794=ORIENTED_EDGE('',*,*,#1254,.F.);
#795=ORIENTED_EDGE('',*,*,#1255,.F.);
#796=ORIENTED_EDGE('',*,*,#1117,.T.);
#797=ORIENTED_EDGE('',*,*,#1118,.T.);
#798=ORIENTED_EDGE('',*,*,#1123,.T.);
#799=ORIENTED_EDGE('',*,*,#1256,.F.);
#800=ORIENTED_EDGE('',*,*,#1202,.T.);
#801=ORIENTED_EDGE('',*,*,#1203,.T.);
#802=ORIENTED_EDGE('',*,*,#1208,.T.);
#803=ORIENTED_EDGE('',*,*,#1257,.F.);
#804=ORIENTED_EDGE('',*,*,#1185,.T.);
#805=ORIENTED_EDGE('',*,*,#1186,.T.);
#806=ORIENTED_EDGE('',*,*,#1191,.T.);
#807=ORIENTED_EDGE('',*,*,#1258,.F.);
#808=ORIENTED_EDGE('',*,*,#1086,.T.);
#809=ORIENTED_EDGE('',*,*,#1087,.T.);
#810=ORIENTED_EDGE('',*,*,#1096,.T.);
#811=ORIENTED_EDGE('',*,*,#1259,.F.);
#812=ORIENTED_EDGE('',*,*,#1154,.T.);
#813=ORIENTED_EDGE('',*,*,#1155,.T.);
#814=ORIENTED_EDGE('',*,*,#1162,.T.);
#815=ORIENTED_EDGE('',*,*,#1260,.F.);
#816=ORIENTED_EDGE('',*,*,#1239,.T.);
#817=ORIENTED_EDGE('',*,*,#1240,.T.);
#818=ORIENTED_EDGE('',*,*,#1247,.T.);
#819=ORIENTED_EDGE('',*,*,#1261,.F.);
#820=ORIENTED_EDGE('',*,*,#1262,.F.);
#821=ORIENTED_EDGE('',*,*,#1263,.F.);
#822=ORIENTED_EDGE('',*,*,#1264,.F.);
#823=ORIENTED_EDGE('',*,*,#1265,.F.);
#824=ORIENTED_EDGE('',*,*,#1222,.T.);
#825=ORIENTED_EDGE('',*,*,#1223,.T.);
#826=ORIENTED_EDGE('',*,*,#1230,.T.);
#827=ORIENTED_EDGE('',*,*,#1266,.F.);
#828=ORIENTED_EDGE('',*,*,#1171,.T.);
#829=ORIENTED_EDGE('',*,*,#1172,.T.);
#830=ORIENTED_EDGE('',*,*,#1179,.T.);
#831=ORIENTED_EDGE('',*,*,#1267,.F.);
#832=ORIENTED_EDGE('',*,*,#1268,.T.);
#833=ORIENTED_EDGE('',*,*,#1269,.T.);
#834=ORIENTED_EDGE('',*,*,#1270,.T.);
#835=ORIENTED_EDGE('',*,*,#1271,.T.);
#836=ORIENTED_EDGE('',*,*,#1268,.F.);
#837=ORIENTED_EDGE('',*,*,#1272,.T.);
#838=ORIENTED_EDGE('',*,*,#1273,.T.);
#839=ORIENTED_EDGE('',*,*,#1274,.T.);
#840=ORIENTED_EDGE('',*,*,#1275,.T.);
#841=ORIENTED_EDGE('',*,*,#1276,.T.);
#842=ORIENTED_EDGE('',*,*,#1273,.F.);
#843=ORIENTED_EDGE('',*,*,#1263,.T.);
#844=ORIENTED_EDGE('',*,*,#1275,.F.);
#845=ORIENTED_EDGE('',*,*,#1277,.T.);
#846=ORIENTED_EDGE('',*,*,#1278,.T.);
#847=ORIENTED_EDGE('',*,*,#1279,.T.);
#848=ORIENTED_EDGE('',*,*,#1280,.T.);
#849=ORIENTED_EDGE('',*,*,#1281,.T.);
#850=ORIENTED_EDGE('',*,*,#1278,.F.);
#851=ORIENTED_EDGE('',*,*,#1282,.T.);
#852=ORIENTED_EDGE('',*,*,#1280,.F.);
#853=ORIENTED_EDGE('',*,*,#1283,.T.);
#854=ORIENTED_EDGE('',*,*,#1284,.T.);
#855=ORIENTED_EDGE('',*,*,#1285,.T.);
#856=ORIENTED_EDGE('',*,*,#1286,.T.);
#857=ORIENTED_EDGE('',*,*,#1287,.T.);
#858=ORIENTED_EDGE('',*,*,#1284,.F.);
#859=ORIENTED_EDGE('',*,*,#1253,.T.);
#860=ORIENTED_EDGE('',*,*,#1286,.F.);
#861=ORIENTED_EDGE('',*,*,#1288,.T.);
#862=ORIENTED_EDGE('',*,*,#1270,.F.);
#863=ORIENTED_EDGE('',*,*,#1289,.T.);
#864=ORIENTED_EDGE('',*,*,#1277,.F.);
#865=ORIENTED_EDGE('',*,*,#1262,.T.);
#866=ORIENTED_EDGE('',*,*,#1290,.T.);
#867=ORIENTED_EDGE('',*,*,#1291,.T.);
#868=ORIENTED_EDGE('',*,*,#1272,.F.);
#869=ORIENTED_EDGE('',*,*,#1292,.T.);
#870=ORIENTED_EDGE('',*,*,#1293,.T.);
#871=ORIENTED_EDGE('',*,*,#1264,.T.);
#872=ORIENTED_EDGE('',*,*,#1271,.F.);
#873=ORIENTED_EDGE('',*,*,#1294,.F.);
#874=ORIENTED_EDGE('',*,*,#1295,.F.);
#875=ORIENTED_EDGE('',*,*,#1292,.F.);
#876=ORIENTED_EDGE('',*,*,#1296,.F.);
#877=ORIENTED_EDGE('',*,*,#1297,.F.);
#878=ORIENTED_EDGE('',*,*,#1298,.F.);
#879=ORIENTED_EDGE('',*,*,#1299,.F.);
#880=ORIENTED_EDGE('',*,*,#1300,.F.);
#881=ORIENTED_EDGE('',*,*,#1301,.F.);
#882=ORIENTED_EDGE('',*,*,#1302,.F.);
#883=ORIENTED_EDGE('',*,*,#1303,.F.);
#884=ORIENTED_EDGE('',*,*,#1269,.F.);
#885=ORIENTED_EDGE('',*,*,#1274,.F.);
#886=ORIENTED_EDGE('',*,*,#1276,.F.);
#887=ORIENTED_EDGE('',*,*,#1279,.F.);
#888=ORIENTED_EDGE('',*,*,#1281,.F.);
#889=ORIENTED_EDGE('',*,*,#1285,.F.);
#890=ORIENTED_EDGE('',*,*,#1287,.F.);
#891=ORIENTED_EDGE('',*,*,#1289,.F.);
#892=ORIENTED_EDGE('',*,*,#1288,.F.);
#893=ORIENTED_EDGE('',*,*,#1252,.T.);
#894=ORIENTED_EDGE('',*,*,#1304,.T.);
#895=ORIENTED_EDGE('',*,*,#1294,.T.);
#896=ORIENTED_EDGE('',*,*,#1283,.F.);
#897=ORIENTED_EDGE('',*,*,#1305,.T.);
#898=ORIENTED_EDGE('',*,*,#1306,.T.);
#899=ORIENTED_EDGE('',*,*,#1254,.T.);
#900=ORIENTED_EDGE('',*,*,#1282,.F.);
#901=ORIENTED_EDGE('',*,*,#1291,.F.);
#902=ORIENTED_EDGE('',*,*,#1307,.F.);
#903=ORIENTED_EDGE('',*,*,#1305,.F.);
#904=ORIENTED_EDGE('',*,*,#1308,.F.);
#905=ORIENTED_EDGE('',*,*,#1309,.T.);
#906=ORIENTED_EDGE('',*,*,#1310,.F.);
#907=ORIENTED_EDGE('',*,*,#1311,.T.);
#908=ORIENTED_EDGE('',*,*,#1312,.F.);
#909=ORIENTED_EDGE('',*,*,#1313,.T.);
#910=ORIENTED_EDGE('',*,*,#1314,.F.);
#911=ORIENTED_EDGE('',*,*,#1315,.T.);
#912=ORIENTED_EDGE('',*,*,#1316,.T.);
#913=ORIENTED_EDGE('',*,*,#1317,.T.);
#914=ORIENTED_EDGE('',*,*,#1318,.T.);
#915=ORIENTED_EDGE('',*,*,#1319,.T.);
#916=ORIENTED_EDGE('',*,*,#1084,.T.);
#917=ORIENTED_EDGE('',*,*,#1267,.T.);
#918=ORIENTED_EDGE('',*,*,#1178,.T.);
#919=ORIENTED_EDGE('',*,*,#1181,.T.);
#920=ORIENTED_EDGE('',*,*,#1176,.T.);
#921=ORIENTED_EDGE('',*,*,#1165,.T.);
#922=ORIENTED_EDGE('',*,*,#1169,.T.);
#923=ORIENTED_EDGE('',*,*,#1266,.T.);
#924=ORIENTED_EDGE('',*,*,#1229,.T.);
#925=ORIENTED_EDGE('',*,*,#1232,.T.);
#926=ORIENTED_EDGE('',*,*,#1227,.T.);
#927=ORIENTED_EDGE('',*,*,#1216,.T.);
#928=ORIENTED_EDGE('',*,*,#1220,.T.);
#929=ORIENTED_EDGE('',*,*,#1265,.T.);
#930=ORIENTED_EDGE('',*,*,#1293,.F.);
#931=ORIENTED_EDGE('',*,*,#1295,.T.);
#932=ORIENTED_EDGE('',*,*,#1304,.F.);
#933=ORIENTED_EDGE('',*,*,#1251,.T.);
#934=ORIENTED_EDGE('',*,*,#1142,.T.);
#935=ORIENTED_EDGE('',*,*,#1147,.T.);
#936=ORIENTED_EDGE('',*,*,#1143,.T.);
#937=ORIENTED_EDGE('',*,*,#1146,.T.);
#938=ORIENTED_EDGE('',*,*,#1131,.T.);
#939=ORIENTED_EDGE('',*,*,#1250,.T.);
#940=ORIENTED_EDGE('',*,*,#1108,.T.);
#941=ORIENTED_EDGE('',*,*,#1113,.T.);
#942=ORIENTED_EDGE('',*,*,#1109,.T.);
#943=ORIENTED_EDGE('',*,*,#1112,.T.);
#944=ORIENTED_EDGE('',*,*,#1097,.T.);
#945=ORIENTED_EDGE('',*,*,#1258,.T.);
#946=ORIENTED_EDGE('',*,*,#1193,.T.);
#947=ORIENTED_EDGE('',*,*,#1198,.T.);
#948=ORIENTED_EDGE('',*,*,#1194,.T.);
#949=ORIENTED_EDGE('',*,*,#1197,.T.);
#950=ORIENTED_EDGE('',*,*,#1182,.T.);
#951=ORIENTED_EDGE('',*,*,#1257,.T.);
#952=ORIENTED_EDGE('',*,*,#1210,.T.);
#953=ORIENTED_EDGE('',*,*,#1215,.T.);
#954=ORIENTED_EDGE('',*,*,#1211,.T.);
#955=ORIENTED_EDGE('',*,*,#1214,.T.);
#956=ORIENTED_EDGE('',*,*,#1199,.T.);
#957=ORIENTED_EDGE('',*,*,#1256,.T.);
#958=ORIENTED_EDGE('',*,*,#1125,.T.);
#959=ORIENTED_EDGE('',*,*,#1130,.T.);
#960=ORIENTED_EDGE('',*,*,#1126,.T.);
#961=ORIENTED_EDGE('',*,*,#1129,.T.);
#962=ORIENTED_EDGE('',*,*,#1114,.T.);
#963=ORIENTED_EDGE('',*,*,#1255,.T.);
#964=ORIENTED_EDGE('',*,*,#1306,.F.);
#965=ORIENTED_EDGE('',*,*,#1307,.T.);
#966=ORIENTED_EDGE('',*,*,#1290,.F.);
#967=ORIENTED_EDGE('',*,*,#1261,.T.);
#968=ORIENTED_EDGE('',*,*,#1246,.T.);
#969=ORIENTED_EDGE('',*,*,#1249,.T.);
#970=ORIENTED_EDGE('',*,*,#1244,.T.);
#971=ORIENTED_EDGE('',*,*,#1233,.T.);
#972=ORIENTED_EDGE('',*,*,#1237,.T.);
#973=ORIENTED_EDGE('',*,*,#1260,.T.);
#974=ORIENTED_EDGE('',*,*,#1161,.T.);
#975=ORIENTED_EDGE('',*,*,#1164,.T.);
#976=ORIENTED_EDGE('',*,*,#1159,.T.);
#977=ORIENTED_EDGE('',*,*,#1148,.T.);
#978=ORIENTED_EDGE('',*,*,#1152,.T.);
#979=ORIENTED_EDGE('',*,*,#1259,.T.);
#980=ORIENTED_EDGE('',*,*,#1095,.T.);
#981=ORIENTED_EDGE('',*,*,#1091,.T.);
#982=ORIENTED_EDGE('',*,*,#1094,.T.);
#983=ORIENTED_EDGE('',*,*,#1080,.T.);
#984=ORIENTED_EDGE('',*,*,#1320,.T.);
#985=ORIENTED_EDGE('',*,*,#1321,.T.);
#986=ORIENTED_EDGE('',*,*,#1322,.T.);
#987=ORIENTED_EDGE('',*,*,#1296,.T.);
#988=ORIENTED_EDGE('',*,*,#1323,.T.);
#989=ORIENTED_EDGE('',*,*,#1324,.T.);
#990=ORIENTED_EDGE('',*,*,#1320,.F.);
#991=ORIENTED_EDGE('',*,*,#1303,.T.);
#992=ORIENTED_EDGE('',*,*,#1325,.T.);
#993=ORIENTED_EDGE('',*,*,#1326,.T.);
#994=ORIENTED_EDGE('',*,*,#1323,.F.);
#995=ORIENTED_EDGE('',*,*,#1302,.T.);
#996=ORIENTED_EDGE('',*,*,#1327,.T.);
#997=ORIENTED_EDGE('',*,*,#1328,.T.);
#998=ORIENTED_EDGE('',*,*,#1325,.F.);
#999=ORIENTED_EDGE('',*,*,#1301,.T.);
#1000=ORIENTED_EDGE('',*,*,#1329,.T.);
#1001=ORIENTED_EDGE('',*,*,#1330,.T.);
#1002=ORIENTED_EDGE('',*,*,#1327,.F.);
#1003=ORIENTED_EDGE('',*,*,#1300,.T.);
#1004=ORIENTED_EDGE('',*,*,#1331,.T.);
#1005=ORIENTED_EDGE('',*,*,#1332,.T.);
#1006=ORIENTED_EDGE('',*,*,#1329,.F.);
#1007=ORIENTED_EDGE('',*,*,#1299,.T.);
#1008=ORIENTED_EDGE('',*,*,#1333,.T.);
#1009=ORIENTED_EDGE('',*,*,#1334,.T.);
#1010=ORIENTED_EDGE('',*,*,#1331,.F.);
#1011=ORIENTED_EDGE('',*,*,#1298,.T.);
#1012=ORIENTED_EDGE('',*,*,#1322,.F.);
#1013=ORIENTED_EDGE('',*,*,#1335,.T.);
#1014=ORIENTED_EDGE('',*,*,#1333,.F.);
#1015=ORIENTED_EDGE('',*,*,#1297,.T.);
#1016=ORIENTED_EDGE('',*,*,#1332,.F.);
#1017=ORIENTED_EDGE('',*,*,#1336,.T.);
#1018=ORIENTED_EDGE('',*,*,#1308,.T.);
#1019=ORIENTED_EDGE('',*,*,#1337,.T.);
#1020=ORIENTED_EDGE('',*,*,#1334,.F.);
#1021=ORIENTED_EDGE('',*,*,#1338,.F.);
#1022=ORIENTED_EDGE('',*,*,#1309,.F.);
#1023=ORIENTED_EDGE('',*,*,#1336,.F.);
#1024=ORIENTED_EDGE('',*,*,#1335,.F.);
#1025=ORIENTED_EDGE('',*,*,#1339,.T.);
#1026=ORIENTED_EDGE('',*,*,#1310,.T.);
#1027=ORIENTED_EDGE('',*,*,#1338,.T.);
#1028=ORIENTED_EDGE('',*,*,#1321,.F.);
#1029=ORIENTED_EDGE('',*,*,#1340,.F.);
#1030=ORIENTED_EDGE('',*,*,#1311,.F.);
#1031=ORIENTED_EDGE('',*,*,#1339,.F.);
#1032=ORIENTED_EDGE('',*,*,#1330,.F.);
#1033=ORIENTED_EDGE('',*,*,#1337,.F.);
#1034=ORIENTED_EDGE('',*,*,#1315,.F.);
#1035=ORIENTED_EDGE('',*,*,#1341,.F.);
#1036=ORIENTED_EDGE('',*,*,#1328,.F.);
#1037=ORIENTED_EDGE('',*,*,#1341,.T.);
#1038=ORIENTED_EDGE('',*,*,#1314,.T.);
#1039=ORIENTED_EDGE('',*,*,#1342,.T.);
#1040=ORIENTED_EDGE('',*,*,#1324,.F.);
#1041=ORIENTED_EDGE('',*,*,#1343,.T.);
#1042=ORIENTED_EDGE('',*,*,#1312,.T.);
#1043=ORIENTED_EDGE('',*,*,#1340,.T.);
#1044=ORIENTED_EDGE('',*,*,#1344,.T.);
#1045=ORIENTED_EDGE('',*,*,#1316,.F.);
#1046=ORIENTED_EDGE('',*,*,#1344,.F.);
#1047=ORIENTED_EDGE('',*,*,#1345,.T.);
#1048=ORIENTED_EDGE('',*,*,#1317,.F.);
#1049=ORIENTED_EDGE('',*,*,#1345,.F.);
#1050=ORIENTED_EDGE('',*,*,#1346,.T.);
#1051=ORIENTED_EDGE('',*,*,#1318,.F.);
#1052=ORIENTED_EDGE('',*,*,#1346,.F.);
#1053=ORIENTED_EDGE('',*,*,#1347,.T.);
#1054=ORIENTED_EDGE('',*,*,#1319,.F.);
#1055=ORIENTED_EDGE('',*,*,#1347,.F.);
#1056=ORIENTED_EDGE('',*,*,#1326,.F.);
#1057=ORIENTED_EDGE('',*,*,#1342,.F.);
#1058=ORIENTED_EDGE('',*,*,#1313,.F.);
#1059=ORIENTED_EDGE('',*,*,#1343,.F.);
#1060=EDGE_CURVE('',#1348,#1348,#1544,.T.);
#1061=EDGE_CURVE('',#1349,#1349,#1545,.T.);
#1062=EDGE_CURVE('',#1350,#1350,#1546,.T.);
#1063=EDGE_CURVE('',#1351,#1351,#1547,.T.);
#1064=EDGE_CURVE('',#1352,#1352,#1548,.T.);
#1065=EDGE_CURVE('',#1353,#1353,#1549,.T.);
#1066=EDGE_CURVE('',#1354,#1354,#1550,.T.);
#1067=EDGE_CURVE('',#1355,#1355,#1551,.T.);
#1068=EDGE_CURVE('',#1356,#1356,#1552,.T.);
#1069=EDGE_CURVE('',#1357,#1357,#1553,.T.);
#1070=EDGE_CURVE('',#1358,#1358,#1554,.T.);
#1071=EDGE_CURVE('',#1359,#1359,#1555,.T.);
#1072=EDGE_CURVE('',#1360,#1360,#1556,.T.);
#1073=EDGE_CURVE('',#1361,#1361,#1557,.T.);
#1074=EDGE_CURVE('',#1362,#1362,#1558,.T.);
#1075=EDGE_CURVE('',#1363,#1363,#1559,.T.);
#1076=EDGE_CURVE('',#1364,#1364,#1560,.T.);
#1077=EDGE_CURVE('',#1365,#1365,#1561,.T.);
#1078=EDGE_CURVE('',#1366,#1366,#1562,.T.);
#1079=EDGE_CURVE('',#1367,#1367,#1563,.T.);
#1080=EDGE_CURVE('',#1368,#1369,#1564,.F.);
#1081=EDGE_CURVE('',#1370,#1368,#20,.T.);
#1082=EDGE_CURVE('',#1370,#1371,#1565,.F.);
#1083=EDGE_CURVE('',#1371,#1369,#21,.T.);
#1084=EDGE_CURVE('',#1369,#1372,#22,.T.);
#1085=EDGE_CURVE('',#1373,#1371,#23,.T.);
#1086=EDGE_CURVE('',#1372,#1373,#24,.T.);
#1087=EDGE_CURVE('',#1373,#1374,#25,.T.);
#1088=EDGE_CURVE('',#1375,#1370,#26,.F.);
#1089=EDGE_CURVE('',#1376,#1375,#1566,.F.);
#1090=EDGE_CURVE('',#1374,#1376,#27,.F.);
#1091=EDGE_CURVE('',#1377,#1378,#1567,.F.);
#1092=EDGE_CURVE('',#1376,#1377,#28,.T.);
#1093=EDGE_CURVE('',#1375,#1378,#29,.T.);
#1094=EDGE_CURVE('',#1378,#1368,#30,.T.);
#1095=EDGE_CURVE('',#1379,#1377,#31,.F.);
#1096=EDGE_CURVE('',#1374,#1379,#32,.F.);
#1097=EDGE_CURVE('',#1380,#1381,#33,.F.);
#1098=EDGE_CURVE('',#1382,#1380,#34,.T.);
#1099=EDGE_CURVE('',#1383,#1382,#35,.F.);
#1100=EDGE_CURVE('',#1381,#1383,#36,.T.);
#1101=EDGE_CURVE('',#1383,#1384,#37,.T.);
#1102=EDGE_CURVE('',#1385,#1382,#1568,.F.);
#1103=EDGE_CURVE('',#1386,#1385,#38,.F.);
#1104=EDGE_CURVE('',#1387,#1386,#1569,.F.);
#1105=EDGE_CURVE('',#1384,#1387,#39,.F.);
#1106=EDGE_CURVE('',#1384,#1388,#40,.F.);
#1107=EDGE_CURVE('',#1387,#1389,#41,.T.);
#1108=EDGE_CURVE('',#1388,#1389,#42,.T.);
#1109=EDGE_CURVE('',#1390,#1391,#43,.F.);
#1110=EDGE_CURVE('',#1386,#1390,#44,.T.);
#1111=EDGE_CURVE('',#1385,#1391,#45,.T.);
#1112=EDGE_CURVE('',#1391,#1380,#1570,.F.);
#1113=EDGE_CURVE('',#1389,#1390,#1571,.F.);
#1114=EDGE_CURVE('',#1392,#1393,#46,.F.);
#1115=EDGE_CURVE('',#1394,#1392,#47,.T.);
#1116=EDGE_CURVE('',#1395,#1394,#48,.F.);
#1117=EDGE_CURVE('',#1393,#1395,#49,.T.);
#1118=EDGE_CURVE('',#1395,#1396,#50,.T.);
#1119=EDGE_CURVE('',#1397,#1394,#1572,.F.);
#1120=EDGE_CURVE('',#1397,#1398,#51,.F.);
#1121=EDGE_CURVE('',#1399,#1398,#1573,.F.);
#1122=EDGE_CURVE('',#1396,#1399,#52,.F.);
#1123=EDGE_CURVE('',#1396,#1400,#53,.F.);
#1124=EDGE_CURVE('',#1399,#1401,#54,.T.);
#1125=EDGE_CURVE('',#1400,#1401,#55,.T.);
#1126=EDGE_CURVE('',#1402,#1403,#56,.F.);
#1127=EDGE_CURVE('',#1398,#1402,#57,.T.);
#1128=EDGE_CURVE('',#1397,#1403,#58,.T.);
#1129=EDGE_CURVE('',#1403,#1392,#1574,.F.);
#1130=EDGE_CURVE('',#1401,#1402,#1575,.F.);
#1131=EDGE_CURVE('',#1404,#1405,#59,.F.);
#1132=EDGE_CURVE('',#1406,#1404,#60,.T.);
#1133=EDGE_CURVE('',#1407,#1406,#61,.F.);
#1134=EDGE_CURVE('',#1405,#1407,#62,.T.);
#1135=EDGE_CURVE('',#1407,#1408,#63,.T.);
#1136=EDGE_CURVE('',#1409,#1406,#1576,.F.);
#1137=EDGE_CURVE('',#1410,#1409,#64,.F.);
#1138=EDGE_CURVE('',#1411,#1410,#1577,.F.);
#1139=EDGE_CURVE('',#1408,#1411,#65,.F.);
#1140=EDGE_CURVE('',#1408,#1412,#66,.F.);
#1141=EDGE_CURVE('',#1411,#1413,#67,.T.);
#1142=EDGE_CURVE('',#1412,#1413,#68,.T.);
#1143=EDGE_CURVE('',#1414,#1415,#69,.F.);
#1144=EDGE_CURVE('',#1410,#1414,#70,.T.);
#1145=EDGE_CURVE('',#1409,#1415,#71,.T.);
#1146=EDGE_CURVE('',#1415,#1404,#1578,.F.);
#1147=EDGE_CURVE('',#1413,#1414,#1579,.F.);
#1148=EDGE_CURVE('',#1416,#1417,#1580,.F.);
#1149=EDGE_CURVE('',#1418,#1416,#72,.T.);
#1150=EDGE_CURVE('',#1418,#1419,#1581,.F.);
#1151=EDGE_CURVE('',#1419,#1417,#73,.T.);
#1152=EDGE_CURVE('',#1417,#1420,#74,.T.);
#1153=EDGE_CURVE('',#1421,#1419,#75,.T.);
#1154=EDGE_CURVE('',#1420,#1421,#76,.T.);
#1155=EDGE_CURVE('',#1421,#1422,#77,.T.);
#1156=EDGE_CURVE('',#1423,#1418,#78,.F.);
#1157=EDGE_CURVE('',#1424,#1423,#1582,.F.);
#1158=EDGE_CURVE('',#1422,#1424,#79,.F.);
#1159=EDGE_CURVE('',#1425,#1416,#80,.T.);
#1160=EDGE_CURVE('',#1423,#1425,#81,.T.);
#1161=EDGE_CURVE('',#1426,#1427,#82,.F.);
#1162=EDGE_CURVE('',#1422,#1426,#83,.F.);
#1163=EDGE_CURVE('',#1424,#1427,#84,.T.);
#1164=EDGE_CURVE('',#1427,#1425,#1583,.F.);
#1165=EDGE_CURVE('',#1428,#1429,#1584,.F.);
#1166=EDGE_CURVE('',#1430,#1428,#85,.T.);
#1167=EDGE_CURVE('',#1430,#1431,#1585,.F.);
#1168=EDGE_CURVE('',#1431,#1429,#86,.T.);
#1169=EDGE_CURVE('',#1429,#1432,#87,.T.);
#1170=EDGE_CURVE('',#1433,#1431,#88,.T.);
#1171=EDGE_CURVE('',#1432,#1433,#89,.T.);
#1172=EDGE_CURVE('',#1433,#1434,#90,.T.);
#1173=EDGE_CURVE('',#1430,#1435,#91,.T.);
#1174=EDGE_CURVE('',#1436,#1435,#1586,.F.);
#1175=EDGE_CURVE('',#1434,#1436,#92,.F.);
#1176=EDGE_CURVE('',#1437,#1428,#93,.T.);
#1177=EDGE_CURVE('',#1435,#1437,#94,.T.);
#1178=EDGE_CURVE('',#1438,#1439,#95,.F.);
#1179=EDGE_CURVE('',#1434,#1438,#96,.F.);
#1180=EDGE_CURVE('',#1436,#1439,#97,.T.);
#1181=EDGE_CURVE('',#1439,#1437,#1587,.F.);
#1182=EDGE_CURVE('',#1440,#1441,#98,.F.);
#1183=EDGE_CURVE('',#1442,#1440,#99,.T.);
#1184=EDGE_CURVE('',#1443,#1442,#100,.F.);
#1185=EDGE_CURVE('',#1441,#1443,#101,.T.);
#1186=EDGE_CURVE('',#1443,#1444,#102,.T.);
#1187=EDGE_CURVE('',#1445,#1442,#1588,.F.);
#1188=EDGE_CURVE('',#1445,#1446,#103,.F.);
#1189=EDGE_CURVE('',#1447,#1446,#1589,.F.);
#1190=EDGE_CURVE('',#1444,#1447,#104,.F.);
#1191=EDGE_CURVE('',#1444,#1448,#105,.F.);
#1192=EDGE_CURVE('',#1447,#1449,#106,.T.);
#1193=EDGE_CURVE('',#1448,#1449,#107,.T.);
#1194=EDGE_CURVE('',#1450,#1451,#108,.F.);
#1195=EDGE_CURVE('',#1446,#1450,#109,.T.);
#1196=EDGE_CURVE('',#1445,#1451,#110,.T.);
#1197=EDGE_CURVE('',#1451,#1440,#1590,.F.);
#1198=EDGE_CURVE('',#1449,#1450,#1591,.F.);
#1199=EDGE_CURVE('',#1452,#1453,#111,.F.);
#1200=EDGE_CURVE('',#1454,#1452,#112,.T.);
#1201=EDGE_CURVE('',#1455,#1454,#113,.F.);
#1202=EDGE_CURVE('',#1453,#1455,#114,.T.);
#1203=EDGE_CURVE('',#1455,#1456,#115,.T.);
#1204=EDGE_CURVE('',#1457,#1454,#1592,.F.);
#1205=EDGE_CURVE('',#1457,#1458,#116,.F.);
#1206=EDGE_CURVE('',#1459,#1458,#1593,.F.);
#1207=EDGE_CURVE('',#1456,#1459,#117,.F.);
#1208=EDGE_CURVE('',#1456,#1460,#118,.F.);
#1209=EDGE_CURVE('',#1459,#1461,#119,.T.);
#1210=EDGE_CURVE('',#1460,#1461,#120,.T.);
#1211=EDGE_CURVE('',#1462,#1463,#121,.F.);
#1212=EDGE_CURVE('',#1458,#1462,#122,.T.);
#1213=EDGE_CURVE('',#1457,#1463,#123,.T.);
#1214=EDGE_CURVE('',#1463,#1452,#1594,.F.);
#1215=EDGE_CURVE('',#1461,#1462,#1595,.F.);
#1216=EDGE_CURVE('',#1464,#1465,#1596,.F.);
#1217=EDGE_CURVE('',#1466,#1464,#124,.T.);
#1218=EDGE_CURVE('',#1466,#1467,#1597,.F.);
#1219=EDGE_CURVE('',#1467,#1465,#125,.T.);
#1220=EDGE_CURVE('',#1465,#1468,#126,.T.);
#1221=EDGE_CURVE('',#1469,#1467,#127,.T.);
#1222=EDGE_CURVE('',#1468,#1469,#128,.T.);
#1223=EDGE_CURVE('',#1469,#1470,#129,.T.);
#1224=EDGE_CURVE('',#1466,#1471,#130,.T.);
#1225=EDGE_CURVE('',#1472,#1471,#1598,.F.);
#1226=EDGE_CURVE('',#1470,#1472,#131,.F.);
#1227=EDGE_CURVE('',#1473,#1464,#132,.T.);
#1228=EDGE_CURVE('',#1471,#1473,#133,.T.);
#1229=EDGE_CURVE('',#1474,#1475,#134,.F.);
#1230=EDGE_CURVE('',#1470,#1474,#135,.F.);
#1231=EDGE_CURVE('',#1472,#1475,#136,.T.);
#1232=EDGE_CURVE('',#1475,#1473,#1599,.F.);
#1233=EDGE_CURVE('',#1476,#1477,#1600,.F.);
#1234=EDGE_CURVE('',#1478,#1476,#137,.T.);
#1235=EDGE_CURVE('',#1478,#1479,#1601,.F.);
#1236=EDGE_CURVE('',#1479,#1477,#138,.T.);
#1237=EDGE_CURVE('',#1477,#1480,#139,.T.);
#1238=EDGE_CURVE('',#1481,#1479,#140,.T.);
#1239=EDGE_CURVE('',#1480,#1481,#141,.T.);
#1240=EDGE_CURVE('',#1481,#1482,#142,.T.);
#1241=EDGE_CURVE('',#1483,#1478,#143,.F.);
#1242=EDGE_CURVE('',#1484,#1483,#1602,.F.);
#1243=EDGE_CURVE('',#1482,#1484,#144,.F.);
#1244=EDGE_CURVE('',#1485,#1476,#145,.T.);
#1245=EDGE_CURVE('',#1483,#1485,#146,.T.);
#1246=EDGE_CURVE('',#1486,#1487,#147,.F.);
#1247=EDGE_CURVE('',#1482,#1486,#148,.F.);
#1248=EDGE_CURVE('',#1484,#1487,#149,.T.);
#1249=EDGE_CURVE('',#1487,#1485,#1603,.F.);
#1250=EDGE_CURVE('',#1405,#1388,#150,.F.);
#1251=EDGE_CURVE('',#1488,#1412,#151,.F.);
#1252=EDGE_CURVE('',#1489,#1488,#152,.F.);
#1253=EDGE_CURVE('',#1490,#1489,#153,.T.);
#1254=EDGE_CURVE('',#1491,#1490,#154,.F.);
#1255=EDGE_CURVE('',#1393,#1491,#155,.F.);
#1256=EDGE_CURVE('',#1453,#1400,#156,.F.);
#1257=EDGE_CURVE('',#1441,#1460,#157,.F.);
#1258=EDGE_CURVE('',#1381,#1448,#158,.F.);
#1259=EDGE_CURVE('',#1420,#1379,#159,.T.);
#1260=EDGE_CURVE('',#1480,#1426,#160,.T.);
#1261=EDGE_CURVE('',#1492,#1486,#161,.T.);
#1262=EDGE_CURVE('',#1493,#1492,#162,.T.);
#1263=EDGE_CURVE('',#1494,#1493,#163,.F.);
#1264=EDGE_CURVE('',#1495,#1494,#164,.T.);
#1265=EDGE_CURVE('',#1468,#1495,#165,.T.);
#1266=EDGE_CURVE('',#1432,#1474,#166,.T.);
#1267=EDGE_CURVE('',#1372,#1438,#167,.T.);
#1268=EDGE_CURVE('',#1496,#1497,#168,.T.);
#1269=EDGE_CURVE('',#1497,#1498,#169,.T.);
#1270=EDGE_CURVE('',#1498,#1499,#170,.F.);
#1271=EDGE_CURVE('',#1499,#1496,#171,.F.);
#1272=EDGE_CURVE('',#1496,#1494,#1604,.F.);
#1273=EDGE_CURVE('',#1494,#1500,#172,.T.);
#1274=EDGE_CURVE('',#1500,#1497,#1605,.T.);
#1275=EDGE_CURVE('',#1493,#1501,#173,.F.);
#1276=EDGE_CURVE('',#1501,#1500,#174,.T.);
#1277=EDGE_CURVE('',#1493,#1502,#1606,.F.);
#1278=EDGE_CURVE('',#1502,#1503,#175,.T.);
#1279=EDGE_CURVE('',#1503,#1501,#1607,.T.);
#1280=EDGE_CURVE('',#1504,#1505,#176,.F.);
#1281=EDGE_CURVE('',#1505,#1503,#177,.F.);
#1282=EDGE_CURVE('',#1502,#1504,#178,.T.);
#1283=EDGE_CURVE('',#1504,#1490,#1608,.F.);
#1284=EDGE_CURVE('',#1490,#1506,#179,.T.);
#1285=EDGE_CURVE('',#1506,#1505,#1609,.T.);
#1286=EDGE_CURVE('',#1489,#1507,#180,.T.);
#1287=EDGE_CURVE('',#1507,#1506,#181,.F.);
#1288=EDGE_CURVE('',#1489,#1499,#1610,.F.);
#1289=EDGE_CURVE('',#1498,#1507,#1611,.T.);
#1290=EDGE_CURVE('',#1492,#1508,#1612,.T.);
#1291=EDGE_CURVE('',#1508,#1502,#182,.F.);
#1292=EDGE_CURVE('',#1496,#1509,#183,.F.);
#1293=EDGE_CURVE('',#1509,#1495,#1613,.F.);
#1294=EDGE_CURVE('',#1510,#1499,#184,.T.);
#1295=EDGE_CURVE('',#1509,#1510,#185,.T.);
#1296=EDGE_CURVE('',#1511,#1512,#186,.F.);
#1297=EDGE_CURVE('',#1513,#1511,#1614,.T.);
#1298=EDGE_CURVE('',#1514,#1513,#187,.T.);
#1299=EDGE_CURVE('',#1515,#1514,#1615,.T.);
#1300=EDGE_CURVE('',#1516,#1515,#188,.T.);
#1301=EDGE_CURVE('',#1517,#1516,#1616,.T.);
#1302=EDGE_CURVE('',#1518,#1517,#189,.F.);
#1303=EDGE_CURVE('',#1512,#1518,#1617,.T.);
#1304=EDGE_CURVE('',#1488,#1510,#1618,.F.);
#1305=EDGE_CURVE('',#1504,#1519,#190,.T.);
#1306=EDGE_CURVE('',#1519,#1491,#1619,.T.);
#1307=EDGE_CURVE('',#1519,#1508,#191,.F.);
#1308=EDGE_CURVE('',#1520,#1521,#1620,.F.);
#1309=EDGE_CURVE('',#1520,#1522,#192,.T.);
#1310=EDGE_CURVE('',#1523,#1522,#1621,.F.);
#1311=EDGE_CURVE('',#1523,#1524,#193,.F.);
#1312=EDGE_CURVE('',#1525,#1524,#1622,.F.);
#1313=EDGE_CURVE('',#1525,#1526,#194,.F.);
#1314=EDGE_CURVE('',#1527,#1526,#1623,.F.);
#1315=EDGE_CURVE('',#1527,#1521,#195,.T.);
#1316=EDGE_CURVE('',#1528,#1528,#1624,.T.);
#1317=EDGE_CURVE('',#1529,#1529,#1625,.T.);
#1318=EDGE_CURVE('',#1530,#1530,#1626,.T.);
#1319=EDGE_CURVE('',#1531,#1531,#1627,.T.);
#1320=EDGE_CURVE('',#1512,#1532,#196,.T.);
#1321=EDGE_CURVE('',#1532,#1533,#197,.T.);
#1322=EDGE_CURVE('',#1533,#1511,#198,.F.);
#1323=EDGE_CURVE('',#1518,#1534,#199,.T.);
#1324=EDGE_CURVE('',#1534,#1532,#1628,.F.);
#1325=EDGE_CURVE('',#1517,#1535,#200,.F.);
#1326=EDGE_CURVE('',#1535,#1534,#201,.T.);
#1327=EDGE_CURVE('',#1516,#1536,#202,.T.);
#1328=EDGE_CURVE('',#1536,#1535,#1629,.F.);
#1329=EDGE_CURVE('',#1515,#1537,#203,.F.);
#1330=EDGE_CURVE('',#1537,#1536,#204,.F.);
#1331=EDGE_CURVE('',#1514,#1538,#205,.T.);
#1332=EDGE_CURVE('',#1538,#1537,#1630,.F.);
#1333=EDGE_CURVE('',#1513,#1539,#206,.T.);
#1334=EDGE_CURVE('',#1539,#1538,#207,.F.);
#1335=EDGE_CURVE('',#1533,#1539,#1631,.F.);
#1336=EDGE_CURVE('',#1538,#1520,#208,.T.);
#1337=EDGE_CURVE('',#1521,#1537,#209,.F.);
#1338=EDGE_CURVE('',#1522,#1539,#210,.F.);
#1339=EDGE_CURVE('',#1533,#1523,#211,.T.);
#1340=EDGE_CURVE('',#1524,#1532,#212,.F.);
#1341=EDGE_CURVE('',#1536,#1527,#213,.T.);
#1342=EDGE_CURVE('',#1526,#1535,#214,.F.);
#1343=EDGE_CURVE('',#1534,#1525,#215,.T.);
#1344=EDGE_CURVE('',#1540,#1540,#1632,.T.);
#1345=EDGE_CURVE('',#1541,#1541,#1633,.T.);
#1346=EDGE_CURVE('',#1542,#1542,#1634,.T.);
#1347=EDGE_CURVE('',#1543,#1543,#1635,.T.);
#1348=VERTEX_POINT('',#2960);
#1349=VERTEX_POINT('',#2962);
#1350=VERTEX_POINT('',#2966);
#1351=VERTEX_POINT('',#2968);
#1352=VERTEX_POINT('',#2972);
#1353=VERTEX_POINT('',#2974);
#1354=VERTEX_POINT('',#2978);
#1355=VERTEX_POINT('',#2980);
#1356=VERTEX_POINT('',#2984);
#1357=VERTEX_POINT('',#2986);
#1358=VERTEX_POINT('',#2990);
#1359=VERTEX_POINT('',#2992);
#1360=VERTEX_POINT('',#2996);
#1361=VERTEX_POINT('',#2998);
#1362=VERTEX_POINT('',#3002);
#1363=VERTEX_POINT('',#3004);
#1364=VERTEX_POINT('',#3008);
#1365=VERTEX_POINT('',#3010);
#1366=VERTEX_POINT('',#3014);
#1367=VERTEX_POINT('',#3016);
#1368=VERTEX_POINT('',#3020);
#1369=VERTEX_POINT('',#3021);
#1370=VERTEX_POINT('',#3023);
#1371=VERTEX_POINT('',#3025);
#1372=VERTEX_POINT('',#3029);
#1373=VERTEX_POINT('',#3031);
#1374=VERTEX_POINT('',#3035);
#1375=VERTEX_POINT('',#3037);
#1376=VERTEX_POINT('',#3039);
#1377=VERTEX_POINT('',#3043);
#1378=VERTEX_POINT('',#3044);
#1379=VERTEX_POINT('',#3051);
#1380=VERTEX_POINT('',#3055);
#1381=VERTEX_POINT('',#3056);
#1382=VERTEX_POINT('',#3058);
#1383=VERTEX_POINT('',#3060);
#1384=VERTEX_POINT('',#3064);
#1385=VERTEX_POINT('',#3066);
#1386=VERTEX_POINT('',#3068);
#1387=VERTEX_POINT('',#3070);
#1388=VERTEX_POINT('',#3074);
#1389=VERTEX_POINT('',#3076);
#1390=VERTEX_POINT('',#3080);
#1391=VERTEX_POINT('',#3081);
#1392=VERTEX_POINT('',#3090);
#1393=VERTEX_POINT('',#3091);
#1394=VERTEX_POINT('',#3093);
#1395=VERTEX_POINT('',#3095);
#1396=VERTEX_POINT('',#3099);
#1397=VERTEX_POINT('',#3101);
#1398=VERTEX_POINT('',#3103);
#1399=VERTEX_POINT('',#3105);
#1400=VERTEX_POINT('',#3109);
#1401=VERTEX_POINT('',#3111);
#1402=VERTEX_POINT('',#3115);
#1403=VERTEX_POINT('',#3116);
#1404=VERTEX_POINT('',#3125);
#1405=VERTEX_POINT('',#3126);
#1406=VERTEX_POINT('',#3128);
#1407=VERTEX_POINT('',#3130);
#1408=VERTEX_POINT('',#3134);
#1409=VERTEX_POINT('',#3136);
#1410=VERTEX_POINT('',#3138);
#1411=VERTEX_POINT('',#3140);
#1412=VERTEX_POINT('',#3144);
#1413=VERTEX_POINT('',#3146);
#1414=VERTEX_POINT('',#3150);
#1415=VERTEX_POINT('',#3151);
#1416=VERTEX_POINT('',#3160);
#1417=VERTEX_POINT('',#3161);
#1418=VERTEX_POINT('',#3163);
#1419=VERTEX_POINT('',#3165);
#1420=VERTEX_POINT('',#3169);
#1421=VERTEX_POINT('',#3171);
#1422=VERTEX_POINT('',#3175);
#1423=VERTEX_POINT('',#3177);
#1424=VERTEX_POINT('',#3179);
#1425=VERTEX_POINT('',#3183);
#1426=VERTEX_POINT('',#3187);
#1427=VERTEX_POINT('',#3188);
#1428=VERTEX_POINT('',#3195);
#1429=VERTEX_POINT('',#3196);
#1430=VERTEX_POINT('',#3198);
#1431=VERTEX_POINT('',#3200);
#1432=VERTEX_POINT('',#3204);
#1433=VERTEX_POINT('',#3206);
#1434=VERTEX_POINT('',#3210);
#1435=VERTEX_POINT('',#3212);
#1436=VERTEX_POINT('',#3214);
#1437=VERTEX_POINT('',#3218);
#1438=VERTEX_POINT('',#3222);
#1439=VERTEX_POINT('',#3223);
#1440=VERTEX_POINT('',#3230);
#1441=VERTEX_POINT('',#3231);
#1442=VERTEX_POINT('',#3233);
#1443=VERTEX_POINT('',#3235);
#1444=VERTEX_POINT('',#3239);
#1445=VERTEX_POINT('',#3241);
#1446=VERTEX_POINT('',#3243);
#1447=VERTEX_POINT('',#3245);
#1448=VERTEX_POINT('',#3249);
#1449=VERTEX_POINT('',#3251);
#1450=VERTEX_POINT('',#3255);
#1451=VERTEX_POINT('',#3256);
#1452=VERTEX_POINT('',#3265);
#1453=VERTEX_POINT('',#3266);
#1454=VERTEX_POINT('',#3268);
#1455=VERTEX_POINT('',#3270);
#1456=VERTEX_POINT('',#3274);
#1457=VERTEX_POINT('',#3276);
#1458=VERTEX_POINT('',#3278);
#1459=VERTEX_POINT('',#3280);
#1460=VERTEX_POINT('',#3284);
#1461=VERTEX_POINT('',#3286);
#1462=VERTEX_POINT('',#3290);
#1463=VERTEX_POINT('',#3291);
#1464=VERTEX_POINT('',#3300);
#1465=VERTEX_POINT('',#3301);
#1466=VERTEX_POINT('',#3303);
#1467=VERTEX_POINT('',#3305);
#1468=VERTEX_POINT('',#3309);
#1469=VERTEX_POINT('',#3311);
#1470=VERTEX_POINT('',#3315);
#1471=VERTEX_POINT('',#3317);
#1472=VERTEX_POINT('',#3319);
#1473=VERTEX_POINT('',#3323);
#1474=VERTEX_POINT('',#3327);
#1475=VERTEX_POINT('',#3328);
#1476=VERTEX_POINT('',#3335);
#1477=VERTEX_POINT('',#3336);
#1478=VERTEX_POINT('',#3338);
#1479=VERTEX_POINT('',#3340);
#1480=VERTEX_POINT('',#3344);
#1481=VERTEX_POINT('',#3346);
#1482=VERTEX_POINT('',#3350);
#1483=VERTEX_POINT('',#3352);
#1484=VERTEX_POINT('',#3354);
#1485=VERTEX_POINT('',#3358);
#1486=VERTEX_POINT('',#3362);
#1487=VERTEX_POINT('',#3363);
#1488=VERTEX_POINT('',#3371);
#1489=VERTEX_POINT('',#3373);
#1490=VERTEX_POINT('',#3375);
#1491=VERTEX_POINT('',#3377);
#1492=VERTEX_POINT('',#3386);
#1493=VERTEX_POINT('',#3388);
#1494=VERTEX_POINT('',#3390);
#1495=VERTEX_POINT('',#3392);
#1496=VERTEX_POINT('',#3398);
#1497=VERTEX_POINT('',#3399);
#1498=VERTEX_POINT('',#3401);
#1499=VERTEX_POINT('',#3403);
#1500=VERTEX_POINT('',#3408);
#1501=VERTEX_POINT('',#3412);
#1502=VERTEX_POINT('',#3416);
#1503=VERTEX_POINT('',#3418);
#1504=VERTEX_POINT('',#3422);
#1505=VERTEX_POINT('',#3423);
#1506=VERTEX_POINT('',#3429);
#1507=VERTEX_POINT('',#3433);
#1508=VERTEX_POINT('',#3440);
#1509=VERTEX_POINT('',#3444);
#1510=VERTEX_POINT('',#3448);
#1511=VERTEX_POINT('',#3452);
#1512=VERTEX_POINT('',#3453);
#1513=VERTEX_POINT('',#3455);
#1514=VERTEX_POINT('',#3457);
#1515=VERTEX_POINT('',#3459);
#1516=VERTEX_POINT('',#3461);
#1517=VERTEX_POINT('',#3463);
#1518=VERTEX_POINT('',#3465);
#1519=VERTEX_POINT('',#3471);
#1520=VERTEX_POINT('',#3477);
#1521=VERTEX_POINT('',#3478);
#1522=VERTEX_POINT('',#3480);
#1523=VERTEX_POINT('',#3482);
#1524=VERTEX_POINT('',#3484);
#1525=VERTEX_POINT('',#3486);
#1526=VERTEX_POINT('',#3488);
#1527=VERTEX_POINT('',#3490);
#1528=VERTEX_POINT('',#3493);
#1529=VERTEX_POINT('',#3495);
#1530=VERTEX_POINT('',#3497);
#1531=VERTEX_POINT('',#3499);
#1532=VERTEX_POINT('',#3502);
#1533=VERTEX_POINT('',#3504);
#1534=VERTEX_POINT('',#3508);
#1535=VERTEX_POINT('',#3512);
#1536=VERTEX_POINT('',#3516);
#1537=VERTEX_POINT('',#3520);
#1538=VERTEX_POINT('',#3524);
#1539=VERTEX_POINT('',#3528);
#1540=VERTEX_POINT('',#3549);
#1541=VERTEX_POINT('',#3553);
#1542=VERTEX_POINT('',#3557);
#1543=VERTEX_POINT('',#3561);
#1544=CIRCLE('',#2118,0.00185);
#1545=CIRCLE('',#2119,0.00185);
#1546=CIRCLE('',#2122,0.00185);
#1547=CIRCLE('',#2123,0.00185);
#1548=CIRCLE('',#2126,0.00185);
#1549=CIRCLE('',#2127,0.00185);
#1550=CIRCLE('',#2130,0.00185);
#1551=CIRCLE('',#2131,0.00185);
#1552=CIRCLE('',#2134,0.00185);
#1553=CIRCLE('',#2135,0.00185);
#1554=CIRCLE('',#2138,0.00185);
#1555=CIRCLE('',#2139,0.00185);
#1556=CIRCLE('',#2142,0.00185);
#1557=CIRCLE('',#2143,0.00185);
#1558=CIRCLE('',#2146,0.00185);
#1559=CIRCLE('',#2147,0.00185);
#1560=CIRCLE('',#2150,0.00185);
#1561=CIRCLE('',#2151,0.00185);
#1562=CIRCLE('',#2154,0.00185);
#1563=CIRCLE('',#2155,0.00185);
#1564=CIRCLE('',#2158,0.0025);
#1565=CIRCLE('',#2159,0.0025);
#1566=CIRCLE('',#2162,0.0025);
#1567=CIRCLE('',#2164,0.0025);
#1568=CIRCLE('',#2169,0.0025);
#1569=CIRCLE('',#2170,0.0025);
#1570=CIRCLE('',#2174,0.0025);
#1571=CIRCLE('',#2176,0.0025);
#1572=CIRCLE('',#2179,0.0025);
#1573=CIRCLE('',#2180,0.0025);
#1574=CIRCLE('',#2184,0.0025);
#1575=CIRCLE('',#2186,0.0025);
#1576=CIRCLE('',#2189,0.0025);
#1577=CIRCLE('',#2190,0.00249999999999993);
#1578=CIRCLE('',#2194,0.0025);
#1579=CIRCLE('',#2196,0.00249999999999993);
#1580=CIRCLE('',#2198,0.0025);
#1581=CIRCLE('',#2199,0.0025);
#1582=CIRCLE('',#2202,0.0025);
#1583=CIRCLE('',#2206,0.0025);
#1584=CIRCLE('',#2208,0.0025);
#1585=CIRCLE('',#2209,0.0025);
#1586=CIRCLE('',#2212,0.00249999999999993);
#1587=CIRCLE('',#2216,0.00249999999999993);
#1588=CIRCLE('',#2219,0.0025);
#1589=CIRCLE('',#2220,0.0025);
#1590=CIRCLE('',#2224,0.0025);
#1591=CIRCLE('',#2226,0.0025);
#1592=CIRCLE('',#2229,0.0025);
#1593=CIRCLE('',#2230,0.0025);
#1594=CIRCLE('',#2234,0.0025);
#1595=CIRCLE('',#2236,0.0025);
#1596=CIRCLE('',#2238,0.0025);
#1597=CIRCLE('',#2239,0.0025);
#1598=CIRCLE('',#2242,0.0025);
#1599=CIRCLE('',#2246,0.0025);
#1600=CIRCLE('',#2248,0.0025);
#1601=CIRCLE('',#2249,0.0025);
#1602=CIRCLE('',#2252,0.0025);
#1603=CIRCLE('',#2256,0.0025);
#1604=CIRCLE('',#2261,0.002);
#1605=CIRCLE('',#2262,0.003);
#1606=CIRCLE('',#2265,0.002);
#1607=CIRCLE('',#2266,0.003);
#1608=CIRCLE('',#2269,0.002);
#1609=CIRCLE('',#2270,0.003);
#1610=CIRCLE('',#2273,0.002);
#1611=CIRCLE('',#2274,0.003);
#1612=CIRCLE('',#2276,0.002);
#1613=CIRCLE('',#2278,0.002);
#1614=CIRCLE('',#2281,0.004);
#1615=CIRCLE('',#2282,0.004);
#1616=CIRCLE('',#2283,0.004);
#1617=CIRCLE('',#2284,0.004);
#1618=CIRCLE('',#2286,0.002);
#1619=CIRCLE('',#2288,0.002);
#1620=CIRCLE('',#2291,0.005);
#1621=CIRCLE('',#2292,0.005);
#1622=CIRCLE('',#2293,0.005);
#1623=CIRCLE('',#2294,0.005);
#1624=CIRCLE('',#2295,0.0012645);
#1625=CIRCLE('',#2296,0.0012645);
#1626=CIRCLE('',#2297,0.0012645);
#1627=CIRCLE('',#2298,0.0012645);
#1628=CIRCLE('',#2301,0.005);
#1629=CIRCLE('',#2304,0.005);
#1630=CIRCLE('',#2307,0.005);
#1631=CIRCLE('',#2310,0.005);
#1632=CIRCLE('',#2319,0.0012645);
#1633=CIRCLE('',#2322,0.0012645);
#1634=CIRCLE('',#2325,0.0012645);
#1635=CIRCLE('',#2328,0.0012645);
#1636=EDGE_LOOP('',(#484));
#1637=EDGE_LOOP('',(#485));
#1638=EDGE_LOOP('',(#486));
#1639=EDGE_LOOP('',(#487));
#1640=EDGE_LOOP('',(#488));
#1641=EDGE_LOOP('',(#489));
#1642=EDGE_LOOP('',(#490));
#1643=EDGE_LOOP('',(#491));
#1644=EDGE_LOOP('',(#492));
#1645=EDGE_LOOP('',(#493));
#1646=EDGE_LOOP('',(#494));
#1647=EDGE_LOOP('',(#495));
#1648=EDGE_LOOP('',(#496));
#1649=EDGE_LOOP('',(#497));
#1650=EDGE_LOOP('',(#498));
#1651=EDGE_LOOP('',(#499));
#1652=EDGE_LOOP('',(#500));
#1653=EDGE_LOOP('',(#501));
#1654=EDGE_LOOP('',(#502));
#1655=EDGE_LOOP('',(#503));
#1656=EDGE_LOOP('',(#504));
#1657=EDGE_LOOP('',(#505));
#1658=EDGE_LOOP('',(#506));
#1659=EDGE_LOOP('',(#507));
#1660=EDGE_LOOP('',(#508));
#1661=EDGE_LOOP('',(#509));
#1662=EDGE_LOOP('',(#510));
#1663=EDGE_LOOP('',(#511));
#1664=EDGE_LOOP('',(#512));
#1665=EDGE_LOOP('',(#513));
#1666=EDGE_LOOP('',(#514,#515,#516,#517));
#1667=EDGE_LOOP('',(#518,#519,#520,#521));
#1668=EDGE_LOOP('',(#522,#523,#524,#525,#526,#527));
#1669=EDGE_LOOP('',(#528));
#1670=EDGE_LOOP('',(#529,#530,#531,#532));
#1671=EDGE_LOOP('',(#533,#534,#535,#536));
#1672=EDGE_LOOP('',(#537,#538,#539,#540));
#1673=EDGE_LOOP('',(#541,#542,#543,#544));
#1674=EDGE_LOOP('',(#545,#546,#547,#548,#549,#550));
#1675=EDGE_LOOP('',(#551));
#1676=EDGE_LOOP('',(#552,#553,#554,#555));
#1677=EDGE_LOOP('',(#556,#557,#558,#559));
#1678=EDGE_LOOP('',(#560,#561,#562,#563));
#1679=EDGE_LOOP('',(#564,#565,#566,#567));
#1680=EDGE_LOOP('',(#568,#569,#570,#571));
#1681=EDGE_LOOP('',(#572,#573,#574,#575,#576,#577));
#1682=EDGE_LOOP('',(#578));
#1683=EDGE_LOOP('',(#579,#580,#581,#582));
#1684=EDGE_LOOP('',(#583,#584,#585,#586));
#1685=EDGE_LOOP('',(#587,#588,#589,#590));
#1686=EDGE_LOOP('',(#591,#592,#593,#594));
#1687=EDGE_LOOP('',(#595,#596,#597,#598));
#1688=EDGE_LOOP('',(#599,#600,#601,#602,#603,#604));
#1689=EDGE_LOOP('',(#605));
#1690=EDGE_LOOP('',(#606,#607,#608,#609));
#1691=EDGE_LOOP('',(#610,#611,#612,#613));
#1692=EDGE_LOOP('',(#614,#615,#616,#617));
#1693=EDGE_LOOP('',(#618,#619,#620,#621));
#1694=EDGE_LOOP('',(#622,#623,#624,#625));
#1695=EDGE_LOOP('',(#626,#627,#628,#629));
#1696=EDGE_LOOP('',(#630,#631,#632,#633,#634,#635));
#1697=EDGE_LOOP('',(#636));
#1698=EDGE_LOOP('',(#637,#638,#639,#640));
#1699=EDGE_LOOP('',(#641,#642,#643,#644));
#1700=EDGE_LOOP('',(#645,#646,#647,#648));
#1701=EDGE_LOOP('',(#649,#650,#651,#652));
#1702=EDGE_LOOP('',(#653,#654,#655,#656));
#1703=EDGE_LOOP('',(#657,#658,#659,#660,#661,#662));
#1704=EDGE_LOOP('',(#663));
#1705=EDGE_LOOP('',(#664,#665,#666,#667));
#1706=EDGE_LOOP('',(#668,#669,#670,#671));
#1707=EDGE_LOOP('',(#672,#673,#674,#675));
#1708=EDGE_LOOP('',(#676,#677,#678,#679));
#1709=EDGE_LOOP('',(#680,#681,#682,#683,#684,#685));
#1710=EDGE_LOOP('',(#686));
#1711=EDGE_LOOP('',(#687,#688,#689,#690));
#1712=EDGE_LOOP('',(#691,#692,#693,#694));
#1713=EDGE_LOOP('',(#695,#696,#697,#698));
#1714=EDGE_LOOP('',(#699,#700,#701,#702));
#1715=EDGE_LOOP('',(#703,#704,#705,#706));
#1716=EDGE_LOOP('',(#707,#708,#709,#710,#711,#712));
#1717=EDGE_LOOP('',(#713));
#1718=EDGE_LOOP('',(#714,#715,#716,#717));
#1719=EDGE_LOOP('',(#718,#719,#720,#721));
#1720=EDGE_LOOP('',(#722,#723,#724,#725));
#1721=EDGE_LOOP('',(#726,#727,#728,#729));
#1722=EDGE_LOOP('',(#730,#731,#732,#733));
#1723=EDGE_LOOP('',(#734,#735,#736,#737));
#1724=EDGE_LOOP('',(#738,#739,#740,#741,#742,#743));
#1725=EDGE_LOOP('',(#744));
#1726=EDGE_LOOP('',(#745,#746,#747,#748));
#1727=EDGE_LOOP('',(#749,#750,#751,#752));
#1728=EDGE_LOOP('',(#753,#754,#755,#756));
#1729=EDGE_LOOP('',(#757,#758,#759,#760));
#1730=EDGE_LOOP('',(#761,#762,#763,#764));
#1731=EDGE_LOOP('',(#765,#766,#767,#768,#769,#770));
#1732=EDGE_LOOP('',(#771));
#1733=EDGE_LOOP('',(#772,#773,#774,#775));
#1734=EDGE_LOOP('',(#776,#777,#778,#779));
#1735=EDGE_LOOP('',(#780,#781,#782,#783));
#1736=EDGE_LOOP('',(#784,#785,#786,#787,#788,#789,#790,#791,#792,#793,#794,
#795,#796,#797,#798,#799,#800,#801,#802,#803,#804,#805,#806,#807));
#1737=EDGE_LOOP('',(#808,#809,#810,#811,#812,#813,#814,#815,#816,#817,#818,
#819,#820,#821,#822,#823,#824,#825,#826,#827,#828,#829,#830,#831));
#1738=EDGE_LOOP('',(#832,#833,#834,#835));
#1739=EDGE_LOOP('',(#836,#837,#838,#839));
#1740=EDGE_LOOP('',(#840,#841,#842,#843));
#1741=EDGE_LOOP('',(#844,#845,#846,#847));
#1742=EDGE_LOOP('',(#848,#849,#850,#851));
#1743=EDGE_LOOP('',(#852,#853,#854,#855));
#1744=EDGE_LOOP('',(#856,#857,#858,#859));
#1745=EDGE_LOOP('',(#860,#861,#862,#863));
#1746=EDGE_LOOP('',(#864,#865,#866,#867));
#1747=EDGE_LOOP('',(#868,#869,#870,#871));
#1748=EDGE_LOOP('',(#872,#873,#874,#875));
#1749=EDGE_LOOP('',(#876,#877,#878,#879,#880,#881,#882,#883));
#1750=EDGE_LOOP('',(#884,#885,#886,#887,#888,#889,#890,#891));
#1751=EDGE_LOOP('',(#892,#893,#894,#895));
#1752=EDGE_LOOP('',(#896,#897,#898,#899));
#1753=EDGE_LOOP('',(#900,#901,#902,#903));
#1754=EDGE_LOOP('',(#904,#905,#906,#907,#908,#909,#910,#911));
#1755=EDGE_LOOP('',(#912));
#1756=EDGE_LOOP('',(#913));
#1757=EDGE_LOOP('',(#914));
#1758=EDGE_LOOP('',(#915));
#1759=EDGE_LOOP('',(#916,#917,#918,#919,#920,#921,#922,#923,#924,#925,#926,
#927,#928,#929,#930,#931,#932,#933,#934,#935,#936,#937,#938,#939,#940,#941,
#942,#943,#944,#945,#946,#947,#948,#949,#950,#951,#952,#953,#954,#955,#956,
#957,#958,#959,#960,#961,#962,#963,#964,#965,#966,#967,#968,#969,#970,#971,
#972,#973,#974,#975,#976,#977,#978,#979,#980,#981,#982,#983));
#1760=EDGE_LOOP('',(#984,#985,#986,#987));
#1761=EDGE_LOOP('',(#988,#989,#990,#991));
#1762=EDGE_LOOP('',(#992,#993,#994,#995));
#1763=EDGE_LOOP('',(#996,#997,#998,#999));
#1764=EDGE_LOOP('',(#1000,#1001,#1002,#1003));
#1765=EDGE_LOOP('',(#1004,#1005,#1006,#1007));
#1766=EDGE_LOOP('',(#1008,#1009,#1010,#1011));
#1767=EDGE_LOOP('',(#1012,#1013,#1014,#1015));
#1768=EDGE_LOOP('',(#1016,#1017,#1018,#1019));
#1769=EDGE_LOOP('',(#1020,#1021,#1022,#1023));
#1770=EDGE_LOOP('',(#1024,#1025,#1026,#1027));
#1771=EDGE_LOOP('',(#1028,#1029,#1030,#1031));
#1772=EDGE_LOOP('',(#1032,#1033,#1034,#1035));
#1773=EDGE_LOOP('',(#1036,#1037,#1038,#1039));
#1774=EDGE_LOOP('',(#1040,#1041,#1042,#1043));
#1775=EDGE_LOOP('',(#1044));
#1776=EDGE_LOOP('',(#1045));
#1777=EDGE_LOOP('',(#1046));
#1778=EDGE_LOOP('',(#1047));
#1779=EDGE_LOOP('',(#1048));
#1780=EDGE_LOOP('',(#1049));
#1781=EDGE_LOOP('',(#1050));
#1782=EDGE_LOOP('',(#1051));
#1783=EDGE_LOOP('',(#1052));
#1784=EDGE_LOOP('',(#1053));
#1785=EDGE_LOOP('',(#1054));
#1786=EDGE_LOOP('',(#1055));
#1787=EDGE_LOOP('',(#1056,#1057,#1058,#1059));
#1788=FACE_BOUND('',#1636,.T.);
#1789=FACE_BOUND('',#1637,.T.);
#1790=FACE_BOUND('',#1638,.T.);
#1791=FACE_BOUND('',#1639,.T.);
#1792=FACE_BOUND('',#1640,.T.);
#1793=FACE_BOUND('',#1641,.T.);
#1794=FACE_BOUND('',#1642,.T.);
#1795=FACE_BOUND('',#1643,.T.);
#1796=FACE_BOUND('',#1644,.T.);
#1797=FACE_BOUND('',#1645,.T.);
#1798=FACE_BOUND('',#1646,.T.);
#1799=FACE_BOUND('',#1647,.T.);
#1800=FACE_BOUND('',#1648,.T.);
#1801=FACE_BOUND('',#1649,.T.);
#1802=FACE_BOUND('',#1650,.T.);
#1803=FACE_BOUND('',#1651,.T.);
#1804=FACE_BOUND('',#1652,.T.);
#1805=FACE_BOUND('',#1653,.T.);
#1806=FACE_BOUND('',#1654,.T.);
#1807=FACE_BOUND('',#1655,.T.);
#1808=FACE_BOUND('',#1656,.T.);
#1809=FACE_BOUND('',#1657,.T.);
#1810=FACE_BOUND('',#1658,.T.);
#1811=FACE_BOUND('',#1659,.T.);
#1812=FACE_BOUND('',#1660,.T.);
#1813=FACE_BOUND('',#1661,.T.);
#1814=FACE_BOUND('',#1662,.T.);
#1815=FACE_BOUND('',#1663,.T.);
#1816=FACE_BOUND('',#1664,.T.);
#1817=FACE_BOUND('',#1665,.T.);
#1818=FACE_BOUND('',#1666,.T.);
#1819=FACE_BOUND('',#1667,.T.);
#1820=FACE_BOUND('',#1668,.T.);
#1821=FACE_BOUND('',#1669,.T.);
#1822=FACE_BOUND('',#1670,.T.);
#1823=FACE_BOUND('',#1671,.T.);
#1824=FACE_BOUND('',#1672,.T.);
#1825=FACE_BOUND('',#1673,.T.);
#1826=FACE_BOUND('',#1674,.T.);
#1827=FACE_BOUND('',#1675,.T.);
#1828=FACE_BOUND('',#1676,.T.);
#1829=FACE_BOUND('',#1677,.T.);
#1830=FACE_BOUND('',#1678,.T.);
#1831=FACE_BOUND('',#1679,.T.);
#1832=FACE_BOUND('',#1680,.T.);
#1833=FACE_BOUND('',#1681,.T.);
#1834=FACE_BOUND('',#1682,.T.);
#1835=FACE_BOUND('',#1683,.T.);
#1836=FACE_BOUND('',#1684,.T.);
#1837=FACE_BOUND('',#1685,.T.);
#1838=FACE_BOUND('',#1686,.T.);
#1839=FACE_BOUND('',#1687,.T.);
#1840=FACE_BOUND('',#1688,.T.);
#1841=FACE_BOUND('',#1689,.T.);
#1842=FACE_BOUND('',#1690,.T.);
#1843=FACE_BOUND('',#1691,.T.);
#1844=FACE_BOUND('',#1692,.T.);
#1845=FACE_BOUND('',#1693,.T.);
#1846=FACE_BOUND('',#1694,.T.);
#1847=FACE_BOUND('',#1695,.T.);
#1848=FACE_BOUND('',#1696,.T.);
#1849=FACE_BOUND('',#1697,.T.);
#1850=FACE_BOUND('',#1698,.T.);
#1851=FACE_BOUND('',#1699,.T.);
#1852=FACE_BOUND('',#1700,.T.);
#1853=FACE_BOUND('',#1701,.T.);
#1854=FACE_BOUND('',#1702,.T.);
#1855=FACE_BOUND('',#1703,.T.);
#1856=FACE_BOUND('',#1704,.T.);
#1857=FACE_BOUND('',#1705,.T.);
#1858=FACE_BOUND('',#1706,.T.);
#1859=FACE_BOUND('',#1707,.T.);
#1860=FACE_BOUND('',#1708,.T.);
#1861=FACE_BOUND('',#1709,.T.);
#1862=FACE_BOUND('',#1710,.T.);
#1863=FACE_BOUND('',#1711,.T.);
#1864=FACE_BOUND('',#1712,.T.);
#1865=FACE_BOUND('',#1713,.T.);
#1866=FACE_BOUND('',#1714,.T.);
#1867=FACE_BOUND('',#1715,.T.);
#1868=FACE_BOUND('',#1716,.T.);
#1869=FACE_BOUND('',#1717,.T.);
#1870=FACE_BOUND('',#1718,.T.);
#1871=FACE_BOUND('',#1719,.T.);
#1872=FACE_BOUND('',#1720,.T.);
#1873=FACE_BOUND('',#1721,.T.);
#1874=FACE_BOUND('',#1722,.T.);
#1875=FACE_BOUND('',#1723,.T.);
#1876=FACE_BOUND('',#1724,.T.);
#1877=FACE_BOUND('',#1725,.T.);
#1878=FACE_BOUND('',#1726,.T.);
#1879=FACE_BOUND('',#1727,.T.);
#1880=FACE_BOUND('',#1728,.T.);
#1881=FACE_BOUND('',#1729,.T.);
#1882=FACE_BOUND('',#1730,.T.);
#1883=FACE_BOUND('',#1731,.T.);
#1884=FACE_BOUND('',#1732,.T.);
#1885=FACE_BOUND('',#1733,.T.);
#1886=FACE_BOUND('',#1734,.T.);
#1887=FACE_BOUND('',#1735,.T.);
#1888=FACE_BOUND('',#1736,.T.);
#1889=FACE_BOUND('',#1737,.T.);
#1890=FACE_BOUND('',#1738,.T.);
#1891=FACE_BOUND('',#1739,.T.);
#1892=FACE_BOUND('',#1740,.T.);
#1893=FACE_BOUND('',#1741,.T.);
#1894=FACE_BOUND('',#1742,.T.);
#1895=FACE_BOUND('',#1743,.T.);
#1896=FACE_BOUND('',#1744,.T.);
#1897=FACE_BOUND('',#1745,.T.);
#1898=FACE_BOUND('',#1746,.T.);
#1899=FACE_BOUND('',#1747,.T.);
#1900=FACE_BOUND('',#1748,.T.);
#1901=FACE_BOUND('',#1749,.T.);
#1902=FACE_BOUND('',#1750,.T.);
#1903=FACE_BOUND('',#1751,.T.);
#1904=FACE_BOUND('',#1752,.T.);
#1905=FACE_BOUND('',#1753,.T.);
#1906=FACE_BOUND('',#1754,.T.);
#1907=FACE_BOUND('',#1755,.T.);
#1908=FACE_BOUND('',#1756,.T.);
#1909=FACE_BOUND('',#1757,.T.);
#1910=FACE_BOUND('',#1758,.T.);
#1911=FACE_BOUND('',#1759,.T.);
#1912=FACE_BOUND('',#1760,.T.);
#1913=FACE_BOUND('',#1761,.T.);
#1914=FACE_BOUND('',#1762,.T.);
#1915=FACE_BOUND('',#1763,.T.);
#1916=FACE_BOUND('',#1764,.T.);
#1917=FACE_BOUND('',#1765,.T.);
#1918=FACE_BOUND('',#1766,.T.);
#1919=FACE_BOUND('',#1767,.T.);
#1920=FACE_BOUND('',#1768,.T.);
#1921=FACE_BOUND('',#1769,.T.);
#1922=FACE_BOUND('',#1770,.T.);
#1923=FACE_BOUND('',#1771,.T.);
#1924=FACE_BOUND('',#1772,.T.);
#1925=FACE_BOUND('',#1773,.T.);
#1926=FACE_BOUND('',#1774,.T.);
#1927=FACE_BOUND('',#1775,.T.);
#1928=FACE_BOUND('',#1776,.T.);
#1929=FACE_BOUND('',#1777,.T.);
#1930=FACE_BOUND('',#1778,.T.);
#1931=FACE_BOUND('',#1779,.T.);
#1932=FACE_BOUND('',#1780,.T.);
#1933=FACE_BOUND('',#1781,.T.);
#1934=FACE_BOUND('',#1782,.T.);
#1935=FACE_BOUND('',#1783,.T.);
#1936=FACE_BOUND('',#1784,.T.);
#1937=FACE_BOUND('',#1785,.T.);
#1938=FACE_BOUND('',#1786,.T.);
#1939=FACE_BOUND('',#1787,.T.);
#1940=CYLINDRICAL_SURFACE('',#2117,0.00185);
#1941=CYLINDRICAL_SURFACE('',#2121,0.00185);
#1942=CYLINDRICAL_SURFACE('',#2125,0.00185);
#1943=CYLINDRICAL_SURFACE('',#2129,0.00185);
#1944=CYLINDRICAL_SURFACE('',#2133,0.00185);
#1945=CYLINDRICAL_SURFACE('',#2137,0.00185);
#1946=CYLINDRICAL_SURFACE('',#2141,0.00185);
#1947=CYLINDRICAL_SURFACE('',#2145,0.00185);
#1948=CYLINDRICAL_SURFACE('',#2149,0.00185);
#1949=CYLINDRICAL_SURFACE('',#2153,0.00185);
#1950=CYLINDRICAL_SURFACE('',#2157,0.0025);
#1951=CYLINDRICAL_SURFACE('',#2163,0.0025);
#1952=CYLINDRICAL_SURFACE('',#2173,0.0025);
#1953=CYLINDRICAL_SURFACE('',#2175,0.0025);
#1954=CYLINDRICAL_SURFACE('',#2183,0.0025);
#1955=CYLINDRICAL_SURFACE('',#2185,0.0025);
#1956=CYLINDRICAL_SURFACE('',#2193,0.0025);
#1957=CYLINDRICAL_SURFACE('',#2195,0.00249999999999993);
#1958=CYLINDRICAL_SURFACE('',#2197,0.0025);
#1959=CYLINDRICAL_SURFACE('',#2205,0.0025);
#1960=CYLINDRICAL_SURFACE('',#2207,0.0025);
#1961=CYLINDRICAL_SURFACE('',#2215,0.00249999999999993);
#1962=CYLINDRICAL_SURFACE('',#2223,0.0025);
#1963=CYLINDRICAL_SURFACE('',#2225,0.0025);
#1964=CYLINDRICAL_SURFACE('',#2233,0.0025);
#1965=CYLINDRICAL_SURFACE('',#2235,0.0025);
#1966=CYLINDRICAL_SURFACE('',#2237,0.0025);
#1967=CYLINDRICAL_SURFACE('',#2245,0.0025);
#1968=CYLINDRICAL_SURFACE('',#2247,0.0025);
#1969=CYLINDRICAL_SURFACE('',#2255,0.0025);
#1970=CYLINDRICAL_SURFACE('',#2275,0.002);
#1971=CYLINDRICAL_SURFACE('',#2277,0.002);
#1972=CYLINDRICAL_SURFACE('',#2285,0.002);
#1973=CYLINDRICAL_SURFACE('',#2287,0.002);
#1974=CYLINDRICAL_SURFACE('',#2311,0.005);
#1975=CYLINDRICAL_SURFACE('',#2313,0.005);
#1976=CYLINDRICAL_SURFACE('',#2316,0.005);
#1977=CYLINDRICAL_SURFACE('',#2317,0.005);
#1978=CYLINDRICAL_SURFACE('',#2318,0.0012645);
#1979=CYLINDRICAL_SURFACE('',#2321,0.0012645);
#1980=CYLINDRICAL_SURFACE('',#2324,0.0012645);
#1981=CYLINDRICAL_SURFACE('',#2327,0.0012645);
#1982=ADVANCED_FACE('',(#1788,#1789),#1940,.F.);
#1983=ADVANCED_FACE('',(#1790),#412,.F.);
#1984=ADVANCED_FACE('',(#1791,#1792),#1941,.F.);
#1985=ADVANCED_FACE('',(#1793),#413,.F.);
#1986=ADVANCED_FACE('',(#1794,#1795),#1942,.F.);
#1987=ADVANCED_FACE('',(#1796),#414,.F.);
#1988=ADVANCED_FACE('',(#1797,#1798),#1943,.F.);
#1989=ADVANCED_FACE('',(#1799),#415,.F.);
#1990=ADVANCED_FACE('',(#1800,#1801),#1944,.F.);
#1991=ADVANCED_FACE('',(#1802),#416,.F.);
#1992=ADVANCED_FACE('',(#1803,#1804),#1945,.F.);
#1993=ADVANCED_FACE('',(#1805),#417,.F.);
#1994=ADVANCED_FACE('',(#1806,#1807),#1946,.F.);
#1995=ADVANCED_FACE('',(#1808),#418,.F.);
#1996=ADVANCED_FACE('',(#1809,#1810),#1947,.F.);
#1997=ADVANCED_FACE('',(#1811),#419,.F.);
#1998=ADVANCED_FACE('',(#1812,#1813),#1948,.F.);
#1999=ADVANCED_FACE('',(#1814),#420,.F.);
#2000=ADVANCED_FACE('',(#1815,#1816),#1949,.F.);
#2001=ADVANCED_FACE('',(#1817),#421,.F.);
#2002=ADVANCED_FACE('',(#1818),#1950,.F.);
#2003=ADVANCED_FACE('',(#1819),#422,.F.);
#2004=ADVANCED_FACE('',(#1820,#1821),#423,.F.);
#2005=ADVANCED_FACE('',(#1822),#1951,.F.);
#2006=ADVANCED_FACE('',(#1823),#424,.F.);
#2007=ADVANCED_FACE('',(#1824),#425,.F.);
#2008=ADVANCED_FACE('',(#1825),#426,.F.);
#2009=ADVANCED_FACE('',(#1826,#1827),#427,.F.);
#2010=ADVANCED_FACE('',(#1828),#428,.F.);
#2011=ADVANCED_FACE('',(#1829),#429,.F.);
#2012=ADVANCED_FACE('',(#1830),#1952,.F.);
#2013=ADVANCED_FACE('',(#1831),#1953,.F.);
#2014=ADVANCED_FACE('',(#1832),#430,.F.);
#2015=ADVANCED_FACE('',(#1833,#1834),#431,.F.);
#2016=ADVANCED_FACE('',(#1835),#432,.F.);
#2017=ADVANCED_FACE('',(#1836),#433,.F.);
#2018=ADVANCED_FACE('',(#1837),#1954,.F.);
#2019=ADVANCED_FACE('',(#1838),#1955,.F.);
#2020=ADVANCED_FACE('',(#1839),#434,.F.);
#2021=ADVANCED_FACE('',(#1840,#1841),#435,.F.);
#2022=ADVANCED_FACE('',(#1842),#436,.F.);
#2023=ADVANCED_FACE('',(#1843),#437,.F.);
#2024=ADVANCED_FACE('',(#1844),#1956,.F.);
#2025=ADVANCED_FACE('',(#1845),#1957,.F.);
#2026=ADVANCED_FACE('',(#1846),#1958,.F.);
#2027=ADVANCED_FACE('',(#1847),#438,.F.);
#2028=ADVANCED_FACE('',(#1848,#1849),#439,.F.);
#2029=ADVANCED_FACE('',(#1850),#440,.F.);
#2030=ADVANCED_FACE('',(#1851),#441,.F.);
#2031=ADVANCED_FACE('',(#1852),#1959,.F.);
#2032=ADVANCED_FACE('',(#1853),#1960,.F.);
#2033=ADVANCED_FACE('',(#1854),#442,.F.);
#2034=ADVANCED_FACE('',(#1855,#1856),#443,.F.);
#2035=ADVANCED_FACE('',(#1857),#444,.F.);
#2036=ADVANCED_FACE('',(#1858),#445,.F.);
#2037=ADVANCED_FACE('',(#1859),#1961,.F.);
#2038=ADVANCED_FACE('',(#1860),#446,.F.);
#2039=ADVANCED_FACE('',(#1861,#1862),#447,.F.);
#2040=ADVANCED_FACE('',(#1863),#448,.F.);
#2041=ADVANCED_FACE('',(#1864),#449,.F.);
#2042=ADVANCED_FACE('',(#1865),#1962,.F.);
#2043=ADVANCED_FACE('',(#1866),#1963,.F.);
#2044=ADVANCED_FACE('',(#1867),#450,.F.);
#2045=ADVANCED_FACE('',(#1868,#1869),#451,.F.);
#2046=ADVANCED_FACE('',(#1870),#452,.F.);
#2047=ADVANCED_FACE('',(#1871),#453,.F.);
#2048=ADVANCED_FACE('',(#1872),#1964,.F.);
#2049=ADVANCED_FACE('',(#1873),#1965,.F.);
#2050=ADVANCED_FACE('',(#1874),#1966,.F.);
#2051=ADVANCED_FACE('',(#1875),#454,.F.);
#2052=ADVANCED_FACE('',(#1876,#1877),#455,.F.);
#2053=ADVANCED_FACE('',(#1878),#456,.F.);
#2054=ADVANCED_FACE('',(#1879),#457,.F.);
#2055=ADVANCED_FACE('',(#1880),#1967,.F.);
#2056=ADVANCED_FACE('',(#1881),#1968,.F.);
#2057=ADVANCED_FACE('',(#1882),#458,.F.);
#2058=ADVANCED_FACE('',(#1883,#1884),#459,.F.);
#2059=ADVANCED_FACE('',(#1885),#460,.F.);
#2060=ADVANCED_FACE('',(#1886),#461,.F.);
#2061=ADVANCED_FACE('',(#1887),#1969,.F.);
#2062=ADVANCED_FACE('',(#1888),#462,.T.);
#2063=ADVANCED_FACE('',(#1889),#463,.T.);
#2064=ADVANCED_FACE('',(#1890),#464,.T.);
#2065=ADVANCED_FACE('',(#1891),#12,.F.);
#2066=ADVANCED_FACE('',(#1892),#465,.T.);
#2067=ADVANCED_FACE('',(#1893),#13,.F.);
#2068=ADVANCED_FACE('',(#1894),#466,.T.);
#2069=ADVANCED_FACE('',(#1895),#14,.F.);
#2070=ADVANCED_FACE('',(#1896),#467,.T.);
#2071=ADVANCED_FACE('',(#1897),#15,.F.);
#2072=ADVANCED_FACE('',(#1898),#1970,.F.);
#2073=ADVANCED_FACE('',(#1899),#1971,.F.);
#2074=ADVANCED_FACE('',(#1900),#468,.T.);
#2075=ADVANCED_FACE('',(#1901,#1902),#469,.T.);
#2076=ADVANCED_FACE('',(#1903),#1972,.F.);
#2077=ADVANCED_FACE('',(#1904),#1973,.F.);
#2078=ADVANCED_FACE('',(#1905),#470,.T.);
#2079=ADVANCED_FACE('',(#1906,#1907,#1908,#1909,#1910,#1911),#471,.F.);
#2080=ADVANCED_FACE('',(#1912),#472,.T.);
#2081=ADVANCED_FACE('',(#1913),#16,.T.);
#2082=ADVANCED_FACE('',(#1914),#473,.T.);
#2083=ADVANCED_FACE('',(#1915),#17,.T.);
#2084=ADVANCED_FACE('',(#1916),#474,.T.);
#2085=ADVANCED_FACE('',(#1917),#18,.T.);
#2086=ADVANCED_FACE('',(#1918),#475,.T.);
#2087=ADVANCED_FACE('',(#1919),#19,.T.);
#2088=ADVANCED_FACE('',(#1920),#1974,.T.);
#2089=ADVANCED_FACE('',(#1921),#476,.T.);
#2090=ADVANCED_FACE('',(#1922),#1975,.T.);
#2091=ADVANCED_FACE('',(#1923),#477,.T.);
#2092=ADVANCED_FACE('',(#1924),#478,.T.);
#2093=ADVANCED_FACE('',(#1925),#1976,.T.);
#2094=ADVANCED_FACE('',(#1926),#1977,.T.);
#2095=ADVANCED_FACE('',(#1927,#1928),#1978,.F.);
#2096=ADVANCED_FACE('',(#1929),#479,.F.);
#2097=ADVANCED_FACE('',(#1930,#1931),#1979,.F.);
#2098=ADVANCED_FACE('',(#1932),#480,.F.);
#2099=ADVANCED_FACE('',(#1933,#1934),#1980,.F.);
#2100=ADVANCED_FACE('',(#1935),#481,.F.);
#2101=ADVANCED_FACE('',(#1936,#1937),#1981,.F.);
#2102=ADVANCED_FACE('',(#1938),#482,.F.);
#2103=ADVANCED_FACE('',(#1939),#483,.T.);
#2104=CLOSED_SHELL('',(#1982,#1983,#1984,#1985,#1986,#1987,#1988,#1989,
#1990,#1991,#1992,#1993,#1994,#1995,#1996,#1997,#1998,#1999,#2000,#2001,
#2002,#2003,#2004,#2005,#2006,#2007,#2008,#2009,#2010,#2011,#2012,#2013,
#2014,#2015,#2016,#2017,#2018,#2019,#2020,#2021,#2022,#2023,#2024,#2025,
#2026,#2027,#2028,#2029,#2030,#2031,#2032,#2033,#2034,#2035,#2036,#2037,
#2038,#2039,#2040,#2041,#2042,#2043,#2044,#2045,#2046,#2047,#2048,#2049,
#2050,#2051,#2052,#2053,#2054,#2055,#2056,#2057,#2058,#2059,#2060,#2061,
#2062,#2063,#2064,#2065,#2066,#2067,#2068,#2069,#2070,#2071,#2072,#2073,
#2074,#2075,#2076,#2077,#2078,#2079,#2080,#2081,#2082,#2083,#2084,#2085,
#2086,#2087,#2088,#2089,#2090,#2091,#2092,#2093,#2094,#2095,#2096,#2097,
#2098,#2099,#2100,#2101,#2102,#2103));
#2105=STYLED_ITEM('',(#2106),#2113);
#2106=PRESENTATION_STYLE_ASSIGNMENT((#2107));
#2107=SURFACE_STYLE_USAGE(.BOTH.,#2108);
#2108=SURFACE_SIDE_STYLE('',(#2109));
#2109=SURFACE_STYLE_FILL_AREA(#2110);
#2110=FILL_AREA_STYLE('',(#2111));
#2111=FILL_AREA_STYLE_COLOUR('',#2112);
#2112=COLOUR_RGB('',0.627450980392157,0.627450980392157,0.627450980392157);
#2113=MANIFOLD_SOLID_BREP('Top',#2104);
#2114=SHAPE_DEFINITION_REPRESENTATION(#3570,#2115);
#2115=SHAPE_REPRESENTATION('Top',(#2116),#3565);
#2116=AXIS2_PLACEMENT_3D('',#2957,#2331,#2332);
#2117=AXIS2_PLACEMENT_3D('',#2958,#2333,#2334);
#2118=AXIS2_PLACEMENT_3D('',#2959,#2335,#2336);
#2119=AXIS2_PLACEMENT_3D('',#2961,#2337,#2338);
#2120=AXIS2_PLACEMENT_3D('',#2963,#2339,#2340);
#2121=AXIS2_PLACEMENT_3D('',#2964,#2341,#2342);
#2122=AXIS2_PLACEMENT_3D('',#2965,#2343,#2344);
#2123=AXIS2_PLACEMENT_3D('',#2967,#2345,#2346);
#2124=AXIS2_PLACEMENT_3D('',#2969,#2347,#2348);
#2125=AXIS2_PLACEMENT_3D('',#2970,#2349,#2350);
#2126=AXIS2_PLACEMENT_3D('',#2971,#2351,#2352);
#2127=AXIS2_PLACEMENT_3D('',#2973,#2353,#2354);
#2128=AXIS2_PLACEMENT_3D('',#2975,#2355,#2356);
#2129=AXIS2_PLACEMENT_3D('',#2976,#2357,#2358);
#2130=AXIS2_PLACEMENT_3D('',#2977,#2359,#2360);
#2131=AXIS2_PLACEMENT_3D('',#2979,#2361,#2362);
#2132=AXIS2_PLACEMENT_3D('',#2981,#2363,#2364);
#2133=AXIS2_PLACEMENT_3D('',#2982,#2365,#2366);
#2134=AXIS2_PLACEMENT_3D('',#2983,#2367,#2368);
#2135=AXIS2_PLACEMENT_3D('',#2985,#2369,#2370);
#2136=AXIS2_PLACEMENT_3D('',#2987,#2371,#2372);
#2137=AXIS2_PLACEMENT_3D('',#2988,#2373,#2374);
#2138=AXIS2_PLACEMENT_3D('',#2989,#2375,#2376);
#2139=AXIS2_PLACEMENT_3D('',#2991,#2377,#2378);
#2140=AXIS2_PLACEMENT_3D('',#2993,#2379,#2380);
#2141=AXIS2_PLACEMENT_3D('',#2994,#2381,#2382);
#2142=AXIS2_PLACEMENT_3D('',#2995,#2383,#2384);
#2143=AXIS2_PLACEMENT_3D('',#2997,#2385,#2386);
#2144=AXIS2_PLACEMENT_3D('',#2999,#2387,#2388);
#2145=AXIS2_PLACEMENT_3D('',#3000,#2389,#2390);
#2146=AXIS2_PLACEMENT_3D('',#3001,#2391,#2392);
#2147=AXIS2_PLACEMENT_3D('',#3003,#2393,#2394);
#2148=AXIS2_PLACEMENT_3D('',#3005,#2395,#2396);
#2149=AXIS2_PLACEMENT_3D('',#3006,#2397,#2398);
#2150=AXIS2_PLACEMENT_3D('',#3007,#2399,#2400);
#2151=AXIS2_PLACEMENT_3D('',#3009,#2401,#2402);
#2152=AXIS2_PLACEMENT_3D('',#3011,#2403,#2404);
#2153=AXIS2_PLACEMENT_3D('',#3012,#2405,#2406);
#2154=AXIS2_PLACEMENT_3D('',#3013,#2407,#2408);
#2155=AXIS2_PLACEMENT_3D('',#3015,#2409,#2410);
#2156=AXIS2_PLACEMENT_3D('',#3017,#2411,#2412);
#2157=AXIS2_PLACEMENT_3D('',#3018,#2413,#2414);
#2158=AXIS2_PLACEMENT_3D('',#3019,#2415,#2416);
#2159=AXIS2_PLACEMENT_3D('',#3024,#2418,#2419);
#2160=AXIS2_PLACEMENT_3D('',#3027,#2421,#2422);
#2161=AXIS2_PLACEMENT_3D('',#3033,#2426,#2427);
#2162=AXIS2_PLACEMENT_3D('',#3038,#2430,#2431);
#2163=AXIS2_PLACEMENT_3D('',#3041,#2433,#2434);
#2164=AXIS2_PLACEMENT_3D('',#3042,#2435,#2436);
#2165=AXIS2_PLACEMENT_3D('',#3047,#2439,#2440);
#2166=AXIS2_PLACEMENT_3D('',#3049,#2442,#2443);
#2167=AXIS2_PLACEMENT_3D('',#3053,#2446,#2447);
#2168=AXIS2_PLACEMENT_3D('',#3062,#2452,#2453);
#2169=AXIS2_PLACEMENT_3D('',#3065,#2455,#2456);
#2170=AXIS2_PLACEMENT_3D('',#3069,#2458,#2459);
#2171=AXIS2_PLACEMENT_3D('',#3072,#2461,#2462);
#2172=AXIS2_PLACEMENT_3D('',#3078,#2466,#2467);
#2173=AXIS2_PLACEMENT_3D('',#3084,#2471,#2472);
#2174=AXIS2_PLACEMENT_3D('',#3085,#2473,#2474);
#2175=AXIS2_PLACEMENT_3D('',#3086,#2475,#2476);
#2176=AXIS2_PLACEMENT_3D('',#3087,#2477,#2478);
#2177=AXIS2_PLACEMENT_3D('',#3088,#2479,#2480);
#2178=AXIS2_PLACEMENT_3D('',#3097,#2485,#2486);
#2179=AXIS2_PLACEMENT_3D('',#3100,#2488,#2489);
#2180=AXIS2_PLACEMENT_3D('',#3104,#2491,#2492);
#2181=AXIS2_PLACEMENT_3D('',#3107,#2494,#2495);
#2182=AXIS2_PLACEMENT_3D('',#3113,#2499,#2500);
#2183=AXIS2_PLACEMENT_3D('',#3119,#2504,#2505);
#2184=AXIS2_PLACEMENT_3D('',#3120,#2506,#2507);
#2185=AXIS2_PLACEMENT_3D('',#3121,#2508,#2509);
#2186=AXIS2_PLACEMENT_3D('',#3122,#2510,#2511);
#2187=AXIS2_PLACEMENT_3D('',#3123,#2512,#2513);
#2188=AXIS2_PLACEMENT_3D('',#3132,#2518,#2519);
#2189=AXIS2_PLACEMENT_3D('',#3135,#2521,#2522);
#2190=AXIS2_PLACEMENT_3D('',#3139,#2524,#2525);
#2191=AXIS2_PLACEMENT_3D('',#3142,#2527,#2528);
#2192=AXIS2_PLACEMENT_3D('',#3148,#2532,#2533);
#2193=AXIS2_PLACEMENT_3D('',#3154,#2537,#2538);
#2194=AXIS2_PLACEMENT_3D('',#3155,#2539,#2540);
#2195=AXIS2_PLACEMENT_3D('',#3156,#2541,#2542);
#2196=AXIS2_PLACEMENT_3D('',#3157,#2543,#2544);
#2197=AXIS2_PLACEMENT_3D('',#3158,#2545,#2546);
#2198=AXIS2_PLACEMENT_3D('',#3159,#2547,#2548);
#2199=AXIS2_PLACEMENT_3D('',#3164,#2550,#2551);
#2200=AXIS2_PLACEMENT_3D('',#3167,#2553,#2554);
#2201=AXIS2_PLACEMENT_3D('',#3173,#2558,#2559);
#2202=AXIS2_PLACEMENT_3D('',#3178,#2562,#2563);
#2203=AXIS2_PLACEMENT_3D('',#3181,#2565,#2566);
#2204=AXIS2_PLACEMENT_3D('',#3185,#2569,#2570);
#2205=AXIS2_PLACEMENT_3D('',#3191,#2574,#2575);
#2206=AXIS2_PLACEMENT_3D('',#3192,#2576,#2577);
#2207=AXIS2_PLACEMENT_3D('',#3193,#2578,#2579);
#2208=AXIS2_PLACEMENT_3D('',#3194,#2580,#2581);
#2209=AXIS2_PLACEMENT_3D('',#3199,#2583,#2584);
#2210=AXIS2_PLACEMENT_3D('',#3202,#2586,#2587);
#2211=AXIS2_PLACEMENT_3D('',#3208,#2591,#2592);
#2212=AXIS2_PLACEMENT_3D('',#3213,#2595,#2596);
#2213=AXIS2_PLACEMENT_3D('',#3216,#2598,#2599);
#2214=AXIS2_PLACEMENT_3D('',#3220,#2602,#2603);
#2215=AXIS2_PLACEMENT_3D('',#3226,#2607,#2608);
#2216=AXIS2_PLACEMENT_3D('',#3227,#2609,#2610);
#2217=AXIS2_PLACEMENT_3D('',#3228,#2611,#2612);
#2218=AXIS2_PLACEMENT_3D('',#3237,#2617,#2618);
#2219=AXIS2_PLACEMENT_3D('',#3240,#2620,#2621);
#2220=AXIS2_PLACEMENT_3D('',#3244,#2623,#2624);
#2221=AXIS2_PLACEMENT_3D('',#3247,#2626,#2627);
#2222=AXIS2_PLACEMENT_3D('',#3253,#2631,#2632);
#2223=AXIS2_PLACEMENT_3D('',#3259,#2636,#2637);
#2224=AXIS2_PLACEMENT_3D('',#3260,#2638,#2639);
#2225=AXIS2_PLACEMENT_3D('',#3261,#2640,#2641);
#2226=AXIS2_PLACEMENT_3D('',#3262,#2642,#2643);
#2227=AXIS2_PLACEMENT_3D('',#3263,#2644,#2645);
#2228=AXIS2_PLACEMENT_3D('',#3272,#2650,#2651);
#2229=AXIS2_PLACEMENT_3D('',#3275,#2653,#2654);
#2230=AXIS2_PLACEMENT_3D('',#3279,#2656,#2657);
#2231=AXIS2_PLACEMENT_3D('',#3282,#2659,#2660);
#2232=AXIS2_PLACEMENT_3D('',#3288,#2664,#2665);
#2233=AXIS2_PLACEMENT_3D('',#3294,#2669,#2670);
#2234=AXIS2_PLACEMENT_3D('',#3295,#2671,#2672);
#2235=AXIS2_PLACEMENT_3D('',#3296,#2673,#2674);
#2236=AXIS2_PLACEMENT_3D('',#3297,#2675,#2676);
#2237=AXIS2_PLACEMENT_3D('',#3298,#2677,#2678);
#2238=AXIS2_PLACEMENT_3D('',#3299,#2679,#2680);
#2239=AXIS2_PLACEMENT_3D('',#3304,#2682,#2683);
#2240=AXIS2_PLACEMENT_3D('',#3307,#2685,#2686);
#2241=AXIS2_PLACEMENT_3D('',#3313,#2690,#2691);
#2242=AXIS2_PLACEMENT_3D('',#3318,#2694,#2695);
#2243=AXIS2_PLACEMENT_3D('',#3321,#2697,#2698);
#2244=AXIS2_PLACEMENT_3D('',#3325,#2701,#2702);
#2245=AXIS2_PLACEMENT_3D('',#3331,#2706,#2707);
#2246=AXIS2_PLACEMENT_3D('',#3332,#2708,#2709);
#2247=AXIS2_PLACEMENT_3D('',#3333,#2710,#2711);
#2248=AXIS2_PLACEMENT_3D('',#3334,#2712,#2713);
#2249=AXIS2_PLACEMENT_3D('',#3339,#2715,#2716);
#2250=AXIS2_PLACEMENT_3D('',#3342,#2718,#2719);
#2251=AXIS2_PLACEMENT_3D('',#3348,#2723,#2724);
#2252=AXIS2_PLACEMENT_3D('',#3353,#2727,#2728);
#2253=AXIS2_PLACEMENT_3D('',#3356,#2730,#2731);
#2254=AXIS2_PLACEMENT_3D('',#3360,#2734,#2735);
#2255=AXIS2_PLACEMENT_3D('',#3366,#2739,#2740);
#2256=AXIS2_PLACEMENT_3D('',#3367,#2741,#2742);
#2257=AXIS2_PLACEMENT_3D('',#3368,#2743,#2744);
#2258=AXIS2_PLACEMENT_3D('',#3382,#2754,#2755);
#2259=AXIS2_PLACEMENT_3D('',#3396,#2765,#2766);
#2260=AXIS2_PLACEMENT_3D('',#3405,#2771,#2772);
#2261=AXIS2_PLACEMENT_3D('',#3406,#2773,#2774);
#2262=AXIS2_PLACEMENT_3D('',#3409,#2776,#2777);
#2263=AXIS2_PLACEMENT_3D('',#3410,#2778,#2779);
#2264=AXIS2_PLACEMENT_3D('',#3414,#2782,#2783);
#2265=AXIS2_PLACEMENT_3D('',#3415,#2784,#2785);
#2266=AXIS2_PLACEMENT_3D('',#3419,#2787,#2788);
#2267=AXIS2_PLACEMENT_3D('',#3420,#2789,#2790);
#2268=AXIS2_PLACEMENT_3D('',#3426,#2794,#2795);
#2269=AXIS2_PLACEMENT_3D('',#3427,#2796,#2797);
#2270=AXIS2_PLACEMENT_3D('',#3430,#2799,#2800);
#2271=AXIS2_PLACEMENT_3D('',#3431,#2801,#2802);
#2272=AXIS2_PLACEMENT_3D('',#3435,#2805,#2806);
#2273=AXIS2_PLACEMENT_3D('',#3436,#2807,#2808);
#2274=AXIS2_PLACEMENT_3D('',#3437,#2809,#2810);
#2275=AXIS2_PLACEMENT_3D('',#3438,#2811,#2812);
#2276=AXIS2_PLACEMENT_3D('',#3439,#2813,#2814);
#2277=AXIS2_PLACEMENT_3D('',#3442,#2816,#2817);
#2278=AXIS2_PLACEMENT_3D('',#3445,#2819,#2820);
#2279=AXIS2_PLACEMENT_3D('',#3446,#2821,#2822);
#2280=AXIS2_PLACEMENT_3D('',#3450,#2825,#2826);
#2281=AXIS2_PLACEMENT_3D('',#3454,#2828,#2829);
#2282=AXIS2_PLACEMENT_3D('',#3458,#2831,#2832);
#2283=AXIS2_PLACEMENT_3D('',#3462,#2834,#2835);
#2284=AXIS2_PLACEMENT_3D('',#3466,#2837,#2838);
#2285=AXIS2_PLACEMENT_3D('',#3467,#2839,#2840);
#2286=AXIS2_PLACEMENT_3D('',#3468,#2841,#2842);
#2287=AXIS2_PLACEMENT_3D('',#3469,#2843,#2844);
#2288=AXIS2_PLACEMENT_3D('',#3472,#2846,#2847);
#2289=AXIS2_PLACEMENT_3D('',#3473,#2848,#2849);
#2290=AXIS2_PLACEMENT_3D('',#3475,#2851,#2852);
#2291=AXIS2_PLACEMENT_3D('',#3476,#2853,#2854);
#2292=AXIS2_PLACEMENT_3D('',#3481,#2856,#2857);
#2293=AXIS2_PLACEMENT_3D('',#3485,#2859,#2860);
#2294=AXIS2_PLACEMENT_3D('',#3489,#2862,#2863);
#2295=AXIS2_PLACEMENT_3D('',#3492,#2865,#2866);
#2296=AXIS2_PLACEMENT_3D('',#3494,#2867,#2868);
#2297=AXIS2_PLACEMENT_3D('',#3496,#2869,#2870);
#2298=AXIS2_PLACEMENT_3D('',#3498,#2871,#2872);
#2299=AXIS2_PLACEMENT_3D('',#3500,#2873,#2874);
#2300=AXIS2_PLACEMENT_3D('',#3506,#2878,#2879);
#2301=AXIS2_PLACEMENT_3D('',#3509,#2881,#2882);
#2302=AXIS2_PLACEMENT_3D('',#3510,#2883,#2884);
#2303=AXIS2_PLACEMENT_3D('',#3514,#2887,#2888);
#2304=AXIS2_PLACEMENT_3D('',#3517,#2890,#2891);
#2305=AXIS2_PLACEMENT_3D('',#3518,#2892,#2893);
#2306=AXIS2_PLACEMENT_3D('',#3522,#2896,#2897);
#2307=AXIS2_PLACEMENT_3D('',#3525,#2899,#2900);
#2308=AXIS2_PLACEMENT_3D('',#3526,#2901,#2902);
#2309=AXIS2_PLACEMENT_3D('',#3530,#2905,#2906);
#2310=AXIS2_PLACEMENT_3D('',#3531,#2907,#2908);
#2311=AXIS2_PLACEMENT_3D('',#3532,#2909,#2910);
#2312=AXIS2_PLACEMENT_3D('',#3535,#2913,#2914);
#2313=AXIS2_PLACEMENT_3D('',#3537,#2916,#2917);
#2314=AXIS2_PLACEMENT_3D('',#3539,#2919,#2920);
#2315=AXIS2_PLACEMENT_3D('',#3541,#2922,#2923);
#2316=AXIS2_PLACEMENT_3D('',#3543,#2925,#2926);
#2317=AXIS2_PLACEMENT_3D('',#3545,#2928,#2929);
#2318=AXIS2_PLACEMENT_3D('',#3547,#2931,#2932);
#2319=AXIS2_PLACEMENT_3D('',#3548,#2933,#2934);
#2320=AXIS2_PLACEMENT_3D('',#3550,#2935,#2936);
#2321=AXIS2_PLACEMENT_3D('',#3551,#2937,#2938);
#2322=AXIS2_PLACEMENT_3D('',#3552,#2939,#2940);
#2323=AXIS2_PLACEMENT_3D('',#3554,#2941,#2942);
#2324=AXIS2_PLACEMENT_3D('',#3555,#2943,#2944);
#2325=AXIS2_PLACEMENT_3D('',#3556,#2945,#2946);
#2326=AXIS2_PLACEMENT_3D('',#3558,#2947,#2948);
#2327=AXIS2_PLACEMENT_3D('',#3559,#2949,#2950);
#2328=AXIS2_PLACEMENT_3D('',#3560,#2951,#2952);
#2329=AXIS2_PLACEMENT_3D('',#3562,#2953,#2954);
#2330=AXIS2_PLACEMENT_3D('',#3563,#2955,#2956);
#2331=DIRECTION('',(0.,0.,1.));
#2332=DIRECTION('',(1.,0.,0.));
#2333=DIRECTION('',(0.,0.,1.));
#2334=DIRECTION('',(-1.,0.,0.));
#2335=DIRECTION('',(0.,0.,1.));
#2336=DIRECTION('',(1.,0.,0.));
#2337=DIRECTION('',(0.,0.,1.));
#2338=DIRECTION('',(1.,0.,0.));
#2339=DIRECTION('',(0.,0.,1.));
#2340=DIRECTION('',(-1.,0.,0.));
#2341=DIRECTION('',(0.,0.,1.));
#2342=DIRECTION('',(-1.,0.,0.));
#2343=DIRECTION('',(0.,0.,1.));
#2344=DIRECTION('',(1.,0.,0.));
#2345=DIRECTION('',(0.,0.,1.));
#2346=DIRECTION('',(1.,0.,0.));
#2347=DIRECTION('',(0.,0.,1.));
#2348=DIRECTION('',(-1.,0.,0.));
#2349=DIRECTION('',(0.,0.,1.));
#2350=DIRECTION('',(-1.,0.,0.));
#2351=DIRECTION('',(0.,0.,1.));
#2352=DIRECTION('',(1.,0.,0.));
#2353=DIRECTION('',(0.,0.,1.));
#2354=DIRECTION('',(1.,0.,0.));
#2355=DIRECTION('',(0.,0.,1.));
#2356=DIRECTION('',(-1.,0.,0.));
#2357=DIRECTION('',(0.,0.,1.));
#2358=DIRECTION('',(-1.,0.,0.));
#2359=DIRECTION('',(0.,0.,1.));
#2360=DIRECTION('',(1.,0.,0.));
#2361=DIRECTION('',(0.,0.,1.));
#2362=DIRECTION('',(1.,0.,0.));
#2363=DIRECTION('',(0.,0.,1.));
#2364=DIRECTION('',(-1.,0.,0.));
#2365=DIRECTION('',(0.,0.,1.));
#2366=DIRECTION('',(-1.,0.,0.));
#2367=DIRECTION('',(0.,0.,1.));
#2368=DIRECTION('',(1.,0.,0.));
#2369=DIRECTION('',(0.,0.,1.));
#2370=DIRECTION('',(1.,0.,0.));
#2371=DIRECTION('',(0.,0.,1.));
#2372=DIRECTION('',(-1.,0.,0.));
#2373=DIRECTION('',(0.,0.,1.));
#2374=DIRECTION('',(-1.,0.,0.));
#2375=DIRECTION('',(0.,0.,1.));
#2376=DIRECTION('',(1.,0.,0.));
#2377=DIRECTION('',(0.,0.,1.));
#2378=DIRECTION('',(1.,0.,0.));
#2379=DIRECTION('',(0.,0.,1.));
#2380=DIRECTION('',(-1.,0.,0.));
#2381=DIRECTION('',(0.,0.,1.));
#2382=DIRECTION('',(-1.,0.,0.));
#2383=DIRECTION('',(0.,0.,1.));
#2384=DIRECTION('',(1.,0.,0.));
#2385=DIRECTION('',(0.,0.,1.));
#2386=DIRECTION('',(1.,0.,0.));
#2387=DIRECTION('',(0.,0.,1.));
#2388=DIRECTION('',(-1.,0.,0.));
#2389=DIRECTION('',(0.,0.,1.));
#2390=DIRECTION('',(-1.,0.,0.));
#2391=DIRECTION('',(0.,0.,1.));
#2392=DIRECTION('',(1.,0.,0.));
#2393=DIRECTION('',(0.,0.,1.));
#2394=DIRECTION('',(1.,0.,0.));
#2395=DIRECTION('',(0.,0.,1.));
#2396=DIRECTION('',(-1.,0.,0.));
#2397=DIRECTION('',(0.,0.,1.));
#2398=DIRECTION('',(-1.,0.,0.));
#2399=DIRECTION('',(0.,0.,1.));
#2400=DIRECTION('',(1.,0.,0.));
#2401=DIRECTION('',(0.,0.,1.));
#2402=DIRECTION('',(1.,0.,0.));
#2403=DIRECTION('',(0.,0.,1.));
#2404=DIRECTION('',(-1.,0.,0.));
#2405=DIRECTION('',(0.,0.,1.));
#2406=DIRECTION('',(-1.,0.,0.));
#2407=DIRECTION('',(0.,0.,1.));
#2408=DIRECTION('',(1.,0.,0.));
#2409=DIRECTION('',(0.,0.,1.));
#2410=DIRECTION('',(1.,0.,0.));
#2411=DIRECTION('',(0.,0.,1.));
#2412=DIRECTION('',(-1.,0.,0.));
#2413=DIRECTION('',(0.,0.,-1.));
#2414=DIRECTION('',(0.,-1.,0.));
#2415=DIRECTION('',(0.,0.,-1.));
#2416=DIRECTION('',(-1.,0.,0.));
#2417=DIRECTION('',(0.,0.,-1.));
#2418=DIRECTION('',(0.,0.,-1.));
#2419=DIRECTION('',(-1.,0.,0.));
#2420=DIRECTION('',(0.,0.,-1.));
#2421=DIRECTION('',(1.,0.,0.));
#2422=DIRECTION('',(0.,-1.,0.));
#2423=DIRECTION('',(0.,1.,0.));
#2424=DIRECTION('',(0.,-1.,0.));
#2425=DIRECTION('',(0.,0.,1.));
#2426=DIRECTION('',(0.,0.,1.));
#2427=DIRECTION('',(-1.,0.,0.));
#2428=DIRECTION('',(-1.,0.,0.));
#2429=DIRECTION('',(-1.,0.,0.));
#2430=DIRECTION('',(0.,0.,-1.));
#2431=DIRECTION('',(-1.,0.,0.));
#2432=DIRECTION('',(0.,1.,0.));
#2433=DIRECTION('',(0.,0.,-1.));
#2434=DIRECTION('',(-1.,0.,0.));
#2435=DIRECTION('',(0.,0.,-1.));
#2436=DIRECTION('',(-1.,0.,0.));
#2437=DIRECTION('',(0.,0.,-1.));
#2438=DIRECTION('',(0.,0.,-1.));
#2439=DIRECTION('',(0.,-1.,0.));
#2440=DIRECTION('',(-1.,0.,0.));
#2441=DIRECTION('',(1.,0.,0.));
#2442=DIRECTION('',(-1.,0.,0.));
#2443=DIRECTION('',(0.,1.,0.));
#2444=DIRECTION('',(0.,1.,0.));
#2445=DIRECTION('',(0.,0.,1.));
#2446=DIRECTION('',(-1.,0.,0.));
#2447=DIRECTION('',(0.,1.,0.));
#2448=DIRECTION('',(0.,1.,0.));
#2449=DIRECTION('',(0.,0.,-1.));
#2450=DIRECTION('',(0.,-1.,0.));
#2451=DIRECTION('',(0.,0.,1.));
#2452=DIRECTION('',(0.,0.,1.));
#2453=DIRECTION('',(-1.,0.,0.));
#2454=DIRECTION('',(1.,0.,0.));
#2455=DIRECTION('',(0.,0.,-1.));
#2456=DIRECTION('',(-1.,0.,0.));
#2457=DIRECTION('',(1.,0.,0.));
#2458=DIRECTION('',(0.,0.,-1.));
#2459=DIRECTION('',(-1.,0.,0.));
#2460=DIRECTION('',(0.,-1.,0.));
#2461=DIRECTION('',(1.,0.,0.));
#2462=DIRECTION('',(0.,-1.,0.));
#2463=DIRECTION('',(0.,0.,1.));
#2464=DIRECTION('',(0.,0.,-1.));
#2465=DIRECTION('',(0.,1.,0.));
#2466=DIRECTION('',(0.,1.,0.));
#2467=DIRECTION('',(1.,0.,0.));
#2468=DIRECTION('',(1.,0.,0.));
#2469=DIRECTION('',(0.,0.,-1.));
#2470=DIRECTION('',(0.,0.,-1.));
#2471=DIRECTION('',(0.,0.,-1.));
#2472=DIRECTION('',(0.,1.,0.));
#2473=DIRECTION('',(0.,0.,-1.));
#2474=DIRECTION('',(-1.,0.,0.));
#2475=DIRECTION('',(0.,0.,-1.));
#2476=DIRECTION('',(1.,0.,0.));
#2477=DIRECTION('',(0.,0.,-1.));
#2478=DIRECTION('',(-1.,0.,0.));
#2479=DIRECTION('',(-1.,0.,0.));
#2480=DIRECTION('',(0.,1.,0.));
#2481=DIRECTION('',(0.,1.,0.));
#2482=DIRECTION('',(0.,0.,-1.));
#2483=DIRECTION('',(0.,-1.,0.));
#2484=DIRECTION('',(0.,0.,1.));
#2485=DIRECTION('',(0.,0.,1.));
#2486=DIRECTION('',(-1.,0.,0.));
#2487=DIRECTION('',(1.,0.,0.));
#2488=DIRECTION('',(0.,0.,-1.));
#2489=DIRECTION('',(-1.,0.,0.));
#2490=DIRECTION('',(-1.,0.,0.));
#2491=DIRECTION('',(0.,0.,-1.));
#2492=DIRECTION('',(-1.,0.,0.));
#2493=DIRECTION('',(0.,-1.,0.));
#2494=DIRECTION('',(1.,0.,0.));
#2495=DIRECTION('',(0.,-1.,0.));
#2496=DIRECTION('',(0.,0.,1.));
#2497=DIRECTION('',(0.,0.,-1.));
#2498=DIRECTION('',(0.,1.,0.));
#2499=DIRECTION('',(0.,1.,0.));
#2500=DIRECTION('',(1.,0.,0.));
#2501=DIRECTION('',(1.,0.,0.));
#2502=DIRECTION('',(0.,0.,-1.));
#2503=DIRECTION('',(0.,0.,-1.));
#2504=DIRECTION('',(0.,0.,-1.));
#2505=DIRECTION('',(0.,1.,0.));
#2506=DIRECTION('',(0.,0.,-1.));
#2507=DIRECTION('',(-1.,0.,0.));
#2508=DIRECTION('',(0.,0.,-1.));
#2509=DIRECTION('',(1.,0.,0.));
#2510=DIRECTION('',(0.,0.,-1.));
#2511=DIRECTION('',(-1.,0.,0.));
#2512=DIRECTION('',(-1.,0.,0.));
#2513=DIRECTION('',(0.,1.,0.));
#2514=DIRECTION('',(0.,1.,0.));
#2515=DIRECTION('',(0.,0.,-1.));
#2516=DIRECTION('',(0.,-1.,0.));
#2517=DIRECTION('',(0.,0.,1.));
#2518=DIRECTION('',(0.,0.,1.));
#2519=DIRECTION('',(-1.,0.,0.));
#2520=DIRECTION('',(1.,0.,0.));
#2521=DIRECTION('',(0.,0.,-1.));
#2522=DIRECTION('',(-1.,0.,0.));
#2523=DIRECTION('',(1.,0.,0.));
#2524=DIRECTION('',(0.,0.,-1.));
#2525=DIRECTION('',(-1.,0.,0.));
#2526=DIRECTION('',(0.,-1.,0.));
#2527=DIRECTION('',(1.,0.,0.));
#2528=DIRECTION('',(0.,-1.,0.));
#2529=DIRECTION('',(0.,0.,1.));
#2530=DIRECTION('',(0.,0.,-1.));
#2531=DIRECTION('',(0.,1.,0.));
#2532=DIRECTION('',(0.,1.,0.));
#2533=DIRECTION('',(1.,0.,0.));
#2534=DIRECTION('',(1.,0.,0.));
#2535=DIRECTION('',(0.,0.,-1.));
#2536=DIRECTION('',(0.,0.,-1.));
#2537=DIRECTION('',(0.,0.,-1.));
#2538=DIRECTION('',(0.,1.,0.));
#2539=DIRECTION('',(0.,0.,-1.));
#2540=DIRECTION('',(-1.,0.,0.));
#2541=DIRECTION('',(0.,0.,-1.));
#2542=DIRECTION('',(1.,0.,0.));
#2543=DIRECTION('',(0.,0.,-1.));
#2544=DIRECTION('',(-1.,0.,0.));
#2545=DIRECTION('',(0.,0.,-1.));
#2546=DIRECTION('',(0.,-1.,0.));
#2547=DIRECTION('',(0.,0.,-1.));
#2548=DIRECTION('',(-1.,0.,0.));
#2549=DIRECTION('',(0.,0.,-1.));
#2550=DIRECTION('',(0.,0.,-1.));
#2551=DIRECTION('',(-1.,0.,0.));
#2552=DIRECTION('',(0.,0.,-1.));
#2553=DIRECTION('',(1.,0.,0.));
#2554=DIRECTION('',(0.,-1.,0.));
#2555=DIRECTION('',(0.,1.,0.));
#2556=DIRECTION('',(0.,-1.,0.));
#2557=DIRECTION('',(0.,0.,1.));
#2558=DIRECTION('',(0.,0.,1.));
#2559=DIRECTION('',(-1.,0.,0.));
#2560=DIRECTION('',(-1.,0.,0.));
#2561=DIRECTION('',(-1.,0.,0.));
#2562=DIRECTION('',(0.,0.,-1.));
#2563=DIRECTION('',(-1.,0.,0.));
#2564=DIRECTION('',(0.,1.,0.));
#2565=DIRECTION('',(0.,-1.,0.));
#2566=DIRECTION('',(-1.,0.,0.));
#2567=DIRECTION('',(1.,0.,0.));
#2568=DIRECTION('',(0.,0.,-1.));
#2569=DIRECTION('',(-1.,0.,0.));
#2570=DIRECTION('',(0.,1.,0.));
#2571=DIRECTION('',(0.,1.,0.));
#2572=DIRECTION('',(0.,0.,1.));
#2573=DIRECTION('',(0.,0.,-1.));
#2574=DIRECTION('',(0.,0.,-1.));
#2575=DIRECTION('',(-1.,0.,0.));
#2576=DIRECTION('',(0.,0.,-1.));
#2577=DIRECTION('',(-1.,0.,0.));
#2578=DIRECTION('',(0.,0.,-1.));
#2579=DIRECTION('',(0.,-1.,0.));
#2580=DIRECTION('',(0.,0.,-1.));
#2581=DIRECTION('',(-1.,0.,0.));
#2582=DIRECTION('',(0.,0.,-1.));
#2583=DIRECTION('',(0.,0.,-1.));
#2584=DIRECTION('',(-1.,0.,0.));
#2585=DIRECTION('',(0.,0.,-1.));
#2586=DIRECTION('',(1.,0.,0.));
#2587=DIRECTION('',(0.,-1.,0.));
#2588=DIRECTION('',(0.,1.,0.));
#2589=DIRECTION('',(0.,-1.,0.));
#2590=DIRECTION('',(0.,0.,1.));
#2591=DIRECTION('',(0.,0.,1.));
#2592=DIRECTION('',(-1.,0.,0.));
#2593=DIRECTION('',(-1.,0.,0.));
#2594=DIRECTION('',(-1.,0.,0.));
#2595=DIRECTION('',(0.,0.,-1.));
#2596=DIRECTION('',(-1.,0.,0.));
#2597=DIRECTION('',(0.,1.,0.));
#2598=DIRECTION('',(0.,-1.,0.));
#2599=DIRECTION('',(-1.,0.,0.));
#2600=DIRECTION('',(1.,0.,0.));
#2601=DIRECTION('',(0.,0.,-1.));
#2602=DIRECTION('',(-1.,0.,0.));
#2603=DIRECTION('',(0.,1.,0.));
#2604=DIRECTION('',(0.,1.,0.));
#2605=DIRECTION('',(0.,0.,1.));
#2606=DIRECTION('',(0.,0.,-1.));
#2607=DIRECTION('',(0.,0.,-1.));
#2608=DIRECTION('',(-1.,0.,0.));
#2609=DIRECTION('',(0.,0.,-1.));
#2610=DIRECTION('',(-1.,0.,0.));
#2611=DIRECTION('',(-1.,0.,0.));
#2612=DIRECTION('',(0.,1.,0.));
#2613=DIRECTION('',(0.,1.,0.));
#2614=DIRECTION('',(0.,0.,-1.));
#2615=DIRECTION('',(0.,-1.,0.));
#2616=DIRECTION('',(0.,0.,1.));
#2617=DIRECTION('',(0.,0.,1.));
#2618=DIRECTION('',(-1.,0.,0.));
#2619=DIRECTION('',(1.,0.,0.));
#2620=DIRECTION('',(0.,0.,-1.));
#2621=DIRECTION('',(-1.,0.,0.));
#2622=DIRECTION('',(-1.,0.,0.));
#2623=DIRECTION('',(0.,0.,-1.));
#2624=DIRECTION('',(-1.,0.,0.));
#2625=DIRECTION('',(0.,-1.,0.));
#2626=DIRECTION('',(1.,0.,0.));
#2627=DIRECTION('',(0.,-1.,0.));
#2628=DIRECTION('',(0.,0.,1.));
#2629=DIRECTION('',(0.,0.,-1.));
#2630=DIRECTION('',(0.,1.,0.));
#2631=DIRECTION('',(0.,1.,0.));
#2632=DIRECTION('',(1.,0.,0.));
#2633=DIRECTION('',(1.,0.,0.));
#2634=DIRECTION('',(0.,0.,-1.));
#2635=DIRECTION('',(0.,0.,-1.));
#2636=DIRECTION('',(0.,0.,-1.));
#2637=DIRECTION('',(0.,1.,0.));
#2638=DIRECTION('',(0.,0.,-1.));
#2639=DIRECTION('',(-1.,0.,0.));
#2640=DIRECTION('',(0.,0.,-1.));
#2641=DIRECTION('',(1.,0.,0.));
#2642=DIRECTION('',(0.,0.,-1.));
#2643=DIRECTION('',(-1.,0.,0.));
#2644=DIRECTION('',(-1.,0.,0.));
#2645=DIRECTION('',(0.,1.,0.));
#2646=DIRECTION('',(0.,1.,0.));
#2647=DIRECTION('',(0.,0.,-1.));
#2648=DIRECTION('',(0.,-1.,0.));
#2649=DIRECTION('',(0.,0.,1.));
#2650=DIRECTION('',(0.,0.,1.));
#2651=DIRECTION('',(-1.,0.,0.));
#2652=DIRECTION('',(1.,0.,0.));
#2653=DIRECTION('',(0.,0.,-1.));
#2654=DIRECTION('',(-1.,0.,0.));
#2655=DIRECTION('',(-1.,0.,0.));
#2656=DIRECTION('',(0.,0.,-1.));
#2657=DIRECTION('',(-1.,0.,0.));
#2658=DIRECTION('',(0.,-1.,0.));
#2659=DIRECTION('',(1.,0.,0.));
#2660=DIRECTION('',(0.,-1.,0.));
#2661=DIRECTION('',(0.,0.,1.));
#2662=DIRECTION('',(0.,0.,-1.));
#2663=DIRECTION('',(0.,1.,0.));
#2664=DIRECTION('',(0.,1.,0.));
#2665=DIRECTION('',(1.,0.,0.));
#2666=DIRECTION('',(1.,0.,0.));
#2667=DIRECTION('',(0.,0.,-1.));
#2668=DIRECTION('',(0.,0.,-1.));
#2669=DIRECTION('',(0.,0.,-1.));
#2670=DIRECTION('',(0.,1.,0.));
#2671=DIRECTION('',(0.,0.,-1.));
#2672=DIRECTION('',(-1.,0.,0.));
#2673=DIRECTION('',(0.,0.,-1.));
#2674=DIRECTION('',(1.,0.,0.));
#2675=DIRECTION('',(0.,0.,-1.));
#2676=DIRECTION('',(-1.,0.,0.));
#2677=DIRECTION('',(0.,0.,-1.));
#2678=DIRECTION('',(0.,-1.,0.));
#2679=DIRECTION('',(0.,0.,-1.));
#2680=DIRECTION('',(-1.,0.,0.));
#2681=DIRECTION('',(0.,0.,-1.));
#2682=DIRECTION('',(0.,0.,-1.));
#2683=DIRECTION('',(-1.,0.,0.));
#2684=DIRECTION('',(0.,0.,-1.));
#2685=DIRECTION('',(1.,4.90029472938E-15,0.));
#2686=DIRECTION('',(4.90029472938E-15,-1.,0.));
#2687=DIRECTION('',(0.,1.,0.));
#2688=DIRECTION('',(0.,-1.,0.));
#2689=DIRECTION('',(0.,0.,1.));
#2690=DIRECTION('',(0.,0.,1.));
#2691=DIRECTION('',(-1.,0.,0.));
#2692=DIRECTION('',(-1.,0.,0.));
#2693=DIRECTION('',(-1.,0.,0.));
#2694=DIRECTION('',(0.,0.,-1.));
#2695=DIRECTION('',(-1.,0.,0.));
#2696=DIRECTION('',(0.,1.,0.));
#2697=DIRECTION('',(3.55698205726926E-14,-1.,0.));
#2698=DIRECTION('',(-1.,-3.55698205726926E-14,0.));
#2699=DIRECTION('',(1.,0.,0.));
#2700=DIRECTION('',(0.,0.,-1.));
#2701=DIRECTION('',(-1.,0.,0.));
#2702=DIRECTION('',(0.,1.,0.));
#2703=DIRECTION('',(0.,1.,0.));
#2704=DIRECTION('',(0.,0.,1.));
#2705=DIRECTION('',(0.,0.,-1.));
#2706=DIRECTION('',(0.,0.,-1.));
#2707=DIRECTION('',(-1.,0.,0.));
#2708=DIRECTION('',(0.,0.,-1.));
#2709=DIRECTION('',(-1.,0.,0.));
#2710=DIRECTION('',(0.,0.,-1.));
#2711=DIRECTION('',(0.,-1.,0.));
#2712=DIRECTION('',(0.,0.,-1.));
#2713=DIRECTION('',(-1.,0.,0.));
#2714=DIRECTION('',(0.,0.,-1.));
#2715=DIRECTION('',(0.,0.,-1.));
#2716=DIRECTION('',(-1.,0.,0.));
#2717=DIRECTION('',(0.,0.,-1.));
#2718=DIRECTION('',(1.,0.,0.));
#2719=DIRECTION('',(0.,-1.,0.));
#2720=DIRECTION('',(0.,1.,0.));
#2721=DIRECTION('',(0.,-1.,0.));
#2722=DIRECTION('',(0.,0.,1.));
#2723=DIRECTION('',(0.,0.,1.));
#2724=DIRECTION('',(-1.,0.,0.));
#2725=DIRECTION('',(-1.,0.,0.));
#2726=DIRECTION('',(-1.,0.,0.));
#2727=DIRECTION('',(0.,0.,-1.));
#2728=DIRECTION('',(-1.,0.,0.));
#2729=DIRECTION('',(0.,1.,0.));
#2730=DIRECTION('',(0.,-1.,0.));
#2731=DIRECTION('',(-1.,0.,0.));
#2732=DIRECTION('',(1.,0.,0.));
#2733=DIRECTION('',(0.,0.,-1.));
#2734=DIRECTION('',(-1.,0.,0.));
#2735=DIRECTION('',(0.,1.,0.));
#2736=DIRECTION('',(0.,1.,0.));
#2737=DIRECTION('',(0.,0.,1.));
#2738=DIRECTION('',(0.,0.,-1.));
#2739=DIRECTION('',(0.,0.,-1.));
#2740=DIRECTION('',(-1.,0.,0.));
#2741=DIRECTION('',(0.,0.,-1.));
#2742=DIRECTION('',(-1.,0.,0.));
#2743=DIRECTION('',(0.,-1.,0.));
#2744=DIRECTION('',(1.,0.,0.));
#2745=DIRECTION('',(1.,0.,0.));
#2746=DIRECTION('',(1.,0.,0.));
#2747=DIRECTION('',(0.,0.,1.));
#2748=DIRECTION('',(1.,0.,0.));
#2749=DIRECTION('',(0.,0.,-1.));
#2750=DIRECTION('',(1.,0.,0.));
#2751=DIRECTION('',(1.,0.,0.));
#2752=DIRECTION('',(1.,0.,0.));
#2753=DIRECTION('',(1.,0.,0.));
#2754=DIRECTION('',(0.,1.,0.));
#2755=DIRECTION('',(-1.,0.,0.));
#2756=DIRECTION('',(1.,0.,0.));
#2757=DIRECTION('',(1.,0.,0.));
#2758=DIRECTION('',(1.,0.,0.));
#2759=DIRECTION('',(0.,0.,-1.));
#2760=DIRECTION('',(1.,0.,0.));
#2761=DIRECTION('',(0.,0.,1.));
#2762=DIRECTION('',(1.,0.,0.));
#2763=DIRECTION('',(1.,0.,0.));
#2764=DIRECTION('',(1.,0.,0.));
#2765=DIRECTION('',(-0.707106781186517,0.,0.707106781186578));
#2766=DIRECTION('',(0.707106781186578,0.,0.707106781186517));
#2767=DIRECTION('',(0.707106781186578,0.,0.707106781186517));
#2768=DIRECTION('',(0.,1.,0.));
#2769=DIRECTION('',(0.707106781186578,0.,0.707106781186517));
#2770=DIRECTION('',(0.,1.,0.));
#2771=DIRECTION('',(0.,0.,1.));
#2772=DIRECTION('',(0.707106781186548,-0.707106781186548,0.));
#2773=DIRECTION('',(0.,0.,1.));
#2774=DIRECTION('',(1.,0.,0.));
#2775=DIRECTION('',(1.18541980630626E-14,-0.707106781186556,0.70710678118654));
#2776=DIRECTION('',(0.,0.,1.));
#2777=DIRECTION('',(1.,0.,0.));
#2778=DIRECTION('',(0.,0.707106781186542,0.707106781186553));
#2779=DIRECTION('',(1.,0.,0.));
#2780=DIRECTION('',(0.,0.707106781186553,-0.707106781186542));
#2781=DIRECTION('',(1.,0.,0.));
#2782=DIRECTION('',(0.,0.,1.));
#2783=DIRECTION('',(-0.707106781186538,-0.707106781186557,0.));
#2784=DIRECTION('',(0.,0.,1.));
#2785=DIRECTION('',(1.,0.,0.));
#2786=DIRECTION('',(-0.707106781186547,-1.25607396694702E-15,0.707106781186548));
#2787=DIRECTION('',(0.,0.,1.));
#2788=DIRECTION('',(1.,0.,0.));
#2789=DIRECTION('',(0.707106781186712,0.,0.707106781186383));
#2790=DIRECTION('',(0.707106781186383,0.,-0.707106781186712));
#2791=DIRECTION('',(0.707106781186383,0.,-0.707106781186712));
#2792=DIRECTION('',(0.,1.,0.));
#2793=DIRECTION('',(0.,1.,0.));
#2794=DIRECTION('',(0.,0.,1.));
#2795=DIRECTION('',(-0.707106781186544,0.707106781186551,0.));
#2796=DIRECTION('',(0.,0.,1.));
#2797=DIRECTION('',(1.,0.,0.));
#2798=DIRECTION('',(-3.17943722883466E-15,0.707106781186551,0.707106781186544));
#2799=DIRECTION('',(0.,0.,1.));
#2800=DIRECTION('',(1.,0.,0.));
#2801=DIRECTION('',(0.,-0.707106781186542,0.707106781186553));
#2802=DIRECTION('',(1.,0.,0.));
#2803=DIRECTION('',(0.,0.707106781186553,0.707106781186542));
#2804=DIRECTION('',(1.,0.,0.));
#2805=DIRECTION('',(0.,0.,1.));
#2806=DIRECTION('',(0.707106781186554,0.707106781186541,0.));
#2807=DIRECTION('',(0.,0.,1.));
#2808=DIRECTION('',(1.,0.,0.));
#2809=DIRECTION('',(0.,0.,1.));
#2810=DIRECTION('',(1.,0.,0.));
#2811=DIRECTION('',(0.,0.,-1.));
#2812=DIRECTION('',(-0.707106781186538,-0.707106781186557,0.));
#2813=DIRECTION('',(0.,0.,-1.));
#2814=DIRECTION('',(-1.,0.,0.));
#2815=DIRECTION('',(0.,0.,-1.));
#2816=DIRECTION('',(0.,0.,1.));
#2817=DIRECTION('',(0.707106781186548,-0.707106781186548,0.));
#2818=DIRECTION('',(0.,0.,1.));
#2819=DIRECTION('',(0.,0.,1.));
#2820=DIRECTION('',(1.,0.,0.));
#2821=DIRECTION('',(-1.,0.,0.));
#2822=DIRECTION('',(0.,-1.,0.));
#2823=DIRECTION('',(0.,0.,1.));
#2824=DIRECTION('',(0.,1.,0.));
#2825=DIRECTION('',(0.,0.,1.));
#2826=DIRECTION('',(1.,0.,0.));
#2827=DIRECTION('',(0.,1.,0.));
#2828=DIRECTION('',(0.,0.,-1.));
#2829=DIRECTION('',(-1.,0.,0.));
#2830=DIRECTION('',(1.,0.,0.));
#2831=DIRECTION('',(0.,0.,-1.));
#2832=DIRECTION('',(-1.,0.,0.));
#2833=DIRECTION('',(0.,1.,0.));
#2834=DIRECTION('',(0.,0.,-1.));
#2835=DIRECTION('',(-1.,0.,0.));
#2836=DIRECTION('',(1.,0.,0.));
#2837=DIRECTION('',(0.,0.,-1.));
#2838=DIRECTION('',(-1.,0.,0.));
#2839=DIRECTION('',(0.,0.,1.));
#2840=DIRECTION('',(0.707106781186554,0.707106781186541,0.));
#2841=DIRECTION('',(0.,0.,1.));
#2842=DIRECTION('',(1.,0.,0.));
#2843=DIRECTION('',(0.,0.,-1.));
#2844=DIRECTION('',(-0.707106781186544,0.707106781186551,0.));
#2845=DIRECTION('',(0.,0.,-1.));
#2846=DIRECTION('',(0.,0.,-1.));
#2847=DIRECTION('',(-1.,0.,0.));
#2848=DIRECTION('',(1.,0.,0.));
#2849=DIRECTION('',(0.,1.,0.));
#2850=DIRECTION('',(0.,1.,0.));
#2851=DIRECTION('',(0.,0.,1.));
#2852=DIRECTION('',(1.,0.,0.));
#2853=DIRECTION('',(0.,0.,-1.));
#2854=DIRECTION('',(-1.,0.,0.));
#2855=DIRECTION('',(1.,0.,0.));
#2856=DIRECTION('',(0.,0.,-1.));
#2857=DIRECTION('',(-1.,0.,0.));
#2858=DIRECTION('',(0.,1.,0.));
#2859=DIRECTION('',(0.,0.,-1.));
#2860=DIRECTION('',(-1.,0.,0.));
#2861=DIRECTION('',(1.,0.,0.));
#2862=DIRECTION('',(0.,0.,-1.));
#2863=DIRECTION('',(-1.,0.,0.));
#2864=DIRECTION('',(0.,1.,0.));
#2865=DIRECTION('',(0.,0.,1.));
#2866=DIRECTION('',(1.,0.,0.));
#2867=DIRECTION('',(0.,0.,1.));
#2868=DIRECTION('',(1.,0.,0.));
#2869=DIRECTION('',(0.,0.,1.));
#2870=DIRECTION('',(1.,0.,0.));
#2871=DIRECTION('',(0.,0.,1.));
#2872=DIRECTION('',(1.,0.,0.));
#2873=DIRECTION('',(0.707106781186517,0.,0.707106781186578));
#2874=DIRECTION('',(0.707106781186578,0.,-0.707106781186517));
#2875=DIRECTION('',(0.707106781186578,0.,-0.707106781186517));
#2876=DIRECTION('',(0.,1.,0.));
#2877=DIRECTION('',(0.707106781186578,0.,-0.707106781186517));
#2878=DIRECTION('',(0.,0.,-1.));
#2879=DIRECTION('',(0.707106781186548,-0.707106781186548,0.));
#2880=DIRECTION('',(-3.72896958937401E-15,-0.707106781186556,-0.70710678118654));
#2881=DIRECTION('',(0.,0.,-1.));
#2882=DIRECTION('',(-1.,0.,0.));
#2883=DIRECTION('',(0.,-0.707106781186542,0.707106781186553));
#2884=DIRECTION('',(1.,0.,0.));
#2885=DIRECTION('',(0.,0.707106781186553,0.707106781186542));
#2886=DIRECTION('',(1.,0.,0.));
#2887=DIRECTION('',(0.,0.,-1.));
#2888=DIRECTION('',(-0.707106781186548,-0.707106781186548,0.));
#2889=DIRECTION('',(-0.707106781186547,5.88784672006415E-16,-0.707106781186548));
#2890=DIRECTION('',(0.,0.,-1.));
#2891=DIRECTION('',(-1.,0.,0.));
#2892=DIRECTION('',(-0.707106781186536,0.,0.707106781186559));
#2893=DIRECTION('',(0.707106781186559,0.,0.707106781186536));
#2894=DIRECTION('',(0.707106781186559,0.,0.707106781186536));
#2895=DIRECTION('',(0.,1.,0.));
#2896=DIRECTION('',(0.,0.,-1.));
#2897=DIRECTION('',(-0.707106781186549,0.707106781186546,0.));
#2898=DIRECTION('',(9.81307786677359E-16,0.707106781186547,-0.707106781186548));
#2899=DIRECTION('',(0.,0.,-1.));
#2900=DIRECTION('',(-1.,0.,0.));
#2901=DIRECTION('',(0.,0.707106781186549,0.707106781186546));
#2902=DIRECTION('',(1.,0.,0.));
#2903=DIRECTION('',(0.,0.707106781186546,-0.707106781186549));
#2904=DIRECTION('',(1.,0.,0.));
#2905=DIRECTION('',(0.,0.,-1.));
#2906=DIRECTION('',(0.707106781186548,0.707106781186548,0.));
#2907=DIRECTION('',(0.,0.,-1.));
#2908=DIRECTION('',(-1.,0.,0.));
#2909=DIRECTION('',(0.,0.,-1.));
#2910=DIRECTION('',(-0.707106781186549,0.707106781186546,0.));
#2911=DIRECTION('',(0.,0.,-1.));
#2912=DIRECTION('',(0.,0.,-1.));
#2913=DIRECTION('',(0.,1.,0.));
#2914=DIRECTION('',(-1.,0.,0.));
#2915=DIRECTION('',(0.,0.,-1.));
#2916=DIRECTION('',(0.,0.,-1.));
#2917=DIRECTION('',(0.707106781186548,0.707106781186548,0.));
#2918=DIRECTION('',(0.,0.,-1.));
#2919=DIRECTION('',(1.,0.,0.));
#2920=DIRECTION('',(0.,1.,0.));
#2921=DIRECTION('',(0.,0.,-1.));
#2922=DIRECTION('',(-1.,0.,0.));
#2923=DIRECTION('',(0.,-1.,0.));
#2924=DIRECTION('',(0.,0.,-1.));
#2925=DIRECTION('',(0.,0.,-1.));
#2926=DIRECTION('',(-0.707106781186548,-0.707106781186548,0.));
#2927=DIRECTION('',(0.,0.,-1.));
#2928=DIRECTION('',(0.,0.,-1.));
#2929=DIRECTION('',(0.707106781186548,-0.707106781186548,0.));
#2930=DIRECTION('',(0.,0.,-1.));
#2931=DIRECTION('',(0.,0.,1.));
#2932=DIRECTION('',(-1.,0.,0.));
#2933=DIRECTION('',(0.,0.,1.));
#2934=DIRECTION('',(1.,0.,0.));
#2935=DIRECTION('',(0.,0.,1.));
#2936=DIRECTION('',(-1.,0.,0.));
#2937=DIRECTION('',(0.,0.,1.));
#2938=DIRECTION('',(-1.,0.,0.));
#2939=DIRECTION('',(0.,0.,1.));
#2940=DIRECTION('',(1.,0.,0.));
#2941=DIRECTION('',(0.,0.,1.));
#2942=DIRECTION('',(-1.,0.,0.));
#2943=DIRECTION('',(0.,0.,1.));
#2944=DIRECTION('',(-1.,0.,0.));
#2945=DIRECTION('',(0.,0.,1.));
#2946=DIRECTION('',(1.,0.,0.));
#2947=DIRECTION('',(0.,0.,1.));
#2948=DIRECTION('',(-1.,0.,0.));
#2949=DIRECTION('',(0.,0.,1.));
#2950=DIRECTION('',(-1.,0.,0.));
#2951=DIRECTION('',(0.,0.,1.));
#2952=DIRECTION('',(1.,0.,0.));
#2953=DIRECTION('',(0.,0.,1.));
#2954=DIRECTION('',(-1.,0.,0.));
#2955=DIRECTION('',(0.,-1.,0.));
#2956=DIRECTION('',(1.,0.,0.));
#2957=CARTESIAN_POINT('',(0.,0.,0.));
#2958=CARTESIAN_POINT('',(0.4786017,-0.2469982,0.0035));
#2959=CARTESIAN_POINT('',(0.4786017,-0.2469982,0.0055));
#2960=CARTESIAN_POINT('',(0.4804517,-0.2469982,0.0055));
#2961=CARTESIAN_POINT('',(0.4786017,-0.2469982,0.0015));
#2962=CARTESIAN_POINT('',(0.4804517,-0.2469982,0.0015));
#2963=CARTESIAN_POINT('',(0.4786017,-0.2469982,0.0055));
#2964=CARTESIAN_POINT('',(0.3928821,-0.2469982,0.0035));
#2965=CARTESIAN_POINT('',(0.3928821,-0.2469982,0.0055));
#2966=CARTESIAN_POINT('',(0.3947321,-0.2469982,0.0055));
#2967=CARTESIAN_POINT('',(0.3928821,-0.2469982,0.0015));
#2968=CARTESIAN_POINT('',(0.3947321,-0.2469982,0.0015));
#2969=CARTESIAN_POINT('',(0.3928821,-0.2469982,0.0055));
#2970=CARTESIAN_POINT('',(0.3071625,-0.2469982,0.0035));
#2971=CARTESIAN_POINT('',(0.3071625,-0.2469982,0.0055));
#2972=CARTESIAN_POINT('',(0.3090125,-0.2469982,0.0055));
#2973=CARTESIAN_POINT('',(0.3071625,-0.2469982,0.0015));
#2974=CARTESIAN_POINT('',(0.3090125,-0.2469982,0.0015));
#2975=CARTESIAN_POINT('',(0.3071625,-0.2469982,0.0055));
#2976=CARTESIAN_POINT('',(0.2214429,-0.2469982,0.0035));
#2977=CARTESIAN_POINT('',(0.2214429,-0.2469982,0.0055));
#2978=CARTESIAN_POINT('',(0.2232929,-0.2469982,0.0055));
#2979=CARTESIAN_POINT('',(0.2214429,-0.2469982,0.0015));
#2980=CARTESIAN_POINT('',(0.2232929,-0.2469982,0.0015));
#2981=CARTESIAN_POINT('',(0.2214429,-0.2469982,0.0055));
#2982=CARTESIAN_POINT('',(0.1357233,-0.2469982,0.0035));
#2983=CARTESIAN_POINT('',(0.1357233,-0.2469982,0.0055));
#2984=CARTESIAN_POINT('',(0.1375733,-0.2469982,0.0055));
#2985=CARTESIAN_POINT('',(0.1357233,-0.2469982,0.0015));
#2986=CARTESIAN_POINT('',(0.1375733,-0.2469982,0.0015));
#2987=CARTESIAN_POINT('',(0.1357233,-0.2469982,0.0055));
#2988=CARTESIAN_POINT('',(0.1357233,-0.106992,0.0035));
#2989=CARTESIAN_POINT('',(0.1357233,-0.106992,0.0055));
#2990=CARTESIAN_POINT('',(0.1375733,-0.106992,0.0055));
#2991=CARTESIAN_POINT('',(0.1357233,-0.106992,0.0015));
#2992=CARTESIAN_POINT('',(0.1375733,-0.106992,0.0015));
#2993=CARTESIAN_POINT('',(0.1357233,-0.106992,0.0055));
#2994=CARTESIAN_POINT('',(0.2214429,-0.106992,0.0035));
#2995=CARTESIAN_POINT('',(0.2214429,-0.106992,0.0055));
#2996=CARTESIAN_POINT('',(0.2232929,-0.106992,0.0055));
#2997=CARTESIAN_POINT('',(0.2214429,-0.106992,0.0015));
#2998=CARTESIAN_POINT('',(0.2232929,-0.106992,0.0015));
#2999=CARTESIAN_POINT('',(0.2214429,-0.106992,0.0055));
#3000=CARTESIAN_POINT('',(0.3071625,-0.106992,0.0035));
#3001=CARTESIAN_POINT('',(0.3071625,-0.106992,0.0055));
#3002=CARTESIAN_POINT('',(0.3090125,-0.106992,0.0055));
#3003=CARTESIAN_POINT('',(0.3071625,-0.106992,0.0015));
#3004=CARTESIAN_POINT('',(0.3090125,-0.106992,0.0015));
#3005=CARTESIAN_POINT('',(0.3071625,-0.106992,0.0055));
#3006=CARTESIAN_POINT('',(0.3928821,-0.106992,0.0035));
#3007=CARTESIAN_POINT('',(0.3928821,-0.106992,0.0055));
#3008=CARTESIAN_POINT('',(0.3947321,-0.106992,0.0055));
#3009=CARTESIAN_POINT('',(0.3928821,-0.106992,0.0015));
#3010=CARTESIAN_POINT('',(0.3947321,-0.106992,0.0015));
#3011=CARTESIAN_POINT('',(0.3928821,-0.106992,0.0055));
#3012=CARTESIAN_POINT('',(0.4786017,-0.106992,0.0035));
#3013=CARTESIAN_POINT('',(0.4786017,-0.106992,0.0055));
#3014=CARTESIAN_POINT('',(0.4804517,-0.106992,0.0055));
#3015=CARTESIAN_POINT('',(0.4786017,-0.106992,0.0015));
#3016=CARTESIAN_POINT('',(0.4804517,-0.106992,0.0015));
#3017=CARTESIAN_POINT('',(0.4786017,-0.106992,0.0055));
#3018=CARTESIAN_POINT('',(0.3076613,-0.2474982,0.0015));
#3019=CARTESIAN_POINT('',(0.3076613,-0.2474982,0.));
#3020=CARTESIAN_POINT('',(0.3076613,-0.2499982,0.));
#3021=CARTESIAN_POINT('',(0.3101613,-0.2474982,0.));
#3022=CARTESIAN_POINT('',(0.3076613,-0.2499982,0.0015));
#3023=CARTESIAN_POINT('',(0.3076613,-0.2499982,0.0015));
#3024=CARTESIAN_POINT('',(0.3076613,-0.2474982,0.0015));
#3025=CARTESIAN_POINT('',(0.3101613,-0.2474982,0.0015));
#3026=CARTESIAN_POINT('',(0.3101613,-0.2474982,0.0015));
#3027=CARTESIAN_POINT('',(0.3101613,-0.2436409,0.0015));
#3028=CARTESIAN_POINT('',(0.3101613,-0.1769951,0.));
#3029=CARTESIAN_POINT('',(0.3101613,-0.2441909,0.));
#3030=CARTESIAN_POINT('',(0.3101613,-0.24681955,0.0015));
#3031=CARTESIAN_POINT('',(0.3101613,-0.2441909,0.0015));
#3032=CARTESIAN_POINT('',(0.3101613,-0.2441909,0.));
#3033=CARTESIAN_POINT('',(0.3071619,-0.24681955,0.0015));
#3034=CARTESIAN_POINT('',(0.51291809273402,-0.2441909,0.0015));
#3035=CARTESIAN_POINT('',(0.3041625,-0.2441909,0.0015));
#3036=CARTESIAN_POINT('',(0.3076613,-0.2499982,0.0015));
#3037=CARTESIAN_POINT('',(0.3066625,-0.2499982,0.0015));
#3038=CARTESIAN_POINT('',(0.3066625,-0.2474982,0.0015));
#3039=CARTESIAN_POINT('',(0.3041625,-0.2474982,0.0015));
#3040=CARTESIAN_POINT('',(0.3041625,-0.2474982,0.0015));
#3041=CARTESIAN_POINT('',(0.3066625,-0.2474982,0.0015));
#3042=CARTESIAN_POINT('',(0.3066625,-0.2474982,0.));
#3043=CARTESIAN_POINT('',(0.3041625,-0.2474982,0.));
#3044=CARTESIAN_POINT('',(0.3066625,-0.2499982,0.));
#3045=CARTESIAN_POINT('',(0.3041625,-0.2474982,0.0015));
#3046=CARTESIAN_POINT('',(0.3066625,-0.2499982,0.0015));
#3047=CARTESIAN_POINT('',(0.3076613,-0.2499982,0.0015));
#3048=CARTESIAN_POINT('',(0.2944627,-0.2499982,0.));
#3049=CARTESIAN_POINT('',(0.3041625,-0.2474982,0.0015));
#3050=CARTESIAN_POINT('',(0.3041625,-0.1769951,0.));
#3051=CARTESIAN_POINT('',(0.3041625,-0.2441909,0.));
#3052=CARTESIAN_POINT('',(0.3041625,-0.2441909,0.));
#3053=CARTESIAN_POINT('',(0.3898821,-0.1103493,0.0015));
#3054=CARTESIAN_POINT('',(0.3898821,-0.1769951,0.));
#3055=CARTESIAN_POINT('',(0.3898821,-0.106492,0.));
#3056=CARTESIAN_POINT('',(0.3898821,-0.1097993,0.));
#3057=CARTESIAN_POINT('',(0.3898821,-0.106492,0.0015));
#3058=CARTESIAN_POINT('',(0.3898821,-0.106492,0.0015));
#3059=CARTESIAN_POINT('',(0.3898821,-0.10717065,0.0015));
#3060=CARTESIAN_POINT('',(0.3898821,-0.1097993,0.0015));
#3061=CARTESIAN_POINT('',(0.3898821,-0.1097993,0.));
#3062=CARTESIAN_POINT('',(0.3928815,-0.10717065,0.0015));
#3063=CARTESIAN_POINT('',(0.07600730726598,-0.1097993,0.0015));
#3064=CARTESIAN_POINT('',(0.3958809,-0.1097993,0.0015));
#3065=CARTESIAN_POINT('',(0.3923821,-0.106492,0.0015));
#3066=CARTESIAN_POINT('',(0.3923821,-0.103992,0.0015));
#3067=CARTESIAN_POINT('',(0.3923821,-0.103992,0.0015));
#3068=CARTESIAN_POINT('',(0.3933809,-0.103992,0.0015));
#3069=CARTESIAN_POINT('',(0.3933809,-0.106492,0.0015));
#3070=CARTESIAN_POINT('',(0.3958809,-0.106492,0.0015));
#3071=CARTESIAN_POINT('',(0.3958809,-0.106492,0.0015));
#3072=CARTESIAN_POINT('',(0.3958809,-0.106492,0.0015));
#3073=CARTESIAN_POINT('',(0.3958809,-0.1097993,0.));
#3074=CARTESIAN_POINT('',(0.3958809,-0.1097993,0.));
#3075=CARTESIAN_POINT('',(0.3958809,-0.106492,0.0015));
#3076=CARTESIAN_POINT('',(0.3958809,-0.106492,0.));
#3077=CARTESIAN_POINT('',(0.3958809,-0.1769951,0.));
#3078=CARTESIAN_POINT('',(0.3923821,-0.103992,0.0015));
#3079=CARTESIAN_POINT('',(0.2944627,-0.103992,0.));
#3080=CARTESIAN_POINT('',(0.3933809,-0.103992,0.));
#3081=CARTESIAN_POINT('',(0.3923821,-0.103992,0.));
#3082=CARTESIAN_POINT('',(0.3933809,-0.103992,0.0015));
#3083=CARTESIAN_POINT('',(0.3923821,-0.103992,0.0015));
#3084=CARTESIAN_POINT('',(0.3923821,-0.106492,0.0015));
#3085=CARTESIAN_POINT('',(0.3923821,-0.106492,0.));
#3086=CARTESIAN_POINT('',(0.3933809,-0.106492,0.0015));
#3087=CARTESIAN_POINT('',(0.3933809,-0.106492,0.));
#3088=CARTESIAN_POINT('',(0.1327233,-0.1103493,0.0015));
#3089=CARTESIAN_POINT('',(0.1327233,-0.1769951,0.));
#3090=CARTESIAN_POINT('',(0.1327233,-0.106492,0.));
#3091=CARTESIAN_POINT('',(0.1327233,-0.1097993,0.));
#3092=CARTESIAN_POINT('',(0.1327233,-0.106492,0.0015));
#3093=CARTESIAN_POINT('',(0.1327233,-0.106492,0.0015));
#3094=CARTESIAN_POINT('',(0.1327233,-0.10717065,0.0015));
#3095=CARTESIAN_POINT('',(0.1327233,-0.1097993,0.0015));
#3096=CARTESIAN_POINT('',(0.1327233,-0.1097993,0.));
#3097=CARTESIAN_POINT('',(0.1357227,-0.10717065,0.0015));
#3098=CARTESIAN_POINT('',(0.07600730726598,-0.1097993,0.0015));
#3099=CARTESIAN_POINT('',(0.1387221,-0.1097993,0.0015));
#3100=CARTESIAN_POINT('',(0.1352233,-0.106492,0.0015));
#3101=CARTESIAN_POINT('',(0.1352233,-0.103992,0.0015));
#3102=CARTESIAN_POINT('',(0.1357227,-0.103992,0.0015));
#3103=CARTESIAN_POINT('',(0.1362221,-0.103992,0.0015));
#3104=CARTESIAN_POINT('',(0.1362221,-0.106492,0.0015));
#3105=CARTESIAN_POINT('',(0.1387221,-0.106492,0.0015));
#3106=CARTESIAN_POINT('',(0.1387221,-0.106492,0.0015));
#3107=CARTESIAN_POINT('',(0.1387221,-0.106492,0.0015));
#3108=CARTESIAN_POINT('',(0.1387221,-0.1097993,0.));
#3109=CARTESIAN_POINT('',(0.1387221,-0.1097993,0.));
#3110=CARTESIAN_POINT('',(0.1387221,-0.106492,0.0015));
#3111=CARTESIAN_POINT('',(0.1387221,-0.106492,0.));
#3112=CARTESIAN_POINT('',(0.1387221,-0.1769951,0.));
#3113=CARTESIAN_POINT('',(0.1352233,-0.103992,0.0015));
#3114=CARTESIAN_POINT('',(0.2944627,-0.103992,0.));
#3115=CARTESIAN_POINT('',(0.1362221,-0.103992,0.));
#3116=CARTESIAN_POINT('',(0.1352233,-0.103992,0.));
#3117=CARTESIAN_POINT('',(0.1362221,-0.103992,0.0015));
#3118=CARTESIAN_POINT('',(0.1352233,-0.103992,0.0015));
#3119=CARTESIAN_POINT('',(0.1352233,-0.106492,0.0015));
#3120=CARTESIAN_POINT('',(0.1352233,-0.106492,0.));
#3121=CARTESIAN_POINT('',(0.1362221,-0.106492,0.0015));
#3122=CARTESIAN_POINT('',(0.1362221,-0.106492,0.));
#3123=CARTESIAN_POINT('',(0.4756017,-0.1103493,0.0015));
#3124=CARTESIAN_POINT('',(0.4756017,-0.1769951,0.));
#3125=CARTESIAN_POINT('',(0.4756017,-0.106492,0.));
#3126=CARTESIAN_POINT('',(0.4756017,-0.1097993,0.));
#3127=CARTESIAN_POINT('',(0.4756017,-0.106492,0.0015));
#3128=CARTESIAN_POINT('',(0.4756017,-0.106492,0.0015));
#3129=CARTESIAN_POINT('',(0.4756017,-0.10717065,0.0015));
#3130=CARTESIAN_POINT('',(0.4756017,-0.1097993,0.0015));
#3131=CARTESIAN_POINT('',(0.4756017,-0.1097993,0.));
#3132=CARTESIAN_POINT('',(0.4786011,-0.10717065,0.0015));
#3133=CARTESIAN_POINT('',(0.07600730726598,-0.1097993,0.0015));
#3134=CARTESIAN_POINT('',(0.4816005,-0.1097993,0.0015));
#3135=CARTESIAN_POINT('',(0.4781017,-0.106492,0.0015));
#3136=CARTESIAN_POINT('',(0.4781017,-0.103992,0.0015));
#3137=CARTESIAN_POINT('',(0.4781017,-0.103992,0.0015));
#3138=CARTESIAN_POINT('',(0.4791005,-0.103992,0.0015));
#3139=CARTESIAN_POINT('',(0.4791005,-0.106492,0.0015));
#3140=CARTESIAN_POINT('',(0.4816005,-0.106492,0.0015));
#3141=CARTESIAN_POINT('',(0.4816005,-0.106492,0.0015));
#3142=CARTESIAN_POINT('',(0.4816005,-0.106492,0.0015));
#3143=CARTESIAN_POINT('',(0.4816005,-0.1097993,0.));
#3144=CARTESIAN_POINT('',(0.4816005,-0.1097993,0.));
#3145=CARTESIAN_POINT('',(0.4816005,-0.106492,0.0015));
#3146=CARTESIAN_POINT('',(0.4816005,-0.106492,0.));
#3147=CARTESIAN_POINT('',(0.4816005,-0.1769951,0.));
#3148=CARTESIAN_POINT('',(0.4781017,-0.103992,0.0015));
#3149=CARTESIAN_POINT('',(0.2944627,-0.103992,0.));
#3150=CARTESIAN_POINT('',(0.4791005,-0.103992,0.));
#3151=CARTESIAN_POINT('',(0.4781017,-0.103992,0.));
#3152=CARTESIAN_POINT('',(0.4791005,-0.103992,0.0015));
#3153=CARTESIAN_POINT('',(0.4781017,-0.103992,0.0015));
#3154=CARTESIAN_POINT('',(0.4781017,-0.106492,0.0015));
#3155=CARTESIAN_POINT('',(0.4781017,-0.106492,0.));
#3156=CARTESIAN_POINT('',(0.4791005,-0.106492,0.0015));
#3157=CARTESIAN_POINT('',(0.4791005,-0.106492,0.));
#3158=CARTESIAN_POINT('',(0.2219417,-0.2474982,0.0015));
#3159=CARTESIAN_POINT('',(0.2219417,-0.2474982,0.));
#3160=CARTESIAN_POINT('',(0.2219417,-0.2499982,0.));
#3161=CARTESIAN_POINT('',(0.2244417,-0.2474982,0.));
#3162=CARTESIAN_POINT('',(0.2219417,-0.2499982,0.0015));
#3163=CARTESIAN_POINT('',(0.2219417,-0.2499982,0.0015));
#3164=CARTESIAN_POINT('',(0.2219417,-0.2474982,0.0015));
#3165=CARTESIAN_POINT('',(0.2244417,-0.2474982,0.0015));
#3166=CARTESIAN_POINT('',(0.2244417,-0.2474982,0.0015));
#3167=CARTESIAN_POINT('',(0.2244417,-0.2436409,0.0015));
#3168=CARTESIAN_POINT('',(0.2244417,-0.1769951,0.));
#3169=CARTESIAN_POINT('',(0.2244417,-0.2441909,0.));
#3170=CARTESIAN_POINT('',(0.2244417,-0.24681955,0.0015));
#3171=CARTESIAN_POINT('',(0.2244417,-0.2441909,0.0015));
#3172=CARTESIAN_POINT('',(0.2244417,-0.2441909,0.));
#3173=CARTESIAN_POINT('',(0.2214423,-0.24681955,0.0015));
#3174=CARTESIAN_POINT('',(0.51291809273402,-0.2441909,0.0015));
#3175=CARTESIAN_POINT('',(0.2184429,-0.2441909,0.0015));
#3176=CARTESIAN_POINT('',(0.2219417,-0.2499982,0.0015));
#3177=CARTESIAN_POINT('',(0.2209429,-0.2499982,0.0015));
#3178=CARTESIAN_POINT('',(0.2209429,-0.2474982,0.0015));
#3179=CARTESIAN_POINT('',(0.2184429,-0.2474982,0.0015));
#3180=CARTESIAN_POINT('',(0.2184429,-0.2474982,0.0015));
#3181=CARTESIAN_POINT('',(0.2219417,-0.2499982,0.0015));
#3182=CARTESIAN_POINT('',(0.2944627,-0.2499982,0.));
#3183=CARTESIAN_POINT('',(0.2209429,-0.2499982,0.));
#3184=CARTESIAN_POINT('',(0.2209429,-0.2499982,0.0015));
#3185=CARTESIAN_POINT('',(0.2184429,-0.2474982,0.0015));
#3186=CARTESIAN_POINT('',(0.2184429,-0.1769951,0.));
#3187=CARTESIAN_POINT('',(0.2184429,-0.2441909,0.));
#3188=CARTESIAN_POINT('',(0.2184429,-0.2474982,0.));
#3189=CARTESIAN_POINT('',(0.2184429,-0.2441909,0.));
#3190=CARTESIAN_POINT('',(0.2184429,-0.2474982,0.0015));
#3191=CARTESIAN_POINT('',(0.2209429,-0.2474982,0.0015));
#3192=CARTESIAN_POINT('',(0.2209429,-0.2474982,0.));
#3193=CARTESIAN_POINT('',(0.3933809,-0.2474982,0.0015));
#3194=CARTESIAN_POINT('',(0.3933809,-0.2474982,0.));
#3195=CARTESIAN_POINT('',(0.3933809,-0.2499982,0.));
#3196=CARTESIAN_POINT('',(0.3958809,-0.2474982,0.));
#3197=CARTESIAN_POINT('',(0.3933809,-0.2499982,0.0015));
#3198=CARTESIAN_POINT('',(0.3933809,-0.2499982,0.0015));
#3199=CARTESIAN_POINT('',(0.3933809,-0.2474982,0.0015));
#3200=CARTESIAN_POINT('',(0.3958809,-0.2474982,0.0015));
#3201=CARTESIAN_POINT('',(0.3958809,-0.2474982,0.0015));
#3202=CARTESIAN_POINT('',(0.3958809,-0.2436409,0.0015));
#3203=CARTESIAN_POINT('',(0.3958809,-0.1769951,0.));
#3204=CARTESIAN_POINT('',(0.3958809,-0.2441909,0.));
#3205=CARTESIAN_POINT('',(0.3958809,-0.24681955,0.0015));
#3206=CARTESIAN_POINT('',(0.3958809,-0.2441909,0.0015));
#3207=CARTESIAN_POINT('',(0.3958809,-0.2441909,0.));
#3208=CARTESIAN_POINT('',(0.3928815,-0.24681955,0.0015));
#3209=CARTESIAN_POINT('',(0.51291809273402,-0.2441909,0.0015));
#3210=CARTESIAN_POINT('',(0.3898821,-0.2441909,0.0015));
#3211=CARTESIAN_POINT('',(0.3928815,-0.2499982,0.0015));
#3212=CARTESIAN_POINT('',(0.3923821,-0.2499982,0.0015));
#3213=CARTESIAN_POINT('',(0.3923821,-0.2474982,0.0015));
#3214=CARTESIAN_POINT('',(0.3898821,-0.2474982,0.0015));
#3215=CARTESIAN_POINT('',(0.3898821,-0.2474982,0.0015));
#3216=CARTESIAN_POINT('',(0.3933809,-0.2499982,0.0015));
#3217=CARTESIAN_POINT('',(0.2944627,-0.2499982,0.));
#3218=CARTESIAN_POINT('',(0.3923821,-0.2499982,0.));
#3219=CARTESIAN_POINT('',(0.3923821,-0.2499982,0.0015));
#3220=CARTESIAN_POINT('',(0.3898821,-0.2474982,0.0015));
#3221=CARTESIAN_POINT('',(0.3898821,-0.1769951,0.));
#3222=CARTESIAN_POINT('',(0.3898821,-0.2441909,0.));
#3223=CARTESIAN_POINT('',(0.3898821,-0.2474982,0.));
#3224=CARTESIAN_POINT('',(0.3898821,-0.2441909,0.));
#3225=CARTESIAN_POINT('',(0.3898821,-0.2474982,0.0015));
#3226=CARTESIAN_POINT('',(0.3923821,-0.2474982,0.0015));
#3227=CARTESIAN_POINT('',(0.3923821,-0.2474982,0.));
#3228=CARTESIAN_POINT('',(0.3041625,-0.1103493,0.0015));
#3229=CARTESIAN_POINT('',(0.3041625,-0.1769951,0.));
#3230=CARTESIAN_POINT('',(0.3041625,-0.106492,0.));
#3231=CARTESIAN_POINT('',(0.3041625,-0.1097993,0.));
#3232=CARTESIAN_POINT('',(0.3041625,-0.106492,0.0015));
#3233=CARTESIAN_POINT('',(0.3041625,-0.106492,0.0015));
#3234=CARTESIAN_POINT('',(0.3041625,-0.10717065,0.0015));
#3235=CARTESIAN_POINT('',(0.3041625,-0.1097993,0.0015));
#3236=CARTESIAN_POINT('',(0.3041625,-0.1097993,0.));
#3237=CARTESIAN_POINT('',(0.3071619,-0.10717065,0.0015));
#3238=CARTESIAN_POINT('',(0.07600730726598,-0.1097993,0.0015));
#3239=CARTESIAN_POINT('',(0.3101613,-0.1097993,0.0015));
#3240=CARTESIAN_POINT('',(0.3066625,-0.106492,0.0015));
#3241=CARTESIAN_POINT('',(0.3066625,-0.103992,0.0015));
#3242=CARTESIAN_POINT('',(0.3071619,-0.103992,0.0015));
#3243=CARTESIAN_POINT('',(0.3076613,-0.103992,0.0015));
#3244=CARTESIAN_POINT('',(0.3076613,-0.106492,0.0015));
#3245=CARTESIAN_POINT('',(0.3101613,-0.106492,0.0015));
#3246=CARTESIAN_POINT('',(0.3101613,-0.106492,0.0015));
#3247=CARTESIAN_POINT('',(0.3101613,-0.106492,0.0015));
#3248=CARTESIAN_POINT('',(0.3101613,-0.1097993,0.));
#3249=CARTESIAN_POINT('',(0.3101613,-0.1097993,0.));
#3250=CARTESIAN_POINT('',(0.3101613,-0.106492,0.0015));
#3251=CARTESIAN_POINT('',(0.3101613,-0.106492,0.));
#3252=CARTESIAN_POINT('',(0.3101613,-0.1769951,0.));
#3253=CARTESIAN_POINT('',(0.3066625,-0.103992,0.0015));
#3254=CARTESIAN_POINT('',(0.2944627,-0.103992,0.));
#3255=CARTESIAN_POINT('',(0.3076613,-0.103992,0.));
#3256=CARTESIAN_POINT('',(0.3066625,-0.103992,0.));
#3257=CARTESIAN_POINT('',(0.3076613,-0.103992,0.0015));
#3258=CARTESIAN_POINT('',(0.3066625,-0.103992,0.0015));
#3259=CARTESIAN_POINT('',(0.3066625,-0.106492,0.0015));
#3260=CARTESIAN_POINT('',(0.3066625,-0.106492,0.));
#3261=CARTESIAN_POINT('',(0.3076613,-0.106492,0.0015));
#3262=CARTESIAN_POINT('',(0.3076613,-0.106492,0.));
#3263=CARTESIAN_POINT('',(0.2184429,-0.1103493,0.0015));
#3264=CARTESIAN_POINT('',(0.2184429,-0.1769951,0.));
#3265=CARTESIAN_POINT('',(0.2184429,-0.106492,0.));
#3266=CARTESIAN_POINT('',(0.2184429,-0.1097993,0.));
#3267=CARTESIAN_POINT('',(0.2184429,-0.106492,0.0015));
#3268=CARTESIAN_POINT('',(0.2184429,-0.106492,0.0015));
#3269=CARTESIAN_POINT('',(0.2184429,-0.10717065,0.0015));
#3270=CARTESIAN_POINT('',(0.2184429,-0.1097993,0.0015));
#3271=CARTESIAN_POINT('',(0.2184429,-0.1097993,0.));
#3272=CARTESIAN_POINT('',(0.2214423,-0.10717065,0.0015));
#3273=CARTESIAN_POINT('',(0.07600730726598,-0.1097993,0.0015));
#3274=CARTESIAN_POINT('',(0.2244417,-0.1097993,0.0015));
#3275=CARTESIAN_POINT('',(0.2209429,-0.106492,0.0015));
#3276=CARTESIAN_POINT('',(0.2209429,-0.103992,0.0015));
#3277=CARTESIAN_POINT('',(0.2214423,-0.103992,0.0015));
#3278=CARTESIAN_POINT('',(0.2219417,-0.103992,0.0015));
#3279=CARTESIAN_POINT('',(0.2219417,-0.106492,0.0015));
#3280=CARTESIAN_POINT('',(0.2244417,-0.106492,0.0015));
#3281=CARTESIAN_POINT('',(0.2244417,-0.106492,0.0015));
#3282=CARTESIAN_POINT('',(0.2244417,-0.106492,0.0015));
#3283=CARTESIAN_POINT('',(0.2244417,-0.1097993,0.));
#3284=CARTESIAN_POINT('',(0.2244417,-0.1097993,0.));
#3285=CARTESIAN_POINT('',(0.2244417,-0.106492,0.0015));
#3286=CARTESIAN_POINT('',(0.2244417,-0.106492,0.));
#3287=CARTESIAN_POINT('',(0.2244417,-0.1769951,0.));
#3288=CARTESIAN_POINT('',(0.2209429,-0.103992,0.0015));
#3289=CARTESIAN_POINT('',(0.2944627,-0.103992,0.));
#3290=CARTESIAN_POINT('',(0.2219417,-0.103992,0.));
#3291=CARTESIAN_POINT('',(0.2209429,-0.103992,0.));
#3292=CARTESIAN_POINT('',(0.2219417,-0.103992,0.0015));
#3293=CARTESIAN_POINT('',(0.2209429,-0.103992,0.0015));
#3294=CARTESIAN_POINT('',(0.2209429,-0.106492,0.0015));
#3295=CARTESIAN_POINT('',(0.2209429,-0.106492,0.));
#3296=CARTESIAN_POINT('',(0.2219417,-0.106492,0.0015));
#3297=CARTESIAN_POINT('',(0.2219417,-0.106492,0.));
#3298=CARTESIAN_POINT('',(0.4791005,-0.2474982,0.0015));
#3299=CARTESIAN_POINT('',(0.4791005,-0.2474982,0.));
#3300=CARTESIAN_POINT('',(0.4791005,-0.2499982,0.));
#3301=CARTESIAN_POINT('',(0.4816005,-0.2474982,0.));
#3302=CARTESIAN_POINT('',(0.4791005,-0.2499982,0.0015));
#3303=CARTESIAN_POINT('',(0.4791005,-0.2499982,0.0015));
#3304=CARTESIAN_POINT('',(0.4791005,-0.2474982,0.0015));
#3305=CARTESIAN_POINT('',(0.4816005,-0.2474982,0.0015));
#3306=CARTESIAN_POINT('',(0.4816005,-0.2474982,0.0015));
#3307=CARTESIAN_POINT('',(0.4816005,-0.2436409,0.0015));
#3308=CARTESIAN_POINT('',(0.4816005,-0.1769951,0.));
#3309=CARTESIAN_POINT('',(0.4816005,-0.2441909,0.));
#3310=CARTESIAN_POINT('',(0.4816005,-0.24681955,0.0015));
#3311=CARTESIAN_POINT('',(0.4816005,-0.2441909,0.0015));
#3312=CARTESIAN_POINT('',(0.4816005,-0.2441909,0.));
#3313=CARTESIAN_POINT('',(0.4786011,-0.24681955,0.0015));
#3314=CARTESIAN_POINT('',(0.51291809273402,-0.2441909,0.0015));
#3315=CARTESIAN_POINT('',(0.4756017,-0.2441909,0.0015));
#3316=CARTESIAN_POINT('',(0.4786011,-0.2499982,0.0015));
#3317=CARTESIAN_POINT('',(0.4781017,-0.2499982,0.0015));
#3318=CARTESIAN_POINT('',(0.4781017,-0.2474982,0.0015));
#3319=CARTESIAN_POINT('',(0.4756017,-0.2474982,0.0015));
#3320=CARTESIAN_POINT('',(0.4756017,-0.2474982,0.0015));
#3321=CARTESIAN_POINT('',(0.4791005,-0.2499982,0.0015));
#3322=CARTESIAN_POINT('',(0.2944627,-0.2499982,0.));
#3323=CARTESIAN_POINT('',(0.4781017,-0.2499982,0.));
#3324=CARTESIAN_POINT('',(0.4781017,-0.2499982,0.0015));
#3325=CARTESIAN_POINT('',(0.4756017,-0.2474982,0.0015));
#3326=CARTESIAN_POINT('',(0.4756017,-0.1769951,0.));
#3327=CARTESIAN_POINT('',(0.4756017,-0.2441909,0.));
#3328=CARTESIAN_POINT('',(0.4756017,-0.2474982,0.));
#3329=CARTESIAN_POINT('',(0.4756017,-0.2441909,0.));
#3330=CARTESIAN_POINT('',(0.4756017,-0.2474982,0.0015));
#3331=CARTESIAN_POINT('',(0.4781017,-0.2474982,0.0015));
#3332=CARTESIAN_POINT('',(0.4781017,-0.2474982,0.));
#3333=CARTESIAN_POINT('',(0.1362221,-0.2474982,0.0015));
#3334=CARTESIAN_POINT('',(0.1362221,-0.2474982,0.));
#3335=CARTESIAN_POINT('',(0.1362221,-0.2499982,0.));
#3336=CARTESIAN_POINT('',(0.1387221,-0.2474982,0.));
#3337=CARTESIAN_POINT('',(0.1362221,-0.2499982,0.0015));
#3338=CARTESIAN_POINT('',(0.1362221,-0.2499982,0.0015));
#3339=CARTESIAN_POINT('',(0.1362221,-0.2474982,0.0015));
#3340=CARTESIAN_POINT('',(0.1387221,-0.2474982,0.0015));
#3341=CARTESIAN_POINT('',(0.1387221,-0.2474982,0.0015));
#3342=CARTESIAN_POINT('',(0.1387221,-0.2436409,0.0015));
#3343=CARTESIAN_POINT('',(0.1387221,-0.1769951,0.));
#3344=CARTESIAN_POINT('',(0.1387221,-0.2441909,0.));
#3345=CARTESIAN_POINT('',(0.1387221,-0.24681955,0.0015));
#3346=CARTESIAN_POINT('',(0.1387221,-0.2441909,0.0015));
#3347=CARTESIAN_POINT('',(0.1387221,-0.2441909,0.));
#3348=CARTESIAN_POINT('',(0.1357227,-0.24681955,0.0015));
#3349=CARTESIAN_POINT('',(0.51291809273402,-0.2441909,0.0015));
#3350=CARTESIAN_POINT('',(0.1327233,-0.2441909,0.0015));
#3351=CARTESIAN_POINT('',(0.1362221,-0.2499982,0.0015));
#3352=CARTESIAN_POINT('',(0.1352233,-0.2499982,0.0015));
#3353=CARTESIAN_POINT('',(0.1352233,-0.2474982,0.0015));
#3354=CARTESIAN_POINT('',(0.1327233,-0.2474982,0.0015));
#3355=CARTESIAN_POINT('',(0.1327233,-0.2474982,0.0015));
#3356=CARTESIAN_POINT('',(0.1362221,-0.2499982,0.0015));
#3357=CARTESIAN_POINT('',(0.2944627,-0.2499982,0.));
#3358=CARTESIAN_POINT('',(0.1352233,-0.2499982,0.));
#3359=CARTESIAN_POINT('',(0.1352233,-0.2499982,0.0015));
#3360=CARTESIAN_POINT('',(0.1327233,-0.2474982,0.0015));
#3361=CARTESIAN_POINT('',(0.1327233,-0.1769951,0.));
#3362=CARTESIAN_POINT('',(0.1327233,-0.2441909,0.));
#3363=CARTESIAN_POINT('',(0.1327233,-0.2474982,0.));
#3364=CARTESIAN_POINT('',(0.1327233,-0.2441909,0.));
#3365=CARTESIAN_POINT('',(0.1327233,-0.2474982,0.0015));
#3366=CARTESIAN_POINT('',(0.1352233,-0.2474982,0.0015));
#3367=CARTESIAN_POINT('',(0.1352233,-0.2474982,0.));
#3368=CARTESIAN_POINT('',(0.07600730726598,-0.1097993,0.));
#3369=CARTESIAN_POINT('',(0.2944627,-0.1097993,0.));
#3370=CARTESIAN_POINT('',(0.2944627,-0.1097993,0.));
#3371=CARTESIAN_POINT('',(0.51443,-0.1097993,0.));
#3372=CARTESIAN_POINT('',(0.51443,-0.1097993,0.));
#3373=CARTESIAN_POINT('',(0.51443,-0.1097993,0.0075));
#3374=CARTESIAN_POINT('',(0.18523500363299,-0.1097993,0.0075));
#3375=CARTESIAN_POINT('',(0.0744954,-0.1097993,0.0075));
#3376=CARTESIAN_POINT('',(0.0744954,-0.1097993,0.));
#3377=CARTESIAN_POINT('',(0.0744954,-0.1097993,0.));
#3378=CARTESIAN_POINT('',(0.2944627,-0.1097993,0.));
#3379=CARTESIAN_POINT('',(0.2944627,-0.1097993,0.));
#3380=CARTESIAN_POINT('',(0.2944627,-0.1097993,0.));
#3381=CARTESIAN_POINT('',(0.2944627,-0.1097993,0.));
#3382=CARTESIAN_POINT('',(0.51291809273402,-0.2441909,0.));
#3383=CARTESIAN_POINT('',(0.2944627,-0.2441909,0.));
#3384=CARTESIAN_POINT('',(0.2944627,-0.2441909,0.));
#3385=CARTESIAN_POINT('',(0.2944627,-0.2441909,0.));
#3386=CARTESIAN_POINT('',(0.0744954,-0.2441909,0.));
#3387=CARTESIAN_POINT('',(0.0744954,-0.2441909,0.));
#3388=CARTESIAN_POINT('',(0.0744954,-0.2441909,0.0075));
#3389=CARTESIAN_POINT('',(0.40369039636701,-0.2441909,0.0075));
#3390=CARTESIAN_POINT('',(0.51443,-0.2441909,0.0075));
#3391=CARTESIAN_POINT('',(0.51443,-0.2441909,0.));
#3392=CARTESIAN_POINT('',(0.51443,-0.2441909,0.));
#3393=CARTESIAN_POINT('',(0.2944627,-0.2441909,0.));
#3394=CARTESIAN_POINT('',(0.2944627,-0.2441909,0.));
#3395=CARTESIAN_POINT('',(0.2944627,-0.2441909,0.));
#3396=CARTESIAN_POINT('',(0.51693,-0.14515315363299,0.008));
#3397=CARTESIAN_POINT('',(0.51693,-0.2421909,0.008));
#3398=CARTESIAN_POINT('',(0.51643,-0.2421909,0.0075));
#3399=CARTESIAN_POINT('',(0.51743,-0.2421909,0.0085));
#3400=CARTESIAN_POINT('',(0.51743,-0.14515315363299,0.0085));
#3401=CARTESIAN_POINT('',(0.51743,-0.1117993,0.0085));
#3402=CARTESIAN_POINT('',(0.51693,-0.1117993,0.008));
#3403=CARTESIAN_POINT('',(0.51643,-0.1117993,0.0075));
#3404=CARTESIAN_POINT('',(0.51643,-0.14515315363299,0.0075));
#3405=CARTESIAN_POINT('',(0.51443,-0.2421909,0.008));
#3406=CARTESIAN_POINT('',(0.51443,-0.2421909,0.0075));
#3407=CARTESIAN_POINT('',(0.51443,-0.2446909,0.008));
#3408=CARTESIAN_POINT('',(0.51443,-0.2451909,0.0085));
#3409=CARTESIAN_POINT('',(0.51443,-0.2421909,0.0085));
#3410=CARTESIAN_POINT('',(0.40369039636701,-0.2446909,0.008));
#3411=CARTESIAN_POINT('',(0.0744954,-0.2446909,0.008));
#3412=CARTESIAN_POINT('',(0.0744954,-0.2451909,0.0085));
#3413=CARTESIAN_POINT('',(0.40369039636701,-0.2451909,0.0085));
#3414=CARTESIAN_POINT('',(0.0744954,-0.2421909,0.008));
#3415=CARTESIAN_POINT('',(0.0744954,-0.2421909,0.0075));
#3416=CARTESIAN_POINT('',(0.0724954,-0.2421909,0.0075));
#3417=CARTESIAN_POINT('',(0.0719954,-0.2421909,0.008));
#3418=CARTESIAN_POINT('',(0.0714954,-0.2421909,0.0085));
#3419=CARTESIAN_POINT('',(0.0744954,-0.2421909,0.0085));
#3420=CARTESIAN_POINT('',(0.0719954,-0.20883704636701,0.008));
#3421=CARTESIAN_POINT('',(0.0719954,-0.1117993,0.008));
#3422=CARTESIAN_POINT('',(0.0724954,-0.1117993,0.0075));
#3423=CARTESIAN_POINT('',(0.0714954,-0.1117993,0.0085));
#3424=CARTESIAN_POINT('',(0.0714954,-0.20883704636701,0.0085));
#3425=CARTESIAN_POINT('',(0.0724954,-0.20883704636701,0.0075));
#3426=CARTESIAN_POINT('',(0.0744954,-0.1117993,0.008));
#3427=CARTESIAN_POINT('',(0.0744954,-0.1117993,0.0075));
#3428=CARTESIAN_POINT('',(0.0744954,-0.1092993,0.008));
#3429=CARTESIAN_POINT('',(0.0744954,-0.1087993,0.0085));
#3430=CARTESIAN_POINT('',(0.0744954,-0.1117993,0.0085));
#3431=CARTESIAN_POINT('',(0.18523500363299,-0.1092993,0.008));
#3432=CARTESIAN_POINT('',(0.51443,-0.1092993,0.008));
#3433=CARTESIAN_POINT('',(0.51443,-0.1087993,0.0085));
#3434=CARTESIAN_POINT('',(0.18523500363299,-0.1087993,0.0085));
#3435=CARTESIAN_POINT('',(0.51443,-0.1117993,0.008));
#3436=CARTESIAN_POINT('',(0.51443,-0.1117993,0.0075));
#3437=CARTESIAN_POINT('',(0.51443,-0.1117993,0.0085));
#3438=CARTESIAN_POINT('',(0.0744954,-0.2421909,0.));
#3439=CARTESIAN_POINT('',(0.0744954,-0.2421909,0.));
#3440=CARTESIAN_POINT('',(0.0724954,-0.2421909,0.));
#3441=CARTESIAN_POINT('',(0.0724954,-0.2421909,0.));
#3442=CARTESIAN_POINT('',(0.51443,-0.2421909,0.));
#3443=CARTESIAN_POINT('',(0.51643,-0.2421909,0.));
#3444=CARTESIAN_POINT('',(0.51643,-0.2421909,0.));
#3445=CARTESIAN_POINT('',(0.51443,-0.2421909,0.));
#3446=CARTESIAN_POINT('',(0.51643,-0.113311207265979,0.));
#3447=CARTESIAN_POINT('',(0.51643,-0.1117993,0.));
#3448=CARTESIAN_POINT('',(0.51643,-0.1117993,0.));
#3449=CARTESIAN_POINT('',(0.51643,-0.1769951,0.));
#3450=CARTESIAN_POINT('',(0.2944627,-0.1769951,0.0085));
#3451=CARTESIAN_POINT('',(0.52338,-0.209131191497229,0.0085));
#3452=CARTESIAN_POINT('',(0.52338,-0.1068493,0.0085));
#3453=CARTESIAN_POINT('',(0.52338,-0.2471409,0.0085));
#3454=CARTESIAN_POINT('',(0.51938,-0.1068493,0.0085));
#3455=CARTESIAN_POINT('',(0.51938,-0.1028493,0.0085));
#3456=CARTESIAN_POINT('',(0.403984541497228,-0.1028493,0.0085));
#3457=CARTESIAN_POINT('',(0.0695454,-0.1028493,0.0085));
#3458=CARTESIAN_POINT('',(0.0695454,-0.1068493,0.0085));
#3459=CARTESIAN_POINT('',(0.0655454,-0.1068493,0.0085));
#3460=CARTESIAN_POINT('',(0.0655454,-0.144859008502772,0.0085));
#3461=CARTESIAN_POINT('',(0.0655454,-0.2471409,0.0085));
#3462=CARTESIAN_POINT('',(0.0695454,-0.2471409,0.0085));
#3463=CARTESIAN_POINT('',(0.0695454,-0.2511409,0.0085));
#3464=CARTESIAN_POINT('',(0.184940858502771,-0.2511409,0.0085));
#3465=CARTESIAN_POINT('',(0.51938,-0.2511409,0.0085));
#3466=CARTESIAN_POINT('',(0.51938,-0.2471409,0.0085));
#3467=CARTESIAN_POINT('',(0.51443,-0.1117993,0.));
#3468=CARTESIAN_POINT('',(0.51443,-0.1117993,0.));
#3469=CARTESIAN_POINT('',(0.0744954,-0.1117993,0.));
#3470=CARTESIAN_POINT('',(0.0724954,-0.1117993,0.));
#3471=CARTESIAN_POINT('',(0.0724954,-0.1117993,0.));
#3472=CARTESIAN_POINT('',(0.0744954,-0.1117993,0.));
#3473=CARTESIAN_POINT('',(0.0724954,-0.24067899273402,0.));
#3474=CARTESIAN_POINT('',(0.0724954,-0.1769951,0.));
#3475=CARTESIAN_POINT('',(0.2944627,-0.1769951,0.));
#3476=CARTESIAN_POINT('',(0.0695454,-0.1068493,0.));
#3477=CARTESIAN_POINT('',(0.0695454,-0.1018493,0.));
#3478=CARTESIAN_POINT('',(0.0645454,-0.1068493,0.));
#3479=CARTESIAN_POINT('',(0.2944627,-0.1018493,0.));
#3480=CARTESIAN_POINT('',(0.51938,-0.1018493,0.));
#3481=CARTESIAN_POINT('',(0.51938,-0.1068493,0.));
#3482=CARTESIAN_POINT('',(0.52438,-0.1068493,0.));
#3483=CARTESIAN_POINT('',(0.52438,-0.1769951,0.));
#3484=CARTESIAN_POINT('',(0.52438,-0.2471409,0.));
#3485=CARTESIAN_POINT('',(0.51938,-0.2471409,0.));
#3486=CARTESIAN_POINT('',(0.51938,-0.2521409,0.));
#3487=CARTESIAN_POINT('',(0.2944627,-0.2521409,0.));
#3488=CARTESIAN_POINT('',(0.0695454,-0.2521409,0.));
#3489=CARTESIAN_POINT('',(0.0695454,-0.2471409,0.));
#3490=CARTESIAN_POINT('',(0.0645454,-0.2471409,0.));
#3491=CARTESIAN_POINT('',(0.0645454,-0.1769951,0.));
#3492=CARTESIAN_POINT('',(0.51988,-0.2476409,0.));
#3493=CARTESIAN_POINT('',(0.5211445,-0.2476409,0.));
#3494=CARTESIAN_POINT('',(0.51988,-0.1063493,0.));
#3495=CARTESIAN_POINT('',(0.5211445,-0.1063493,0.));
#3496=CARTESIAN_POINT('',(0.0690454,-0.1063493,0.));
#3497=CARTESIAN_POINT('',(0.0703099,-0.1063493,0.));
#3498=CARTESIAN_POINT('',(0.0690454,-0.2476409,0.));
#3499=CARTESIAN_POINT('',(0.0703099,-0.2476409,0.));
#3500=CARTESIAN_POINT('',(0.52388,-0.209131191497229,0.008));
#3501=CARTESIAN_POINT('',(0.52388,-0.2471409,0.008));
#3502=CARTESIAN_POINT('',(0.52438,-0.2471409,0.0075));
#3503=CARTESIAN_POINT('',(0.52438,-0.209131191497229,0.0075));
#3504=CARTESIAN_POINT('',(0.52438,-0.1068493,0.0075));
#3505=CARTESIAN_POINT('',(0.52388,-0.1068493,0.008));
#3506=CARTESIAN_POINT('',(0.51938,-0.2471409,0.008));
#3507=CARTESIAN_POINT('',(0.51938,-0.2516409,0.008));
#3508=CARTESIAN_POINT('',(0.51938,-0.2521409,0.0075));
#3509=CARTESIAN_POINT('',(0.51938,-0.2471409,0.0075));
#3510=CARTESIAN_POINT('',(0.184940858502771,-0.2516409,0.008));
#3511=CARTESIAN_POINT('',(0.0695454,-0.2516409,0.008));
#3512=CARTESIAN_POINT('',(0.0695454,-0.2521409,0.0075));
#3513=CARTESIAN_POINT('',(0.184940858502771,-0.2521409,0.0075));
#3514=CARTESIAN_POINT('',(0.0695454,-0.2471409,0.008));
#3515=CARTESIAN_POINT('',(0.0650454,-0.2471409,0.008));
#3516=CARTESIAN_POINT('',(0.0645454,-0.2471409,0.0075));
#3517=CARTESIAN_POINT('',(0.0695454,-0.2471409,0.0075));
#3518=CARTESIAN_POINT('',(0.0650454,-0.144859008502772,0.008));
#3519=CARTESIAN_POINT('',(0.0650454,-0.1068493,0.008));
#3520=CARTESIAN_POINT('',(0.0645454,-0.1068493,0.0075));
#3521=CARTESIAN_POINT('',(0.0645454,-0.144859008502772,0.0075));
#3522=CARTESIAN_POINT('',(0.0695454,-0.1068493,0.008));
#3523=CARTESIAN_POINT('',(0.0695454,-0.1023493,0.008));
#3524=CARTESIAN_POINT('',(0.0695454,-0.1018493,0.0075));
#3525=CARTESIAN_POINT('',(0.0695454,-0.1068493,0.0075));
#3526=CARTESIAN_POINT('',(0.403984541497228,-0.1023493,0.008));
#3527=CARTESIAN_POINT('',(0.51938,-0.1023493,0.008));
#3528=CARTESIAN_POINT('',(0.51938,-0.1018493,0.0075));
#3529=CARTESIAN_POINT('',(0.403984541497228,-0.1018493,0.0075));
#3530=CARTESIAN_POINT('',(0.51938,-0.1068493,0.008));
#3531=CARTESIAN_POINT('',(0.51938,-0.1068493,0.0075));
#3532=CARTESIAN_POINT('',(0.0695454,-0.1068493,0.));
#3533=CARTESIAN_POINT('',(0.0695454,-0.1018493,0.));
#3534=CARTESIAN_POINT('',(0.0645454,-0.1068493,0.));
#3535=CARTESIAN_POINT('',(0.513506382994457,-0.1018493,0.));
#3536=CARTESIAN_POINT('',(0.51938,-0.1018493,0.));
#3537=CARTESIAN_POINT('',(0.51938,-0.1068493,0.));
#3538=CARTESIAN_POINT('',(0.52438,-0.1068493,0.));
#3539=CARTESIAN_POINT('',(0.52438,-0.241267282994458,0.));
#3540=CARTESIAN_POINT('',(0.52438,-0.2471409,0.));
#3541=CARTESIAN_POINT('',(0.0645454,-0.112722917005543,0.));
#3542=CARTESIAN_POINT('',(0.0645454,-0.2471409,0.));
#3543=CARTESIAN_POINT('',(0.0695454,-0.2471409,0.));
#3544=CARTESIAN_POINT('',(0.0695454,-0.2521409,0.));
#3545=CARTESIAN_POINT('',(0.51938,-0.2471409,0.));
#3546=CARTESIAN_POINT('',(0.51938,-0.2521409,0.));
#3547=CARTESIAN_POINT('',(0.51988,-0.2476409,0.003));
#3548=CARTESIAN_POINT('',(0.51988,-0.2476409,0.006));
#3549=CARTESIAN_POINT('',(0.5211445,-0.2476409,0.006));
#3550=CARTESIAN_POINT('',(0.51988,-0.2476409,0.006));
#3551=CARTESIAN_POINT('',(0.51988,-0.1063493,0.003));
#3552=CARTESIAN_POINT('',(0.51988,-0.1063493,0.006));
#3553=CARTESIAN_POINT('',(0.5211445,-0.1063493,0.006));
#3554=CARTESIAN_POINT('',(0.51988,-0.1063493,0.006));
#3555=CARTESIAN_POINT('',(0.0690454,-0.1063493,0.003));
#3556=CARTESIAN_POINT('',(0.0690454,-0.1063493,0.006));
#3557=CARTESIAN_POINT('',(0.0703099,-0.1063493,0.006));
#3558=CARTESIAN_POINT('',(0.0690454,-0.1063493,0.006));
#3559=CARTESIAN_POINT('',(0.0690454,-0.2476409,0.003));
#3560=CARTESIAN_POINT('',(0.0690454,-0.2476409,0.006));
#3561=CARTESIAN_POINT('',(0.0703099,-0.2476409,0.006));
#3562=CARTESIAN_POINT('',(0.0690454,-0.2476409,0.006));
#3563=CARTESIAN_POINT('',(0.075419017005543,-0.2521409,0.));
#3564=MECHANICAL_DESIGN_GEOMETRIC_PRESENTATION_REPRESENTATION('',(#2105),
#3565);
#3565=(
GEOMETRIC_REPRESENTATION_CONTEXT(3)
GLOBAL_UNCERTAINTY_ASSIGNED_CONTEXT((#3566))
GLOBAL_UNIT_ASSIGNED_CONTEXT((#3569,#3568,#3567))
REPRESENTATION_CONTEXT('Top','TOP_LEVEL_ASSEMBLY_PART')
);
#3566=UNCERTAINTY_MEASURE_WITH_UNIT(LENGTH_MEASURE(1.E-8),#3569,
'DISTANCE_ACCURACY_VALUE','Maximum Tolerance applied to model');
#3567=(
NAMED_UNIT(*)
SI_UNIT($,.STERADIAN.)
SOLID_ANGLE_UNIT()
);
#3568=(
NAMED_UNIT(*)
PLANE_ANGLE_UNIT()
SI_UNIT($,.RADIAN.)
);
#3569=(
LENGTH_UNIT()
NAMED_UNIT(*)
SI_UNIT($,.METRE.)
);
#3570=PRODUCT_DEFINITION_SHAPE('','',#3571);
#3571=PRODUCT_DEFINITION('','',#3573,#3572);
#3572=PRODUCT_DEFINITION_CONTEXT('',#3579,'design');
#3573=PRODUCT_DEFINITION_FORMATION_WITH_SPECIFIED_SOURCE('','',#3575,
 .NOT_KNOWN.);
#3574=PRODUCT_RELATED_PRODUCT_CATEGORY('','',(#3575));
#3575=PRODUCT('Top','Top','Top',(#3577));
#3576=PRODUCT_CATEGORY('','');
#3577=PRODUCT_CONTEXT('',#3579,'mechanical');
#3578=APPLICATION_PROTOCOL_DEFINITION('international standard',
'ap242_managed_model_based_3d_engineering',2020,#3579);
#3579=APPLICATION_CONTEXT('managed model based 3d engineering');
ENDSEC;
END-ISO-10303-21;
